"Id","Path","Slice Name","Alias(s)","Label","Min","Max","Must Support?","Is Modifier?","Is Summary?","Type(s)","Short","Definition","Comments","Requirements","Default Value","Meaning When Missing","Fixed Value","Pattern","Example","Minimum Value","Maximum Value","Maximum Length","Binding Strength","Binding Description","Binding Value Set","Code","Slicing Discriminator","Slicing Description","Slicing Ordered","Slicing Rules","Base Path","Base Min","Base Max","Condition(s)","Constraint(s)","Mapping: RIM Mapping"
"EHDSProcedure","EHDSProcedure","","","",0,*,"","","","null {[]} {[]}
","Procedure model","EHDS refined base model for an action that is or was performed on or for a patient","","","","","","","","","",,,,,"",,,,"Base",0,*,"","","n/a"
"EHDSProcedure.header","EHDSProcedure.header","","","",1,1,"","","","Base {[]} {[]}
","Basic metadata for this information","Basic metadata for this information","","","","","","","","","",,,,,"",,,,"EHDSDataSet.header",1,1,"",""
"EHDSProcedure.header.subject","EHDSProcedure.header.subject","","","",1,1,"","","","http://www.xt-ehr.eu/fhir/models/StructureDefinition/EHDSPatient {[]} {[]}
","Patient/subject information","Patient/subject information","","","","","","","","","",,,,,"",,,,"EHDSDataSet.header.subject",1,1,"",""
"EHDSProcedure.header.identifier","EHDSProcedure.header.identifier","","","",0,*,"","","","Identifier {[]} {[]}
","Business identifier for the object, unique within its system. Supporting disambiguation between different contexts (systems/countries).","Business identifier for the object, unique within its system. Supporting disambiguation between different contexts (systems/countries).","","","","","","","","","",,,,,"",,,,"EHDSDataSet.header.identifier",0,*,"",""
"EHDSProcedure.header.author[x]","EHDSProcedure.header.author[x]","","","",0,*,"","","","http://www.xt-ehr.eu/fhir/models/StructureDefinition/EHDSHealthProfessional {[]} {[]}
http://www.xt-ehr.eu/fhir/models/StructureDefinition/EHDSOrganisation {[]} {[]}http://www.xt-ehr.eu/fhir/models/StructureDefinition/EHDSDevice {[]} {[]}","Author(s) responsible for the provided information.","Author(s) responsible for the provided information. The exact role of the responsible author varies across use cases and is specific to individual models.","","","","","","","","","",,,,,"",,,,"EHDSDataSet.header.author[x]",0,*,"",""
"EHDSProcedure.header.date","EHDSProcedure.header.date","","","",0,1,"","","","dateTime {[]} {[]}
","Date and optionally time of authoring/issuing","Date and optionally time of authoring/issuing","","","","","","","","","",,,,,"",,,,"EHDSDataSet.header.date",0,1,"",""
"EHDSProcedure.header.status","EHDSProcedure.header.status","","","",1,1,"","","","CodeableConcept {[]} {[]}
","Status of the resource or document","Status of the resource or document","","","","","","","","","",,,,,"",,,,"EHDSDataSet.header.status",1,1,"",""
"EHDSProcedure.header.source","EHDSProcedure.header.source","","","",0,1,"","","","CodeableConcept {[]} {[]}
","Source of information (e.g. patient, patient's proxy). Used in case the patient has authored the information or the author has submitted patient-stated information.","Source of information (e.g. patient, patient's proxy). Used in case the patient has authored the information or the author has submitted patient-stated information.","","","","","","","","","",,,,,"",,,,"EHDSDataSet.header.source",0,1,"",""
"EHDSProcedure.header.language","EHDSProcedure.header.language","","","",0,1,"","","","CodeableConcept {[]} {[]}
","Language in which the resource is written. Language is expressed by the IETF language tag.","Language in which the resource is written. Language is expressed by the IETF language tag.","","","","","","","","","",,"preferred","BCP 47","","",,,,"EHDSDataSet.header.language",0,1,"",""
"EHDSProcedure.code","EHDSProcedure.code","","","",0,1,"","","","CodeableConcept {[]} {[]}
","Code identifying the procedure","Code identifying the procedure","","","","","","","","","",,"preferred","SNOMED CT","","",,,,"EHDSProcedure.code",0,1,"",""
"EHDSProcedure.date[x]","EHDSProcedure.date[x]","","","",0,1,"","","","dateTime {[]} {[]}
Period {[]} {[]}","Date and time of the procedure or interval of its performance","Date and time of the procedure or interval of its performance","","","","","","","","","",,,,,"",,,,"EHDSProcedure.date[x]",0,1,"",""
"EHDSProcedure.performer","EHDSProcedure.performer","","","",0,*,"","","","http://www.xt-ehr.eu/fhir/models/StructureDefinition/EHDSHealthProfessional {[]} {[]}
","An actor who performed the procedure","An actor who performed the procedure","","","","","","","","","",,,,,"",,,,"EHDSProcedure.performer",0,*,"",""
"EHDSProcedure.bodySite","EHDSProcedure.bodySite","","","",0,*,"","","","http://www.xt-ehr.eu/fhir/models/StructureDefinition/EHDSBodyStructure {[]} {[]}
","Procedure target body site. Details of where the procedure was performed. Laterality may be included as qualifier of the body site.","Procedure target body site. Details of where the procedure was performed. Laterality may be included as qualifier of the body site.","","","","","","","","","",,,,,"",,,,"EHDSProcedure.bodySite",0,*,"",""
"EHDSProcedure.reason[x]","EHDSProcedure.reason[x]","","","",0,*,"","","","CodeableConcept {[]} {[]}
http://www.xt-ehr.eu/fhir/models/StructureDefinition/EHDSCondition {[]} {[]}http://www.xt-ehr.eu/fhir/models/StructureDefinition/EHDSObservation {[]} {[]}http://www.xt-ehr.eu/fhir/models/StructureDefinition/EHDSProcedure {[]} {[]}","The reason why the procedure was performed. This may be a concept from a terminology or a reference to a specific instance that describes the reason.","The reason why the procedure was performed. This may be a concept from a terminology or a reference to a specific instance that describes the reason.","","","","","","","","","",,"preferred","SNOMED CT, ICD-10, Orphacode if rare disease is diagnosed","","",,,,"EHDSProcedure.reason[x]",0,*,"",""
"EHDSProcedure.outcome","EHDSProcedure.outcome","","","",0,1,"","","","CodeableConcept {[]} {[]}
","The outcome of the procedure - did it resolve the reasons for the procedure being performed?","The outcome of the procedure - did it resolve the reasons for the procedure being performed?","","","","","","","","","",,"preferred","SNOMED CT","","",,,,"EHDSProcedure.outcome",0,1,"",""
"EHDSProcedure.complication","EHDSProcedure.complication","","","",0,*,"","","","CodeableConcept {[]} {[]}
","Any complications that occurred during the procedure, or in the immediate post-performance period. These are generally tracked separately from the procedure description, which will typically describe the procedure itself rather than any 'post procedure' issues.","Any complications that occurred during the procedure, or in the immediate post-performance period. These are generally tracked separately from the procedure description, which will typically describe the procedure itself rather than any 'post procedure' issues.","","","","","","","","","",,"preferred","ICD-10, SNOMED CT, Orphacode if rare disease is diagnosed","","",,,,"EHDSProcedure.complication",0,*,"",""
"EHDSProcedure.deviceUsed","EHDSProcedure.deviceUsed","","","",0,*,"","","","http://www.xt-ehr.eu/fhir/models/StructureDefinition/EHDSDevice {[]} {[]}
","Device used to perform the procedure","Device used to perform the procedure","","","","","","","","","",,,,,"",,,,"EHDSProcedure.deviceUsed",0,*,"",""
"EHDSProcedure.focalDevice","EHDSProcedure.focalDevice","","","",0,*,"","","","http://www.xt-ehr.eu/fhir/models/StructureDefinition/EHDSDevice {[]} {[]}
","Device(s) that is/are implanted, removed, or otherwise manipulated (calibration, battery replacement, fitting a prosthesis, attaching a wound-vac, etc.) as a focal portion of the Procedure.","Device(s) that is/are implanted, removed, or otherwise manipulated (calibration, battery replacement, fitting a prosthesis, attaching a wound-vac, etc.) as a focal portion of the Procedure.","","","","","","","","","",,,,,"",,,,"EHDSProcedure.focalDevice",0,*,"",""
"EHDSProcedure.note","EHDSProcedure.note","","","",0,1,"","","","string {[]} {[]}
","Additional information about the procedure","Additional information about the procedure","","","","","","","","","",,,,,"",,,,"EHDSProcedure.note",0,1,"",""
