"Id","Path","Slice Name","Alias(s)","Label","Min","Max","Must Support?","Is Modifier?","Is Summary?","Type(s)","Short","Definition","Comments","Requirements","Default Value","Meaning When Missing","Fixed Value","Pattern","Example","Minimum Value","Maximum Value","Maximum Length","Binding Strength","Binding Description","Binding Value Set","Code","Slicing Discriminator","Slicing Description","Slicing Ordered","Slicing Rules","Base Path","Base Min","Base Max","Condition(s)","Constraint(s)","Mapping: RIM Mapping"
"EHDSLaboratoryObservation","EHDSLaboratoryObservation","","","",0,*,"","","","null {[]} {[]}
","Laboratory observation model","EHDS refined base model for Observation performed by laboratory","","","","","","","","","",,,,,"",,,,"Base",0,*,"","","n/a"
"EHDSLaboratoryObservation.header","EHDSLaboratoryObservation.header","","","",1,1,"","","","Base {[]} {[]}
","Basic metadata for this information","Basic metadata for this information","","","","","","","","","",,,,,"",,,,"EHDSDataSet.header",1,1,"",""
"EHDSLaboratoryObservation.header.subject","EHDSLaboratoryObservation.header.subject","","","",1,1,"","","","http://www.xt-ehr.eu/fhir/models/StructureDefinition/EHDSPatient {[]} {[]}
","Patient who is receiving health care. This patient might be different from the direct subject of the observation.","Patient/subject information","","","","","","","","","",,,,,"",,,,"EHDSDataSet.header.subject",1,1,"",""
"EHDSLaboratoryObservation.header.identifier","EHDSLaboratoryObservation.header.identifier","","","",0,*,"","","","Identifier {[]} {[]}
","Business identifier for the object, unique within its system. Supporting disambiguation between different contexts (systems/countries).","Business identifier for the object, unique within its system. Supporting disambiguation between different contexts (systems/countries).","","","","","","","","","",,,,,"",,,,"EHDSDataSet.header.identifier",0,*,"",""
"EHDSLaboratoryObservation.header.author[x]","EHDSLaboratoryObservation.header.author[x]","","","",0,*,"","","","http://www.xt-ehr.eu/fhir/models/StructureDefinition/EHDSHealthProfessional {[]} {[]}
http://www.xt-ehr.eu/fhir/models/StructureDefinition/EHDSOrganisation {[]} {[]}http://www.xt-ehr.eu/fhir/models/StructureDefinition/EHDSDevice {[]} {[]}","Author(s) responsible for the provided information.","Author(s) responsible for the provided information. The exact role of the responsible author varies across use cases and is specific to individual models.","","","","","","","","","",,,,,"",,,,"EHDSDataSet.header.author[x]",0,*,"",""
"EHDSLaboratoryObservation.header.date","EHDSLaboratoryObservation.header.date","","","",0,1,"","","","dateTime {[]} {[]}
","Date and optionally time of authoring/issuing","Date and optionally time of authoring/issuing","","","","","","","","","",,,,,"",,,,"EHDSDataSet.header.date",0,1,"",""
"EHDSLaboratoryObservation.header.status","EHDSLaboratoryObservation.header.status","","","",1,1,"","","","CodeableConcept {[]} {[]}
","Status of the resource or document","Status of the resource or document","","","","","","","","","",,"preferred","HL7 Observation status","","",,,,"EHDSDataSet.header.status",1,1,"",""
"EHDSLaboratoryObservation.header.source","EHDSLaboratoryObservation.header.source","","","",0,1,"","","","CodeableConcept {[]} {[]}
","Source of information (e.g. patient, patient's proxy). Used in case the patient has authored the information or the author has submitted patient-stated information.","Source of information (e.g. patient, patient's proxy). Used in case the patient has authored the information or the author has submitted patient-stated information.","","","","","","","","","",,,,,"",,,,"EHDSDataSet.header.source",0,1,"",""
"EHDSLaboratoryObservation.header.language","EHDSLaboratoryObservation.header.language","","","",0,1,"","","","CodeableConcept {[]} {[]}
","Language in which the resource is written. Language is expressed by the IETF language tag.","Language in which the resource is written. Language is expressed by the IETF language tag.","","","","","","","","","",,"preferred","BCP 47","","",,,,"EHDSDataSet.header.language",0,1,"",""
"EHDSLaboratoryObservation.header.directSubject[x]","EHDSLaboratoryObservation.header.directSubject[x]","","","",0,1,"","","","http://www.xt-ehr.eu/fhir/models/StructureDefinition/EHDSPatient {[]} {[]}
http://www.xt-ehr.eu/fhir/models/StructureDefinition/EHDSPatientAnimal {[]} {[]}http://www.xt-ehr.eu/fhir/models/StructureDefinition/EHDSLocation {[]} {[]}http://www.xt-ehr.eu/fhir/models/StructureDefinition/EHDSDevice {[]} {[]}http://www.xt-ehr.eu/fhir/models/StructureDefinition/EHDSHealthProfessional {[]} {[]}http://www.xt-ehr.eu/fhir/models/StructureDefinition/EHDSOrganisation {[]} {[]}http://www.xt-ehr.eu/fhir/models/StructureDefinition/EHDSProcedure {[]} {[]}","The direct subject of the observation if different from the patient (subject of care), e.g. an observation of an implanted device","The direct subject of the observation if different from the patient (subject of care), e.g. an observation of an implanted device","","","","","","","","","",,,,,"",,,,"EHDSObservation.header.directSubject[x]",0,1,"",""
"EHDSLaboratoryObservation.observationDate[x]","EHDSLaboratoryObservation.observationDate[x]","","","",1,1,"","","","dateTime {[]} {[]}
Period {[]} {[]}","Clinically relevant time or time period for the observation","Clinically relevant time or time period for the observation","","","","","","","","","",,,,,"",,,,"EHDSObservation.observationDate[x]",1,1,"",""
"EHDSLaboratoryObservation.code","EHDSLaboratoryObservation.code","","","",1,1,"","","","CodeableConcept {[]} {[]}
","Observation code","Code representing the observation using the agreed code systems.","","","","","","","","","",,"preferred","LOINC, NPU","","",,,,"EHDSObservation.code",1,1,"",""
"EHDSLaboratoryObservation.name","EHDSLaboratoryObservation.name","","","",1,1,"","","","string {[]} {[]}
","Name of the observation","Name of the observation","","","","","","","","","",,,,,"",,,,"EHDSObservation.name",1,1,"",""
"EHDSLaboratoryObservation.originalName","EHDSLaboratoryObservation.originalName","","","",0,1,"","","","string {[]} {[]}
","Original (conventional) name of the observation","Original (conventional) name of the observation","","","","","","","","","",,,,,"",,,,"EHDSObservation.originalName",0,1,"",""
"EHDSLaboratoryObservation.method","EHDSLaboratoryObservation.method","","","",0,1,"","","","CodeableConcept {[]} {[]}
","Observation method","Observation method (measurement principle) to obtain the result.","","","","","","","","","",,"preferred","SNOMED CT","","",,,,"EHDSObservation.method",0,1,"",""
"EHDSLaboratoryObservation.specimen","EHDSLaboratoryObservation.specimen","","","",0,1,"","","","http://www.xt-ehr.eu/fhir/models/StructureDefinition/EHDSSpecimen {[]} {[]}
","Specimen used for this observation.","Specimen used for this observation.","","","","","","","","","",,,,,"",,,,"EHDSObservation.specimen",0,1,"",""
"EHDSLaboratoryObservation.order","EHDSLaboratoryObservation.order","","","",0,1,"","","","http://www.xt-ehr.eu/fhir/models/StructureDefinition/EHDSServiceRequest {[]} {[]}
","Identifies order and order placer this observation belongs to","Identifies order and order placer this observation belongs to","","","","","","","","","",,,,,"",,,,"EHDSObservation.order",0,1,"",""
"EHDSLaboratoryObservation.performer[x]","EHDSLaboratoryObservation.performer[x]","","","",0,1,"","","","http://www.xt-ehr.eu/fhir/models/StructureDefinition/EHDSHealthProfessional {[]} {[]}
http://www.xt-ehr.eu/fhir/models/StructureDefinition/EHDSPatient {[]} {[]}http://www.xt-ehr.eu/fhir/models/StructureDefinition/EHDSRelatedPerson {[]} {[]}","Performer of the observation. Some test could be performed by the patient himself or by a care giver. Those are in the scope of this deliverable under specified conditions.","Performer of the observation. Some test could be performed by the patient himself or by a care giver. Those are in the scope of this deliverable under specified conditions.","","","","","","","","","",,,,,"",,,,"EHDSObservation.performer[x]",0,1,"",""
"EHDSLaboratoryObservation.bodySite","EHDSLaboratoryObservation.bodySite","","","",0,1,"","","","http://www.xt-ehr.eu/fhir/models/StructureDefinition/EHDSBodyStructure {[]} {[]}
","Anatomic location and laterality where the observation was performed.","Anatomic location and laterality where the observation was performed.","","","","","","","","","",,,,,"",,,,"EHDSObservation.bodySite",0,1,"",""
"EHDSLaboratoryObservation.result","EHDSLaboratoryObservation.result","","","",0,1,"","","","Base {[]} {[]}
","Result of the observation including text, numeric and coded results of the measurement and measurement uncertainty. Content of the observation result will vary according to the type of the observation.","Result of the observation including text, numeric and coded results of the measurement and measurement uncertainty. Content of the observation result will vary according to the type of the observation.","","","","","","","","","",,,,,"",,,,"EHDSObservation.result",0,1,"",""
"EHDSLaboratoryObservation.result.value","EHDSLaboratoryObservation.result.value","","","",1,1,"","","","Base {[]} {[]}
","Observation result value according to the type of observation.","Observation result value according to the type of observation.","","","","","","","","","",,,,,"",,,,"EHDSObservation.result.value",1,1,"",""
"EHDSLaboratoryObservation.result.value.text","EHDSLaboratoryObservation.result.value.text","","","",0,1,"","","","string {[]} {[]}
","Observation result value as a text. Should be used only if coded result value is not expected otherwise use valueCodeableConcept.text.","Observation result value as a text. Should be used only if coded result value is not expected otherwise use valueCodeableConcept.text.","","","","","","","","","",,,,,"",,,,"EHDSObservation.result.value.text",0,1,"",""
"EHDSLaboratoryObservation.result.value.numeric","EHDSLaboratoryObservation.result.value.numeric","","","",0,1,"","","","Quantity {[]} {[]}
","Observation result value as a quantity, result units of the measurement should be provided.","Observation result value as a quantity, result units of the measurement should be provided.","","","","","","","","","",,"preferred","UCUM for units","","",,,,"EHDSObservation.result.value.numeric",0,1,"",""
"EHDSLaboratoryObservation.result.value.range","EHDSLaboratoryObservation.result.value.range","","","",0,1,"","","","Range {[]} {[]}
","Observation result value as a range (open or closed). Result units of the measurement should be provided.","Observation result value as a range (open or closed). Result units of the measurement should be provided.","","","","","","","","","",,"preferred","UCUM for units","","",,,,"EHDSObservation.result.value.range",0,1,"",""
"EHDSLaboratoryObservation.result.value.coded","EHDSLaboratoryObservation.result.value.coded","","","",0,1,"","","","CodeableConcept {[]} {[]}
","Observation result value from a valid code system","Observation result value from a valid code system","","","","","","","<valueString xmlns=""http://hl7.org/fhir"" value=""For example this could be a code describing identified bacteria or other microorganism identified, description of urinary concernment, jaundice (hyperbilirubinemia), scoring (GCS), etc.""/>","","",,"preferred","SNOMED CT","","",,,,"EHDSObservation.result.value.coded",0,1,"",""
"EHDSLaboratoryObservation.result.value.uncertainty","EHDSLaboratoryObservation.result.value.uncertainty","","","",0,1,"","","","Base {[]} {[]}
","Measurement uncertainty type and interval if needed.","Measurement uncertainty type and interval if needed.","","","","","","","","","",,,,,"",,,,"EHDSObservation.result.value.uncertainty",0,1,"",""
"EHDSLaboratoryObservation.result.uncertainty","EHDSLaboratoryObservation.result.uncertainty","","","",0,1,"","","","Base {[]} {[]}
","Measurement uncertainty type and interval if needed.","Measurement uncertainty type and interval if needed.","","","","","","","","","",,,,,"",,,,"EHDSObservation.result.uncertainty",0,1,"",""
"EHDSLaboratoryObservation.dataAbsentReason","EHDSLaboratoryObservation.dataAbsentReason","","","",0,1,"","","","CodeableConcept {[]} {[]}
","Provides a reason why the expected value in the element Observation.value[x] is missing.","Provides a reason why the expected value in the element Observation.value[x] is missing.","","","","","","","","","",,"preferred","HL7 Data absent reason","","",,,,"EHDSObservation.dataAbsentReason",0,1,"",""
"EHDSLaboratoryObservation.referenceRange","EHDSLaboratoryObservation.referenceRange","","","",0,*,"","","","Base {[]} {[]}
","Reference range, multiple reference ranges of different types culd by provided. Provides guide for interpretation of result.","Reference range, multiple reference ranges of different types culd by provided. Provides guide for interpretation of result.","Reference ranges are usually implied only for a numeric scale type. Use of the same units for reference range and value is implied.","","","","","","","","",,,,,"",,,,"EHDSObservation.referenceRange",0,*,"",""
"EHDSLaboratoryObservation.interpretation","EHDSLaboratoryObservation.interpretation","","","",0,*,"","","","CodeableConcept {[]} {[]}
","Information about reference intervals and result interpretation.","Information about reference intervals and result interpretation.","","","","","","","","","",,"preferred","SNOMED CT, HL7 ObservationInterpretation","","",,,,"EHDSObservation.interpretation",0,*,"",""
"EHDSLaboratoryObservation.resultDescription","EHDSLaboratoryObservation.resultDescription","","","",0,1,"","","","string {[]} {[]}
","Comments and narrative representation of the observation result and findings.","Comments and narrative representation of the observation result and findings.","","","","","","","","","",,,,,"",,,,"EHDSObservation.resultDescription",0,1,"",""
"EHDSLaboratoryObservation.component","EHDSLaboratoryObservation.component","","","",0,*,"","","","Base {[]} {[]}
","Component in case the observation consists of multiple sub-observations (e.g. blood pressure).","Component in case the observation consists of multiple sub-observations (e.g. blood pressure).","","","","","","","","","",,,,,"",,,,"EHDSObservation.component",0,*,"",""
"EHDSLaboratoryObservation.component.code","EHDSLaboratoryObservation.component.code","","","",1,1,"","","","CodeableConcept {[]} {[]}
","Code representing the observation using the agreed code systems.","Code representing the observation using the agreed code systems.","","","","","","","","","",,"preferred","LOINC, NPU, SNOMED CT","","",,,,"EHDSObservation.component.code",1,1,"",""
"EHDSLaboratoryObservation.component.originalName","EHDSLaboratoryObservation.component.originalName","","","",0,1,"","","","string {[]} {[]}
","Original (conventional) name of the observation","Original (conventional) name of the observation","","","","","","","","","",,,,,"",,,,"EHDSObservation.component.originalName",0,1,"",""
"EHDSLaboratoryObservation.component.result","EHDSLaboratoryObservation.component.result","","","",0,1,"","","","Base {[]} {[]}
","Result of the observation including text, numeric and coded results of the measurement and measurement uncertainty. Content of the observation result will vary according to the type of the observation.","Result of the observation including text, numeric and coded results of the measurement and measurement uncertainty. Content of the observation result will vary according to the type of the observation.","","","","","","","","","",,,,,"",,,,"EHDSObservation.component.result",0,1,"",""
"EHDSLaboratoryObservation.component.result.value","EHDSLaboratoryObservation.component.result.value","","","",1,1,"","","","Base {[]} {[]}
","Observation result value according to the type of observation.","Observation result value according to the type of observation.","","","","","","","","","",,,,,"",,,,"EHDSObservation.component.result.value",1,1,"",""
"EHDSLaboratoryObservation.component.result.value.text","EHDSLaboratoryObservation.component.result.value.text","","","",0,1,"","","","string {[]} {[]}
","Observation result value as a text. Should be used only if coded result value is not expected otherwise use valueCodeableConcept.text.","Observation result value as a text. Should be used only if coded result value is not expected otherwise use valueCodeableConcept.text.","","","","","","","","","",,,,,"",,,,"EHDSObservation.component.result.value.text",0,1,"",""
"EHDSLaboratoryObservation.component.result.value.numeric","EHDSLaboratoryObservation.component.result.value.numeric","","","",0,1,"","","","Quantity {[]} {[]}
","Observation result value as a quantity, result units of the measurement should be provided.","Observation result value as a quantity, result units of the measurement should be provided.","","","","","","","","","",,"preferred","UCUM for units","","",,,,"EHDSObservation.component.result.value.numeric",0,1,"",""
"EHDSLaboratoryObservation.component.result.value.range","EHDSLaboratoryObservation.component.result.value.range","","","",0,1,"","","","Range {[]} {[]}
","Observation result value as a range (open or closed). Result units of the measurement should be provided.","Observation result value as a range (open or closed). Result units of the measurement should be provided.","","","","","","","","","",,"preferred","UCUM for units","","",,,,"EHDSObservation.component.result.value.range",0,1,"",""
"EHDSLaboratoryObservation.component.result.value.coded","EHDSLaboratoryObservation.component.result.value.coded","","","",0,1,"","","","CodeableConcept {[]} {[]}
","Observation result value from a valid code system","Observation result value from a valid code system","","","","","","","","","",,"preferred","SNOMED CT","","",,,,"EHDSObservation.component.result.value.coded",0,1,"",""
"EHDSLaboratoryObservation.component.result.uncertainty","EHDSLaboratoryObservation.component.result.uncertainty","","","",0,1,"","","","Base {[]} {[]}
","Measurement uncertainty type and interval if needed.","Measurement uncertainty type and interval if needed.","","","","","","","","","",,,,,"",,,,"EHDSObservation.component.result.uncertainty",0,1,"",""
"EHDSLaboratoryObservation.component.dataAbsentReason","EHDSLaboratoryObservation.component.dataAbsentReason","","","",0,1,"","","","CodeableConcept {[]} {[]}
","Provides a reason why the expected value in the element Observation.value[x] is missing.","Provides a reason why the expected value in the element Observation.value[x] is missing.","","","","","","","","","",,"preferred","HL7 Data absent reason","","",,,,"EHDSObservation.component.dataAbsentReason",0,1,"",""
"EHDSLaboratoryObservation.component.referenceRange","EHDSLaboratoryObservation.component.referenceRange","","","",0,*,"","","","Base {[]} {[]}
","Reference range, multiple reference ranges of different types culd by provided. Provides guide for interpretation of result.","Reference range, multiple reference ranges of different types culd by provided. Provides guide for interpretation of result.","Reference ranges are usually implied only for a numeric scale type. Use of the same units for reference range and value is implied.","","","","","","","","",,,,,"",,,,"EHDSObservation.component.referenceRange",0,*,"",""
"EHDSLaboratoryObservation.component.interpretation","EHDSLaboratoryObservation.component.interpretation","","","",0,*,"","","","CodeableConcept {[]} {[]}
","Information about reference intervals and result interpretation.","Information about reference intervals and result interpretation.","","","","","","","","","",,"preferred","SNOMED CT, HL7 ObservationInterpretation","","",,,,"EHDSObservation.component.interpretation",0,*,"",""
"EHDSLaboratoryObservation.derivedFrom[x]","EHDSLaboratoryObservation.derivedFrom[x]","","","",0,*,"","","","http://www.xt-ehr.eu/fhir/models/StructureDefinition/EHDSObservation {[]} {[]}
http://www.xt-ehr.eu/fhir/models/StructureDefinition/EHDSLaboratoryObservation {[]} {[]}http://www.xt-ehr.eu/fhir/models/StructureDefinition/EHDSImagingStudy {[]} {[]}","Reference to the related resource from which the observation has been made. For example, a calculated anion gap or a fetal measurement based on an ultrasound image.","Reference to the related resource from which the observation has been made. For example, a calculated anion gap or a fetal measurement based on an ultrasound image.","","","","","","","","","",,,,,"",,,,"EHDSObservation.derivedFrom[x]",0,*,"",""
"EHDSLaboratoryObservation.triggeredBy[x]","EHDSLaboratoryObservation.triggeredBy[x]","","","",0,*,"","","","http://www.xt-ehr.eu/fhir/models/StructureDefinition/EHDSLaboratoryObservation {[]} {[]}
http://www.xt-ehr.eu/fhir/models/StructureDefinition/EHDSObservation {[]} {[]}","References to the observation(s) that triggered the performance of this observation.","References to the observation(s) that triggered the performance of this observation.","","","","","","","","","",,,,,"",,,,"EHDSObservation.triggeredBy[x]",0,*,"",""
"EHDSLaboratoryObservation.hasMember[x]","EHDSLaboratoryObservation.hasMember[x]","","","",0,*,"","","","http://www.xt-ehr.eu/fhir/models/StructureDefinition/EHDSLaboratoryObservation {[]} {[]}
http://www.xt-ehr.eu/fhir/models/StructureDefinition/EHDSObservation {[]} {[]}","This observation is a group observation (e.g. a battery, a panel of tests, a set of vital sign measurements) that includes the target as a member of the group.","This observation is a group observation (e.g. a battery, a panel of tests, a set of vital sign measurements) that includes the target as a member of the group.","","","","","","","","","",,,,,"",,,,"EHDSObservation.hasMember[x]",0,*,"",""
"EHDSLaboratoryObservation.testKit","EHDSLaboratoryObservation.testKit","","","",0,1,"","","","http://www.xt-ehr.eu/fhir/models/StructureDefinition/EHDSDevice {[]} {[]}
","Laboratory test kit used during measurement.","Laboratory test kit used during measurement.","","","","","","","","","",,,,,"",,,,"EHDSLaboratoryObservation.testKit",0,1,"",""
"EHDSLaboratoryObservation.calibrator","EHDSLaboratoryObservation.calibrator","","","",0,1,"","","","Identifier {[]} {[]}
","Information about which end-user calibrator the laboratory used for the measurement to indicate the metrological traceability chain.","Information about which end-user calibrator the laboratory used for the measurement to indicate the metrological traceability chain.","","","","","","","","","",,,,,"",,,,"EHDSLaboratoryObservation.calibrator",0,1,"",""
"EHDSLaboratoryObservation.accreditationStatus","EHDSLaboratoryObservation.accreditationStatus","","","",0,1,"","","","boolean {[]} {[]}
","Accreditation status of the laboratory for the observation.","Accreditation status of the laboratory for the observation.","","","","","","","","","",,,,,"",,,,"EHDSLaboratoryObservation.accreditationStatus",0,1,"",""
"EHDSLaboratoryObservation.previousResults","EHDSLaboratoryObservation.previousResults","","","",0,*,"","","","http://www.xt-ehr.eu/fhir/models/StructureDefinition/EHDSLaboratoryObservation {[]} {[]}
","Previous results of the same observation","Previous results of the same observation","","","","","","","","","",,,,,"",,,,"EHDSLaboratoryObservation.previousResults",0,*,"",""
"EHDSLaboratoryObservation.pointOfCareTest","EHDSLaboratoryObservation.pointOfCareTest","","","",0,1,"","","","boolean {[]} {[]}
","Examination performed near or at the site of a patient.","Indicates if the observation is a point-of-care test (POCT), i.e. an examination performed near or at the site of a patient.","","","","","","","","","",,,,,"",,,,"EHDSLaboratoryObservation.pointOfCareTest",0,1,"",""
