"Id","Path","Slice Name","Alias(s)","Label","Min","Max","Must Support?","Is Modifier?","Is Summary?","Type(s)","Short","Definition","Comments","Requirements","Default Value","Meaning When Missing","Fixed Value","Pattern","Example","Minimum Value","Maximum Value","Maximum Length","Binding Strength","Binding Description","Binding Value Set","Code","Slicing Discriminator","Slicing Description","Slicing Ordered","Slicing Rules","Base Path","Base Min","Base Max","Condition(s)","Constraint(s)","Mapping: RIM Mapping"
"EHDSAttachment","EHDSAttachment","","","",0,*,"","","","null {[]} {[]}
","Attachment model","This model is for containing or referencing attachments - additional data content defined in other formats. The most common use of this type is to include images or reports in some report format such as PDF. However, it can be used for any data that has a MIME type.","","","","","","","","","",,,,,"",,,,"Base",0,*,"","","n/a"
"EHDSAttachment.contentType","EHDSAttachment.contentType","","","",0,1,"","","","CodeableConcept {[]} {[]}
","Mime type of the content, with charset etc.","Mime type of the content, with charset etc.","","","","","","","","","",,"preferred","BCP-13","","",,,,"EHDSAttachment.contentType",0,1,"",""
"EHDSAttachment.language","EHDSAttachment.language","","","",0,1,"","","","CodeableConcept {[]} {[]}
","Human language of the content","Human language of the content","","","","","","","","","",,"preferred","BCP 47","","",,,,"EHDSAttachment.language",0,1,"",""
"EHDSAttachment.data","EHDSAttachment.data","","","",0,1,"","","","base64Binary {[]} {[]}
","The actual data of the attachment - a sequence of bytes, base64 encoded.","The actual data of the attachment - a sequence of bytes, base64 encoded.","","","","","","","","","",,,,,"",,,,"EHDSAttachment.data",0,1,"",""
"EHDSAttachment.url","EHDSAttachment.url","","","",0,1,"","","","uri {[]} {[]}
","A location where the data can be accessed.","A location where the data can be accessed.","","","","","","","","","",,,,,"",,,,"EHDSAttachment.url",0,1,"",""
"EHDSAttachment.size","EHDSAttachment.size","","","",0,1,"","","","integer64 {[]} {[]}
","The number of bytes of data that make up this attachment (before base64 encoding).","The number of bytes of data that make up this attachment (before base64 encoding).","","","","","","","","","",,,,,"",,,,"EHDSAttachment.size",0,1,"",""
"EHDSAttachment.title","EHDSAttachment.title","","","",0,1,"","","","string {[]} {[]}
","A label or set of text to display in place of the data.","A label or set of text to display in place of the data.","","","","","","","","","",,,,,"",,,,"EHDSAttachment.title",0,1,"",""
