{
  "resourceType" : "ImplementationGuide",
  "id" : "xtehr.eu.ehds.models",
  "text" : {
    "status" : "generated",
    "div" : "<div xmlns=\"http://www.w3.org/1999/xhtml\"><p class=\"res-header-id\"><b>Generated Narrative: ImplementationGuide xtehr.eu.ehds.models</b></p><a name=\"xtehr.eu.ehds.models\"> </a><a name=\"hcxtehr.eu.ehds.models\"> </a><h2>EHDSModels</h2><p>The official URL for this implementation guide is: </p><pre>http://www.xt-ehr.eu/fhir/models/ImplementationGuide/xtehr.eu.ehds.models</pre><div><p>EHDS Logical Information Models</p>\n</div></div>"
  },
  "url" : "http://www.xt-ehr.eu/fhir/models/ImplementationGuide/xtehr.eu.ehds.models",
  "version" : "0.2.1",
  "name" : "EHDSModels",
  "title" : "EHDS Logical Information Models",
  "status" : "draft",
  "date" : "2026-02-05T22:06:47+00:00",
  "publisher" : "Xt-EHR",
  "contact" : [{
    "name" : "Xt-EHR",
    "telecom" : [{
      "system" : "url",
      "value" : "http://www.xt-ehr.eu/"
    }]
  }],
  "description" : "EHDS Logical Information Models",
  "packageId" : "xtehr.eu.ehds.models",
  "license" : "CC0-1.0",
  "fhirVersion" : ["5.0.0"],
  "dependsOn" : [{
    "id" : "hl7tx",
    "extension" : [{
      "url" : "http://hl7.org/fhir/tools/StructureDefinition/implementationguide-dependency-comment",
      "valueMarkdown" : "Automatically added as a dependency - all IGs depend on HL7 Terminology"
    }],
    "uri" : "http://terminology.hl7.org/ImplementationGuide/hl7.terminology",
    "packageId" : "hl7.terminology.r5",
    "version" : "7.0.1"
  },
  {
    "id" : "hl7ext",
    "extension" : [{
      "url" : "http://hl7.org/fhir/tools/StructureDefinition/implementationguide-dependency-comment",
      "valueMarkdown" : "Automatically added as a dependency - all IGs depend on the HL7 Extension Pack"
    }],
    "uri" : "http://hl7.org/fhir/extensions/ImplementationGuide/hl7.fhir.uv.extensions",
    "packageId" : "hl7.fhir.uv.extensions.r5",
    "version" : "5.2.0"
  }],
  "definition" : {
    "extension" : [{
      "url" : "http://hl7.org/fhir/tools/StructureDefinition/ig-internal-dependency",
      "valueCode" : "hl7.fhir.uv.tools.r5#0.9.0"
    }],
    "grouping" : [{
      "id" : "EHDSPsLogicalModels",
      "name" : "EHDS Patient Summary Logical Models",
      "description" : "Information Models for implementing EEHRxF Patient Summary under EHDS. Format based on ISO 13972 \"Health informatics — Clinical information models — Characteristics, structures and requirements. The Patient Summary is currently being defined in a [separate branch](https://build.fhir.org/ig/Xt-EHR/xt-ehr-common/branches/patient-summary/artifacts.html#ehds-patient-summary-logical-models)"
    },
    {
      "id" : "EHDSPrescriptionDispenseLogicalModels",
      "name" : "EHDS ePrescription and eDispense Logical Models",
      "description" : "Information Models for implementing EEHRxF services for medication prescription and dispense services."
    },
    {
      "id" : "EHDSLaboratoryLogicalModels",
      "name" : "EHDS Laboratory Domain Logical Models",
      "description" : "Information Models for implementing EEHRxF services in the laboratory domain under EHDS. Format based on ISO 13972 \"Health informatics — Clinical information models — Characteristics, structures and requirements.\""
    },
    {
      "id" : "EHDSImagingLogicalModels",
      "name" : "EHDS Imaging Domain Logical Models",
      "description" : "Information Models for implementing EEHRxF services in the imaging domain under EHDS. Format based on ISO 13972 \"Health informatics — Clinical information models — Characteristics, structures and requirements.\""
    },
    {
      "id" : "EHDSHdrLogicalModels",
      "name" : "EHDS Discharge Report Domain Logical Models",
      "description" : "Information Models for implementing EEHRxF Discharge report under EHDS. Format based on ISO 13972 \"Health informatics — Clinical information models — Characteristics, structures and requirements.\""
    }],
    "resource" : [{
      "extension" : [{
        "url" : "http://hl7.org/fhir/tools/StructureDefinition/resource-information",
        "valueString" : "StructureDefinition:logical"
      }],
      "reference" : {
        "reference" : "StructureDefinition/EHDSAddress"
      },
      "name" : "Address model",
      "description" : "EHDS refined base model for Address structure",
      "isExample" : false
    },
    {
      "extension" : [{
        "url" : "http://hl7.org/fhir/tools/StructureDefinition/resource-information",
        "valueString" : "StructureDefinition:logical"
      }],
      "reference" : {
        "reference" : "StructureDefinition/EHDSAdministeredDosage"
      },
      "name" : "Administered dosage model",
      "isExample" : false
    },
    {
      "extension" : [{
        "url" : "http://hl7.org/fhir/tools/StructureDefinition/resource-information",
        "valueString" : "StructureDefinition:logical"
      }],
      "reference" : {
        "reference" : "StructureDefinition/EHDSAdvanceDirective"
      },
      "name" : "Advance directive model",
      "description" : "Healthcare directives concerning life or after life wishes of the patient",
      "isExample" : false
    },
    {
      "extension" : [{
        "url" : "http://hl7.org/fhir/tools/StructureDefinition/resource-information",
        "valueString" : "StructureDefinition:logical"
      }],
      "reference" : {
        "reference" : "StructureDefinition/EHDSAlert"
      },
      "name" : "Alert model",
      "description" : "A statement higlighting a fact about the patient that requires clinical attention to ensure safety and prevent adverse outcomes.\nExample 1: intolerance to aspirin due to gastrointestinal bleeding.\nExample 2: intolerance to captopril because of cough (the patient is not allergic but can't tolerate it because of persistent cough)\nExample 3: the patient has a rare disease that requires special treatment\nExample 4: Airway Alert / Difficult Intubation\nExample 5: Diagnoses such as malignant hyperthermia, porphyria, and bleeding disorders; special treatments like anticoagulants or immunosuppressants; implanted devices.\nExample 6: transplanted organs illustrate other information that has to be taken into account in a healthcare contact.\nExample 7: participation in a clinical trial that has to be taken into account in a healthcare contact.",
      "isExample" : false
    },
    {
      "extension" : [{
        "url" : "http://hl7.org/fhir/tools/StructureDefinition/resource-information",
        "valueString" : "StructureDefinition:logical"
      }],
      "reference" : {
        "reference" : "StructureDefinition/EHDSAllergyIntolerance"
      },
      "name" : "Allergy intolerance model",
      "description" : "EHDS refined base model for allergy/intolerance",
      "isExample" : false
    },
    {
      "extension" : [{
        "url" : "http://hl7.org/fhir/tools/StructureDefinition/resource-information",
        "valueString" : "StructureDefinition:logical"
      }],
      "reference" : {
        "reference" : "StructureDefinition/EHDSAttachment"
      },
      "name" : "Attachment model",
      "description" : "EHDS refined base model for This type is for containing or referencing attachments - additional data content defined in other formats. The most common use of this type is to include images or reports in some report format such as PDF. However, it can be used for any data that has a MIME type.",
      "isExample" : false
    },
    {
      "extension" : [{
        "url" : "http://hl7.org/fhir/tools/StructureDefinition/resource-information",
        "valueString" : "StructureDefinition:logical"
      }],
      "reference" : {
        "reference" : "StructureDefinition/EHDSBodyStructure"
      },
      "name" : "Body structure model",
      "description" : "EHDS refined base model for Body structure",
      "isExample" : false
    },
    {
      "extension" : [{
        "url" : "http://hl7.org/fhir/tools/StructureDefinition/resource-information",
        "valueString" : "StructureDefinition:logical"
      }],
      "reference" : {
        "reference" : "StructureDefinition/EHDSCarePlan"
      },
      "name" : "Care plan model",
      "description" : "Simplified model for care plan. The model includes minimal information and is not designed to cover the full functionality of care plans. The model is applicable to different domains.",
      "isExample" : false
    },
    {
      "extension" : [{
        "url" : "http://hl7.org/fhir/tools/StructureDefinition/resource-information",
        "valueString" : "StructureDefinition:logical"
      }],
      "reference" : {
        "reference" : "StructureDefinition/EHDSCondition"
      },
      "name" : "Condition model",
      "description" : "EHDS refined base model for a clinical condition, problem, diagnosis, or other event, situation, issue, or clinical concept that has risen to a level of concern.",
      "isExample" : false
    },
    {
      "extension" : [{
        "url" : "http://hl7.org/fhir/tools/StructureDefinition/resource-information",
        "valueString" : "StructureDefinition:logical"
      }],
      "reference" : {
        "reference" : "StructureDefinition/EHDSCurrentPregnancy"
      },
      "name" : "Current pregnancy status model",
      "description" : "Current pregnancy status",
      "isExample" : false
    },
    {
      "extension" : [{
        "url" : "http://hl7.org/fhir/tools/StructureDefinition/resource-information",
        "valueString" : "StructureDefinition:logical"
      }],
      "reference" : {
        "reference" : "StructureDefinition/EHDSDataSet"
      },
      "name" : "DataSet model",
      "description" : "Common elements (including header) for all documents and their independently functioning parts, e.g FHIR resources.",
      "isExample" : false
    },
    {
      "extension" : [{
        "url" : "http://hl7.org/fhir/tools/StructureDefinition/resource-information",
        "valueString" : "StructureDefinition:logical"
      }],
      "reference" : {
        "reference" : "StructureDefinition/EHDSDevice"
      },
      "name" : "Device model",
      "description" : "EHDS refined base model for Device information",
      "isExample" : false
    },
    {
      "extension" : [{
        "url" : "http://hl7.org/fhir/tools/StructureDefinition/resource-information",
        "valueString" : "StructureDefinition:logical"
      }],
      "reference" : {
        "reference" : "StructureDefinition/EHDSDeviceUse"
      },
      "name" : "Device use model",
      "description" : "EHDS refined base model for device use information",
      "isExample" : false
    },
    {
      "extension" : [{
        "url" : "http://hl7.org/fhir/tools/StructureDefinition/resource-information",
        "valueString" : "StructureDefinition:logical"
      }],
      "reference" : {
        "reference" : "StructureDefinition/EHDSDischargeReport"
      },
      "name" : "Discharge Report model",
      "description" : "A generic, flexible model for any kind of discharge report. Different types of encounters may require adding relevant sections and elements, or omitting irrelevant ones, depending on their data needs.",
      "isExample" : false,
      "groupingId" : "EHDSHdrLogicalModels"
    },
    {
      "extension" : [{
        "url" : "http://hl7.org/fhir/tools/StructureDefinition/resource-information",
        "valueString" : "StructureDefinition:logical"
      }],
      "reference" : {
        "reference" : "StructureDefinition/EHDSDocument"
      },
      "name" : "Document model",
      "description" : "EHDS refined base model for common document data elements, including the common header. Data relevant to document type and its content for administrative and searching purposes.",
      "isExample" : false
    },
    {
      "extension" : [{
        "url" : "http://hl7.org/fhir/tools/StructureDefinition/resource-information",
        "valueString" : "StructureDefinition:logical"
      }],
      "reference" : {
        "reference" : "StructureDefinition/EHDSDosage"
      },
      "name" : "Dosage model",
      "description" : "The model covers usage instructions for administering a medicinal product, focusing on the most frequently used data elements. More complex dosage schemes may require additional elements, which should be communicated as part of the rendered dosage instructions element.",
      "isExample" : false
    },
    {
      "extension" : [{
        "url" : "http://hl7.org/fhir/tools/StructureDefinition/resource-information",
        "valueString" : "StructureDefinition:logical"
      }],
      "reference" : {
        "reference" : "StructureDefinition/EHDSEncounter"
      },
      "name" : "Encounter model",
      "description" : "The model provides a structured way to capture information about a patient’s interaction with a healthcare service. It enables recording details related to individual encounters and supports linking closely related encounters when needed. Tracking broader or longer episodes of care that extend beyond individual encounters is outside the scope of this model.",
      "isExample" : false
    },
    {
      "extension" : [{
        "url" : "http://hl7.org/fhir/tools/StructureDefinition/resource-information",
        "valueString" : "StructureDefinition:logical"
      }],
      "reference" : {
        "reference" : "StructureDefinition/EHDSEndpoint"
      },
      "name" : "Endpoint model",
      "description" : "Model covers technical details of an endpoint that can be used for electronic services",
      "isExample" : false
    },
    {
      "extension" : [{
        "url" : "http://hl7.org/fhir/tools/StructureDefinition/resource-information",
        "valueString" : "StructureDefinition:logical"
      }],
      "reference" : {
        "reference" : "StructureDefinition/EHDSFunctionalStatus"
      },
      "name" : "Functional status",
      "description" : "EHDS refined base model for Functional status",
      "isExample" : false
    },
    {
      "extension" : [{
        "url" : "http://hl7.org/fhir/tools/StructureDefinition/resource-information",
        "valueString" : "StructureDefinition:logical"
      }],
      "reference" : {
        "reference" : "StructureDefinition/EHDSHealthProfessional"
      },
      "name" : "Health professional model",
      "description" : "EHDS refined base model for Health professional (HP)",
      "isExample" : false
    },
    {
      "extension" : [{
        "url" : "http://hl7.org/fhir/tools/StructureDefinition/resource-information",
        "valueString" : "StructureDefinition:logical"
      }],
      "reference" : {
        "reference" : "StructureDefinition/EHDSHumanName"
      },
      "name" : "Human name model",
      "description" : "EHDS refined base model for Human name",
      "isExample" : false
    },
    {
      "extension" : [{
        "url" : "http://hl7.org/fhir/tools/StructureDefinition/resource-information",
        "valueString" : "StructureDefinition:logical"
      }],
      "reference" : {
        "reference" : "StructureDefinition/EHDSImagingReport"
      },
      "name" : "Imaging report model",
      "description" : "Imaging report reflects the observations and interpretations of one or more imaging studies, contains elements such as the reason why the study is requested, relevant contextual medical information, the modality used to acquire images and its settings, procedures and body localisations that were used, a description of the observations and findings, exposure information, conclusion and advice.",
      "isExample" : false,
      "groupingId" : "EHDSImagingLogicalModels"
    },
    {
      "extension" : [{
        "url" : "http://hl7.org/fhir/tools/StructureDefinition/resource-information",
        "valueString" : "StructureDefinition:logical"
      }],
      "reference" : {
        "reference" : "StructureDefinition/EHDSImagingStudy"
      },
      "name" : "Imaging study model",
      "description" : "Imaging study model includes the key information about the content of an imaging study. It does not include image pixels but includes location pointers to its image content and organises this information according to the well-established model of an imaging study made of one or more series and each series made of instances or images. Composed of a set of data (DICOM KOS) that facilitates the location of all available images.",
      "isExample" : false,
      "groupingId" : "EHDSImagingLogicalModels"
    },
    {
      "extension" : [{
        "url" : "http://hl7.org/fhir/tools/StructureDefinition/resource-information",
        "valueString" : "StructureDefinition:logical"
      }],
      "reference" : {
        "reference" : "StructureDefinition/EHDSImmunisation"
      },
      "name" : "Immunisation model",
      "description" : "Model describes the administration of immunisation products, including vaccines and immunoglobulins, covering active and passive immunisations. It focuses on immunisation as a clinical procedure rather than the resulting immunity. The model supports routine immunisations at standard doses and may overlap with medication summaries or prescription lists. Natural immunity, immunisation outcomes, refusals, and administration or planning details are out of scope.",
      "isExample" : false
    },
    {
      "extension" : [{
        "url" : "http://hl7.org/fhir/tools/StructureDefinition/resource-information",
        "valueString" : "StructureDefinition:logical"
      }],
      "reference" : {
        "reference" : "StructureDefinition/EHDSLaboratoryObservation"
      },
      "name" : "Laboratory observation model",
      "description" : "EHDS refined base model for Observation performed by laboratory",
      "isExample" : false,
      "groupingId" : "EHDSLaboratoryLogicalModels"
    },
    {
      "extension" : [{
        "url" : "http://hl7.org/fhir/tools/StructureDefinition/resource-information",
        "valueString" : "StructureDefinition:logical"
      }],
      "reference" : {
        "reference" : "StructureDefinition/EHDSLaboratoryReport"
      },
      "name" : "Laboratory report model",
      "description" : "EHDS refined base model for Laboratory result report",
      "isExample" : false,
      "groupingId" : "EHDSLaboratoryLogicalModels"
    },
    {
      "extension" : [{
        "url" : "http://hl7.org/fhir/tools/StructureDefinition/resource-information",
        "valueString" : "StructureDefinition:logical"
      }],
      "reference" : {
        "reference" : "StructureDefinition/EHDSLocation"
      },
      "name" : "Location model",
      "description" : "EHDS refined base model for Details and position information for a place where services are provided and resources and participants may be stored, found, contained, or accommodated.",
      "isExample" : false
    },
    {
      "extension" : [{
        "url" : "http://hl7.org/fhir/tools/StructureDefinition/resource-information",
        "valueString" : "StructureDefinition:logical"
      }],
      "reference" : {
        "reference" : "StructureDefinition/EHDSMedicationAdministration"
      },
      "name" : "Medication administration model",
      "description" : "The model covers details about single medication administrations within the scope of imaging and laboratory procedures.",
      "isExample" : false
    },
    {
      "extension" : [{
        "url" : "http://hl7.org/fhir/tools/StructureDefinition/resource-information",
        "valueString" : "StructureDefinition:logical"
      }],
      "reference" : {
        "reference" : "StructureDefinition/EHDSMedicationDispense"
      },
      "name" : "Medication dispense model",
      "description" : "Logical model for medication dispensation (based on a request and dispensed in a pharmacy). Implementers should take into account, if allowed and needed, the calculation of remaining dispensable product based on this information.",
      "isExample" : false,
      "groupingId" : "EHDSPrescriptionDispenseLogicalModels"
    },
    {
      "extension" : [{
        "url" : "http://hl7.org/fhir/tools/StructureDefinition/resource-information",
        "valueString" : "StructureDefinition:logical"
      }],
      "reference" : {
        "reference" : "StructureDefinition/EHDSMedication"
      },
      "name" : "Medication model",
      "description" : "Logical model for prescribed/dispensed medication. The model is shared by statements, requests, dispensations, and administrations. Each of those may have different restrictions in a FHIR profile. The model is suitable for generic/virtual medications as well as branded/real products. The model aims to have basic alignment with ISO IDMP but it does not cover the full complexity needed for medication registries.",
      "isExample" : false
    },
    {
      "extension" : [{
        "url" : "http://hl7.org/fhir/tools/StructureDefinition/resource-information",
        "valueString" : "StructureDefinition:logical"
      }],
      "reference" : {
        "reference" : "StructureDefinition/EHDSMedicationPrescription"
      },
      "name" : "Medication prescription model",
      "description" : "Logical model for medication prescription. A prescription contains one or more prescription items (medications).",
      "isExample" : false,
      "groupingId" : "EHDSPrescriptionDispenseLogicalModels"
    },
    {
      "extension" : [{
        "url" : "http://hl7.org/fhir/tools/StructureDefinition/resource-information",
        "valueString" : "StructureDefinition:logical"
      }],
      "reference" : {
        "reference" : "StructureDefinition/EHDSMedicationUse"
      },
      "name" : "Medication use model",
      "description" : "Statement about a single medication as part of a medication summary.",
      "isExample" : false
    },
    {
      "extension" : [{
        "url" : "http://hl7.org/fhir/tools/StructureDefinition/resource-information",
        "valueString" : "StructureDefinition:logical"
      }],
      "reference" : {
        "reference" : "StructureDefinition/EHDSObservation"
      },
      "name" : "Observation model",
      "description" : "EHDS refined base model for Observation information",
      "isExample" : false
    },
    {
      "extension" : [{
        "url" : "http://hl7.org/fhir/tools/StructureDefinition/resource-information",
        "valueString" : "StructureDefinition:logical"
      }],
      "reference" : {
        "reference" : "StructureDefinition/EHDSOrganisation"
      },
      "name" : "Organisation model",
      "description" : "EHDS refined base model for Health provider or any other type of organisation",
      "isExample" : false
    },
    {
      "extension" : [{
        "url" : "http://hl7.org/fhir/tools/StructureDefinition/resource-information",
        "valueString" : "StructureDefinition:logical"
      }],
      "reference" : {
        "reference" : "StructureDefinition/EHDSPatient"
      },
      "name" : "Patient model",
      "description" : "EHDS refined base model for patient (subject of care) information",
      "isExample" : false
    },
    {
      "extension" : [{
        "url" : "http://hl7.org/fhir/tools/StructureDefinition/resource-information",
        "valueString" : "StructureDefinition:logical"
      }],
      "reference" : {
        "reference" : "StructureDefinition/EHDSPatientSummary"
      },
      "name" : "Patient summary model",
      "description" : "The model is a structured document designed to provide an overview of a patient’s most important health information. The model aims to be compatible with the ISO International Patient Summary standard.",
      "isExample" : false,
      "groupingId" : "EHDSPsLogicalModels"
    },
    {
      "extension" : [{
        "url" : "http://hl7.org/fhir/tools/StructureDefinition/resource-information",
        "valueString" : "StructureDefinition:logical"
      }],
      "reference" : {
        "reference" : "StructureDefinition/EHDSPregnancyHistory"
      },
      "name" : "Pregnancy history model",
      "description" : "Pregnancy history for one pregnancy",
      "isExample" : false
    },
    {
      "extension" : [{
        "url" : "http://hl7.org/fhir/tools/StructureDefinition/resource-information",
        "valueString" : "StructureDefinition:logical"
      }],
      "reference" : {
        "reference" : "StructureDefinition/EHDSProcedure"
      },
      "name" : "Procedure model",
      "description" : "The model provides basic information about a procedure performed on or for a patient. This includes surgical, therapeutic, and diagnostic procedures, as well as specimen collection. The model does not cover procedures in the planning stage.",
      "isExample" : false
    },
    {
      "extension" : [{
        "url" : "http://hl7.org/fhir/tools/StructureDefinition/resource-information",
        "valueString" : "StructureDefinition:logical"
      }],
      "reference" : {
        "reference" : "StructureDefinition/EHDSRelatedPerson"
      },
      "name" : "Related person model",
      "description" : "EHDS refined base model for Patient/subject guardian and other related person information",
      "isExample" : false
    },
    {
      "extension" : [{
        "url" : "http://hl7.org/fhir/tools/StructureDefinition/resource-information",
        "valueString" : "StructureDefinition:logical"
      }],
      "reference" : {
        "reference" : "StructureDefinition/EHDSServiceRequest"
      },
      "name" : "Service request model",
      "description" : "The model covers details about a requested service or services. One order may include several requests.",
      "isExample" : false
    },
    {
      "extension" : [{
        "url" : "http://hl7.org/fhir/tools/StructureDefinition/resource-information",
        "valueString" : "StructureDefinition:logical"
      }],
      "reference" : {
        "reference" : "StructureDefinition/EHDSSocialHistory"
      },
      "name" : "Social history model",
      "description" : "EHDS model for social history observations",
      "isExample" : false
    },
    {
      "extension" : [{
        "url" : "http://hl7.org/fhir/tools/StructureDefinition/resource-information",
        "valueString" : "StructureDefinition:logical"
      }],
      "reference" : {
        "reference" : "StructureDefinition/EHDSSpecimen"
      },
      "name" : "Specimen model",
      "description" : "EHDS refined base model for a specimen to be used for Analysis",
      "isExample" : false
    },
    {
      "extension" : [{
        "url" : "http://hl7.org/fhir/tools/StructureDefinition/resource-information",
        "valueString" : "StructureDefinition:logical"
      }],
      "reference" : {
        "reference" : "StructureDefinition/EHDSSubstanceUse"
      },
      "name" : "Substance use model",
      "description" : "Statement about using a substance (such as tobacco, alcohol, drugs, etc).",
      "isExample" : false
    },
    {
      "extension" : [{
        "url" : "http://hl7.org/fhir/tools/StructureDefinition/resource-information",
        "valueString" : "StructureDefinition:logical"
      }],
      "reference" : {
        "reference" : "StructureDefinition/EHDSTelecom"
      },
      "name" : "Telecom model",
      "description" : "EHDS refined base model for communication contact information structure",
      "isExample" : false
    },
    {
      "extension" : [{
        "url" : "http://hl7.org/fhir/tools/StructureDefinition/resource-information",
        "valueString" : "StructureDefinition:logical"
      }],
      "reference" : {
        "reference" : "StructureDefinition/EHDSTravelHistory"
      },
      "name" : "Travel history model",
      "description" : "Relevant information about the patient's recent travel history, for one visit",
      "isExample" : false
    }],
    "page" : {
      "sourceUrl" : "toc.html",
      "name" : "toc.html",
      "title" : "Table of Contents",
      "generation" : "html",
      "page" : [{
        "sourceUrl" : "index.html",
        "name" : "index.html",
        "title" : "Home",
        "generation" : "markdown"
      },
      {
        "sourceUrl" : "howto.html",
        "name" : "howto.html",
        "title" : "How to read this guide",
        "generation" : "markdown"
      },
      {
        "sourceUrl" : "knownIssues.html",
        "name" : "knownIssues.html",
        "title" : "Known issues",
        "generation" : "markdown"
      },
      {
        "sourceUrl" : "scope.html",
        "name" : "scope.html",
        "title" : "Scope and Content",
        "generation" : "markdown"
      },
      {
        "sourceUrl" : "wow.html",
        "name" : "wow.html",
        "title" : "Ways of working",
        "generation" : "markdown"
      },
      {
        "sourceUrl" : "useCasePrescription.html",
        "name" : "useCasePrescription.html",
        "title" : "ePrescription",
        "generation" : "markdown"
      },
      {
        "sourceUrl" : "useCaseDispensation.html",
        "name" : "useCaseDispensation.html",
        "title" : "eDispensation",
        "generation" : "markdown"
      },
      {
        "sourceUrl" : "useCasePatientSummary.html",
        "name" : "useCasePatientSummary.html",
        "title" : "Patient Summary",
        "generation" : "markdown"
      },
      {
        "sourceUrl" : "useCaseLabReport.html",
        "name" : "useCaseLabReport.html",
        "title" : "Laboratory Report",
        "generation" : "markdown"
      },
      {
        "sourceUrl" : "obligationsLabReport.html",
        "name" : "obligationsLabReport.html",
        "title" : "Obligations for Laboratory Report",
        "generation" : "markdown"
      },
      {
        "sourceUrl" : "useCaseMedicalImages.html",
        "name" : "useCaseMedicalImages.html",
        "title" : "Medical Images",
        "generation" : "markdown"
      },
      {
        "sourceUrl" : "useCaseHospitalDischargeReport.html",
        "name" : "useCaseHospitalDischargeReport.html",
        "title" : "Discharge Report",
        "generation" : "markdown"
      },
      {
        "sourceUrl" : "downloads.html",
        "name" : "downloads.html",
        "title" : "Download",
        "generation" : "markdown"
      }]
    },
    "parameter" : [{
      "code" : {
        "system" : "http://hl7.org/fhir/tools/CodeSystem/ig-parameters",
        "code" : "copyrightyear"
      },
      "value" : "2022+"
    },
    {
      "code" : {
        "system" : "http://hl7.org/fhir/tools/CodeSystem/ig-parameters",
        "code" : "releaselabel"
      },
      "value" : "qa-preview"
    },
    {
      "code" : {
        "system" : "http://hl7.org/fhir/tools/CodeSystem/ig-parameters",
        "code" : "produce-jekyll-data"
      },
      "value" : "true"
    },
    {
      "code" : {
        "system" : "http://hl7.org/fhir/tools/CodeSystem/ig-parameters",
        "code" : "autoload-resources"
      },
      "value" : "true"
    },
    {
      "code" : {
        "system" : "http://hl7.org/fhir/guide-parameter-code",
        "code" : "path-resource"
      },
      "value" : "input/capabilities"
    },
    {
      "code" : {
        "system" : "http://hl7.org/fhir/guide-parameter-code",
        "code" : "path-resource"
      },
      "value" : "input/examples"
    },
    {
      "code" : {
        "system" : "http://hl7.org/fhir/guide-parameter-code",
        "code" : "path-resource"
      },
      "value" : "input/extensions"
    },
    {
      "code" : {
        "system" : "http://hl7.org/fhir/guide-parameter-code",
        "code" : "path-resource"
      },
      "value" : "input/models"
    },
    {
      "code" : {
        "system" : "http://hl7.org/fhir/guide-parameter-code",
        "code" : "path-resource"
      },
      "value" : "input/operations"
    },
    {
      "code" : {
        "system" : "http://hl7.org/fhir/guide-parameter-code",
        "code" : "path-resource"
      },
      "value" : "input/profiles"
    },
    {
      "code" : {
        "system" : "http://hl7.org/fhir/guide-parameter-code",
        "code" : "path-resource"
      },
      "value" : "input/resources"
    },
    {
      "code" : {
        "system" : "http://hl7.org/fhir/guide-parameter-code",
        "code" : "path-resource"
      },
      "value" : "input/vocabulary"
    },
    {
      "code" : {
        "system" : "http://hl7.org/fhir/guide-parameter-code",
        "code" : "path-resource"
      },
      "value" : "input/maps"
    },
    {
      "code" : {
        "system" : "http://hl7.org/fhir/guide-parameter-code",
        "code" : "path-resource"
      },
      "value" : "input/testing"
    },
    {
      "code" : {
        "system" : "http://hl7.org/fhir/guide-parameter-code",
        "code" : "path-resource"
      },
      "value" : "input/history"
    },
    {
      "code" : {
        "system" : "http://hl7.org/fhir/guide-parameter-code",
        "code" : "path-resource"
      },
      "value" : "fsh-generated/resources"
    },
    {
      "code" : {
        "system" : "http://hl7.org/fhir/guide-parameter-code",
        "code" : "path-pages"
      },
      "value" : "template/config"
    },
    {
      "code" : {
        "system" : "http://hl7.org/fhir/guide-parameter-code",
        "code" : "path-pages"
      },
      "value" : "input/images"
    },
    {
      "code" : {
        "system" : "http://hl7.org/fhir/tools/CodeSystem/ig-parameters",
        "code" : "path-liquid"
      },
      "value" : "template/liquid"
    },
    {
      "code" : {
        "system" : "http://hl7.org/fhir/tools/CodeSystem/ig-parameters",
        "code" : "path-liquid"
      },
      "value" : "input/liquid"
    },
    {
      "code" : {
        "system" : "http://hl7.org/fhir/tools/CodeSystem/ig-parameters",
        "code" : "path-qa"
      },
      "value" : "temp/qa"
    },
    {
      "code" : {
        "system" : "http://hl7.org/fhir/tools/CodeSystem/ig-parameters",
        "code" : "path-temp"
      },
      "value" : "temp/pages"
    },
    {
      "code" : {
        "system" : "http://hl7.org/fhir/tools/CodeSystem/ig-parameters",
        "code" : "path-output"
      },
      "value" : "output"
    },
    {
      "code" : {
        "system" : "http://hl7.org/fhir/guide-parameter-code",
        "code" : "path-tx-cache"
      },
      "value" : "input-cache/txcache"
    },
    {
      "code" : {
        "system" : "http://hl7.org/fhir/tools/CodeSystem/ig-parameters",
        "code" : "path-suppressed-warnings"
      },
      "value" : "input/ignoreWarnings.txt"
    },
    {
      "code" : {
        "system" : "http://hl7.org/fhir/tools/CodeSystem/ig-parameters",
        "code" : "path-history"
      },
      "value" : "http://www.xt-ehr.eu/fhir/models/history.html"
    },
    {
      "code" : {
        "system" : "http://hl7.org/fhir/tools/CodeSystem/ig-parameters",
        "code" : "template-html"
      },
      "value" : "template-page.html"
    },
    {
      "code" : {
        "system" : "http://hl7.org/fhir/tools/CodeSystem/ig-parameters",
        "code" : "template-md"
      },
      "value" : "template-page-md.html"
    },
    {
      "code" : {
        "system" : "http://hl7.org/fhir/tools/CodeSystem/ig-parameters",
        "code" : "apply-contact"
      },
      "value" : "true"
    },
    {
      "code" : {
        "system" : "http://hl7.org/fhir/tools/CodeSystem/ig-parameters",
        "code" : "apply-context"
      },
      "value" : "true"
    },
    {
      "code" : {
        "system" : "http://hl7.org/fhir/tools/CodeSystem/ig-parameters",
        "code" : "apply-copyright"
      },
      "value" : "true"
    },
    {
      "code" : {
        "system" : "http://hl7.org/fhir/tools/CodeSystem/ig-parameters",
        "code" : "apply-jurisdiction"
      },
      "value" : "true"
    },
    {
      "code" : {
        "system" : "http://hl7.org/fhir/tools/CodeSystem/ig-parameters",
        "code" : "apply-license"
      },
      "value" : "true"
    },
    {
      "code" : {
        "system" : "http://hl7.org/fhir/tools/CodeSystem/ig-parameters",
        "code" : "apply-publisher"
      },
      "value" : "true"
    },
    {
      "code" : {
        "system" : "http://hl7.org/fhir/tools/CodeSystem/ig-parameters",
        "code" : "apply-version"
      },
      "value" : "true"
    },
    {
      "code" : {
        "system" : "http://hl7.org/fhir/tools/CodeSystem/ig-parameters",
        "code" : "apply-wg"
      },
      "value" : "true"
    },
    {
      "code" : {
        "system" : "http://hl7.org/fhir/tools/CodeSystem/ig-parameters",
        "code" : "active-tables"
      },
      "value" : "true"
    },
    {
      "code" : {
        "system" : "http://hl7.org/fhir/tools/CodeSystem/ig-parameters",
        "code" : "fmm-definition"
      },
      "value" : "http://hl7.org/fhir/versions.html#maturity"
    },
    {
      "code" : {
        "system" : "http://hl7.org/fhir/tools/CodeSystem/ig-parameters",
        "code" : "propagate-status"
      },
      "value" : "true"
    },
    {
      "code" : {
        "system" : "http://hl7.org/fhir/tools/CodeSystem/ig-parameters",
        "code" : "excludelogbinaryformat"
      },
      "value" : "true"
    },
    {
      "code" : {
        "system" : "http://hl7.org/fhir/tools/CodeSystem/ig-parameters",
        "code" : "tabbed-snapshots"
      },
      "value" : "true"
    }]
  }
}