"Id","Path","Slice Name","Alias(s)","Label","Min","Max","Must Support?","Is Modifier?","Is Summary?","Type(s)","Short","Definition","Comments","Requirements","Default Value","Meaning When Missing","Fixed Value","Pattern","Example","Minimum Value","Maximum Value","Maximum Length","Binding Strength","Binding Description","Binding Value Set","Code","Slicing Discriminator","Slicing Description","Slicing Ordered","Slicing Rules","Base Path","Base Min","Base Max","Condition(s)","Constraint(s)","Mapping: RIM Mapping"
"EHDSEpisodeOfCare","EHDSEpisodeOfCare","","","",0,*,"","","","null {[]} {[]}
","Episode of care model","EHDS refined base model for Episode of care","","","","","","","","","",,,,,"",,,,"Base",0,*,"","","n/a"
"EHDSEpisodeOfCare.identifier","EHDSEpisodeOfCare.identifier","","","",0,*,"","","","Identifier {[]} {[]}
","Identifier","Episode of care identifier (Business identifiers assigned to this episode of care).","","","","","","","","","",,,,,"",,,,"EHDSEpisodeOfCare.identifier",0,*,"",""
"EHDSEpisodeOfCare.type","EHDSEpisodeOfCare.type","","","",0,*,"","","","CodeableConcept {[]} {[]}
","Type","A classification of the type of episode of care; e.g. specialist referral, disease management.","","","","","","","","","",,,,,"",,,,"EHDSEpisodeOfCare.type",0,*,"",""
"EHDSEpisodeOfCare.reasonText","EHDSEpisodeOfCare.reasonText","","","",0,1,"","","","string {[]} {[]}
","Reason text","The medical reasons that are expected to be addressed during the episode of care - text.","","","","","","","","","",,,,,"",,,,"EHDSEpisodeOfCare.reasonText",0,1,"",""
"EHDSEpisodeOfCare.reason","EHDSEpisodeOfCare.reason","","","",0,*,"","","","CodeableReference {[]} {[CanonicalType[https://www.xt-ehr.eu/specifications/fhir/StructureDefinition/EHDSCondition], CanonicalType[https://www.xt-ehr.eu/specifications/fhir/StructureDefinition/EHDSProcedure], CanonicalType[https://www.xt-ehr.eu/specifications/fhir/StructureDefinition/EHDSObservation]]}
","Reason","The list of medical reasons that are expected to be addressed during the episode of care - coded.","","","","","","","","","",,,,,"",,,,"EHDSEpisodeOfCare.reason",0,*,"",""
"EHDSEpisodeOfCare.diagnosis","EHDSEpisodeOfCare.diagnosis","","","",0,*,"","","","Base {[]} {[]}
","Diagnosis","The list of medical conditions that were addressed during the episode of care","","","","","","","","","",,,,,"",,,,"EHDSEpisodeOfCare.diagnosis",0,*,"",""
"EHDSEpisodeOfCare.diagnosis.description","EHDSEpisodeOfCare.diagnosis.description","","","",1,1,"","","","string {[]} {[]}
","Description","The medical condition that was addressed during the episode of care - text.","","","","","","","","","",,,,,"",,,,"EHDSEpisodeOfCare.diagnosis.description",1,1,"",""
"EHDSEpisodeOfCare.diagnosis.condition","EHDSEpisodeOfCare.diagnosis.condition","","","",0,1,"","","","CodeableReference {[]} {[CanonicalType[https://www.xt-ehr.eu/specifications/fhir/StructureDefinition/EHDSCondition]]}
","Condition","The medical condition that was addressed during the episode of care","","","","","","","","","",,,,,"",,,,"EHDSEpisodeOfCare.diagnosis.condition",0,1,"",""
"EHDSEpisodeOfCare.patient","EHDSEpisodeOfCare.patient","","","",1,1,"","","","Reference {[]} {[CanonicalType[https://www.xt-ehr.eu/specifications/fhir/StructureDefinition/EHDSPatient]]}
","Patient","The patient who is the focus of this episode of care","","","","","","","","","",,,,,"",,,,"EHDSEpisodeOfCare.patient",1,1,"",""
