"Id","Path","Slice Name","Alias(s)","Label","Min","Max","Must Support?","Is Modifier?","Is Summary?","Type(s)","Short","Definition","Comments","Requirements","Default Value","Meaning When Missing","Fixed Value","Pattern","Example","Minimum Value","Maximum Value","Maximum Length","Binding Strength","Binding Description","Binding Value Set","Code","Slicing Discriminator","Slicing Description","Slicing Ordered","Slicing Rules","Base Path","Base Min","Base Max","Condition(s)","Constraint(s)","Mapping: RIM Mapping"
"EHDSDischargeReport","EHDSDischargeReport","","","",0,*,"","","","null {[]} {[]}
","Discharge Report model","EHDS refined base model for Discharge Report","","","","","","","","","",,,,,"",,,,"Base",0,*,"","","n/a"
"EHDSDischargeReport.header","EHDSDischargeReport.header","","","",1,1,"","","","Base {[]} {[]}
","Document header elements","Common header for all patient-related data","","","","","","","","","",,,,,"",,,,"EHDSDataSet.header",1,1,"",""
"EHDSDischargeReport.header.subject","EHDSDischargeReport.header.subject","","","",1,1,"","","","https://www.xt-ehr.eu/specifications/fhir/StructureDefinition/EHDSPatient {[]} {[]}
","Subject","Patient/subject information","","","","","","","","","",,,,,"",,,,"EHDSDataSet.header.subject",1,1,"",""
"EHDSDischargeReport.header.identifier","EHDSDischargeReport.header.identifier","","","",1,*,"","","","Identifier {[]} {[]}
","Document ID","Unique identifier of the document","","","","","","","","","",,,,,"",,,,"EHDSDataSet.header.identifier",0,*,"",""
"EHDSDischargeReport.header.authorship","EHDSDischargeReport.header.authorship","","","",1,*,"","","","Base {[]} {[]}
","Authorship","Resource authoring details","","","","","","","","","",,,,,"",,,,"EHDSDataSet.header.authorship",1,*,"",""
"EHDSDischargeReport.header.authorship.author[x]","EHDSDischargeReport.header.authorship.author[x]","","","",1,1,"","","","https://www.xt-ehr.eu/specifications/fhir/StructureDefinition/EHDSHealthProfessional {[]} {[]}
https://www.xt-ehr.eu/specifications/fhir/StructureDefinition/EHDSOrganisation {[]} {[]}https://www.xt-ehr.eu/specifications/fhir/StructureDefinition/EHDSDevice {[]} {[]}","Author","Author(s) by whom the resource was/were authored. Multiple authors could be provided.","","","","","","","","","",,,,,"",,,,"EHDSDataSet.header.authorship.author[x]",1,1,"",""
"EHDSDischargeReport.header.authorship.datetime","EHDSDischargeReport.header.authorship.datetime","","","",1,1,"","","","dateTime {[]} {[]}
","Date and time of authoring/issuing","Date and time of the issuing the document/resource by its author.","","","","","","","","","",,,,,"",,,,"EHDSDataSet.header.authorship.datetime",1,1,"",""
"EHDSDischargeReport.header.lastUpdate","EHDSDischargeReport.header.lastUpdate","","","",0,1,"","","","dateTime {[]} {[]}
","Date and time of the last update to the resource","Date and time of the last update to the document/information","","","","","","","","","",,,,,"",,,,"EHDSDataSet.header.lastUpdate",0,1,"",""
"EHDSDischargeReport.header.status","EHDSDischargeReport.header.status","","","",1,1,"","","","CodeableConcept {[]} {[]}
","Status of the resource","Status of the resource","","","","","","","","","",,,,,"",,,,"EHDSDataSet.header.status",1,1,"",""
"EHDSDischargeReport.header.statusReason[x]","EHDSDischargeReport.header.statusReason[x]","","","",0,1,"","","","CodeableConcept {[]} {[]}
string {[]} {[]}","Reason for the current status of the resource.","Reason for the current status of the resource.","","","","","","","","","",,,,,"",,,,"EHDSDataSet.header.statusReason[x]",0,1,"",""
"EHDSDischargeReport.header.language","EHDSDischargeReport.header.language","","","",0,1,"","","","CodeableConcept {[]} {[]}
","Language","Language in which the resource is written. Language is expressed by the IETF language tag.","","","","","","","","","",,"preferred","BCP 47","","",,,,"EHDSDataSet.header.language",0,1,"",""
"EHDSDischargeReport.header.version","EHDSDischargeReport.header.version","","","",0,1,"","","","string {[]} {[]}
","Version","Business version of the resource.","","","","","","","","","",,,,,"",,,,"EHDSDataSet.header.version",0,1,"",""
"EHDSDischargeReport.presentedForm","EHDSDischargeReport.presentedForm","","","",0,*,"","","","https://www.xt-ehr.eu/specifications/fhir/StructureDefinition/EHDSAttachment {[]} {[]}
","A narrative easy-to-read representation of the full data set, e.g. PDF-version of a document","A narrative easy-to-read representation of the full data set, e.g. PDF-version of a document","","","","","","","","","",,,,,"",,,,"EHDSDataSet.presentedForm",0,*,"",""
"EHDSDischargeReport.header.documentType","EHDSDischargeReport.header.documentType","","","",1,1,"","","","CodeableConcept {[]} {[]}
","Document type","Identifies the type of document at hand, e.g. Discharge report.","","","","","","","","","",,"preferred","LOINC","","",,,,"EHDSDocument.header.documentType",1,1,"",""
"EHDSDischargeReport.header.documentTitle","EHDSDischargeReport.header.documentTitle","","","",1,1,"","","","string {[]} {[]}
","Document title","Document title, such as Discharge Report, Laboratory Result Report, etc.","","","","","","","","","",,,,,"",,,,"EHDSDocument.header.documentTitle",1,1,"",""
"EHDSDischargeReport.header.documentStatus","EHDSDischargeReport.header.documentStatus","","","",1,1,"","","","CodeableConcept {[]} {[]}
","Document status","The status of the Discharge report. E.g., preliminary, final.","","","","","","","","","",,"preferred","hl7:CompositionStatus","","",,,,"EHDSDocument.header.documentStatus",1,1,"",""
"EHDSDischargeReport.header.period","EHDSDischargeReport.header.period","","","",0,1,"","","","Period {[]} {[]}
","Period","Time of service that is being documented","","","","","","","","","",,,,,"",,,,"EHDSDocument.header.period",0,1,"",""
"EHDSDischargeReport.header.attestation","EHDSDischargeReport.header.attestation","","","",0,*,"","","","Base {[]} {[]}
","Attestation","Document attestation details","","","","","","","","","",,,,,"",,,,"EHDSDocument.header.attestation",0,*,"",""
"EHDSDischargeReport.header.attestation.attester","EHDSDischargeReport.header.attestation.attester","","","",1,1,"","","","https://www.xt-ehr.eu/specifications/fhir/StructureDefinition/EHDSHealthProfessional {[]} {[]}
","Attester","Attester who validated the document. Mulitple attesters could be provided.","","","","","","","","","",,,,,"",,,,"EHDSDocument.header.attestation.attester",1,1,"",""
"EHDSDischargeReport.header.attestation.datetime","EHDSDischargeReport.header.attestation.datetime","","","",1,1,"","","","dateTime {[]} {[]}
","DateTime","Date and time of the approval of the document by Attester.","","","","","","","","","",,,,,"",,,,"EHDSDocument.header.attestation.datetime",1,1,"",""
"EHDSDischargeReport.header.legalAuthentication","EHDSDischargeReport.header.legalAuthentication","","","",0,1,"","","","Base {[]} {[]}
","Legal authentication","Document legal authentication","","","","","","","","","",,,,,"",,,,"EHDSDocument.header.legalAuthentication",0,1,"",""
"EHDSDischargeReport.header.legalAuthentication.legalAuthenticator","EHDSDischargeReport.header.legalAuthentication.legalAuthenticator","","","",1,1,"","","","https://www.xt-ehr.eu/specifications/fhir/StructureDefinition/EHDSHealthProfessional {[]} {[]}
","Legal authenticator","The person taking responsibility for the medical content of the document","","","","","","","","","",,,,,"",,,,"EHDSDocument.header.legalAuthentication.legalAuthenticator",1,1,"",""
"EHDSDischargeReport.header.legalAuthentication.datetime","EHDSDischargeReport.header.legalAuthentication.datetime","","","",1,1,"","","","dateTime {[]} {[]}
","DateTime","Date and time when the document was authorized.","","","","","","","","","",,,,,"",,,,"EHDSDocument.header.legalAuthentication.datetime",1,1,"",""
"EHDSDischargeReport.header.eventType","EHDSDischargeReport.header.eventType","","","",0,*,"","","","CodeableConcept {[]} {[]}
","Event type","Categorization of the event covered by the document (e.g. laboratory study types, imaging study types including modality, etc.). Selection of such tags or labels depends on the use case and agreement betwen data sharing parties. This meta-data element serves primarily for searching and filtering purpuses.","","","","","","","","","",,"preferred","LOINC, SNOMED CT, dicom-cid-33-Modality","","",,,,"EHDSDocument.header.eventType",0,*,"",""
"EHDSDischargeReport.header.authorSpecialty","EHDSDischargeReport.header.authorSpecialty","","","",0,*,"","","","CodeableConcept {[]} {[]}
","Specialty","Additional details about where the content was created (e.g. clinical specialty)","","","","","","","","","",,"preferred","SNOMED CT","","",,,,"EHDSDocument.header.authorSpecialty",0,*,"",""
"EHDSDischargeReport.header.custodian","EHDSDischargeReport.header.custodian","","","",1,1,"","","","https://www.xt-ehr.eu/specifications/fhir/StructureDefinition/EHDSOrganisation {[]} {[]}
","Document custodian","Organisation that is in charge of maintaining the document/report.","","","","","","","","","",,,,,"",,,,"EHDSDocument.header.custodian",1,1,"",""
"EHDSDischargeReport.header.documentFormat","EHDSDischargeReport.header.documentFormat","","","",0,1,"","","","CodeableConcept {[]} {[]}
","Document format","An identifier of the document constraints, encoding, structure, and template that the document conforms to beyond the base format indicated in the mimeType.","","","","","","","","","",,"preferred","HL7 Document Format Codes","","",,,,"EHDSDocument.header.documentFormat",0,1,"",""
"EHDSDischargeReport.header.confidentiality","EHDSDischargeReport.header.confidentiality","","","",0,1,"","","","CodeableConcept {[]} {[]}
","Confidentiality","Level of confidentiality of the document. Implicit value is normal.","","","","","","","","","",,"preferred","hl7:Confidentiality","","",,,,"EHDSDocument.header.confidentiality",0,1,"",""
"EHDSDischargeReport.knowledgeResources","EHDSDischargeReport.knowledgeResources","","","",0,0,"","","","Base {[]} {[]}
","Related documents and information sources","Related documents and information sources","","","","","","","","","",,,,,"",,,,"EHDSDocument.knowledgeResources",0,*,"",""
"EHDSDischargeReport.knowledgeResources.externalReference","EHDSDischargeReport.knowledgeResources.externalReference","","","",0,*,"","","","RelatedArtifact {[]} {[]}
","...","...","","","","","","","","","",,,,,"",,,,"EHDSDocument.knowledgeResources.externalReference",0,*,"",""
"EHDSDischargeReport.knowledgeResources.relatedTo","EHDSDischargeReport.knowledgeResources.relatedTo","","","",0,*,"","","","Reference {[]} {[]}
","...","...","","","","","","","","","",,,,,"",,,,"EHDSDocument.knowledgeResources.relatedTo",0,*,"",""
"EHDSDischargeReport.header.intendedRecipient[x]","EHDSDischargeReport.header.intendedRecipient[x]","","","",0,*,"","","","https://www.xt-ehr.eu/specifications/fhir/StructureDefinition/EHDSPatient {[]} {[]}
https://www.xt-ehr.eu/specifications/fhir/StructureDefinition/EHDSRelatedPerson {[]} {[]}https://www.xt-ehr.eu/specifications/fhir/StructureDefinition/EHDSHealthProfessional {[]} {[]}https://www.xt-ehr.eu/specifications/fhir/StructureDefinition/EHDSOrganisation {[]} {[]}https://www.xt-ehr.eu/specifications/fhir/StructureDefinition/EHDSDevice {[]} {[]}","Intended recipient","Information recipient (intended recipient or recipients of the report, additional recipients might be identified by the ordering party, e.g. GP, other specialist), if applicable","","","","","","","","","",,,,,"",,,,"EHDSDischargeReport.header.intendedRecipient[x]",0,*,"",""
"EHDSDischargeReport.header.healthInsuranceAndPaymentInformation","EHDSDischargeReport.header.healthInsuranceAndPaymentInformation","","","",0,*,"","","","https://www.xt-ehr.eu/specifications/fhir/StructureDefinition/EHDSCoverage {[]} {[]}
","Health insurance and payment information","Health insurance and payment information","","","","","","","","","",,,,,"",,,,"EHDSDischargeReport.header.healthInsuranceAndPaymentInformation",0,*,"",""
"EHDSDischargeReport.body","EHDSDischargeReport.body","","","",0,1,"","","","Base {[]} {[]}
","Structured body of the discharge report document","Structured body of the discharge report document","","","","","","","","","",,,,,"",,,,"EHDSDischargeReport.body",0,1,"",""
"EHDSDischargeReport.body.advanceDirectives","EHDSDischargeReport.body.advanceDirectives","","","",0,1,"","","","Base {[]} {[]}
","Section: Advance Directives.","Provision for healthcare decisions if, in the future, a person is unable to make those decisions.","","eHN Guideline HDR (v1.1): A.2.2","","","","","","","",,,,,"",,,,"EHDSDischargeReport.body.advanceDirectives",0,1,"",""
"EHDSDischargeReport.body.advanceDirectives.narrative","EHDSDischargeReport.body.advanceDirectives.narrative","","","",0,1,"","","","string {[]} {[]}
","Narrative, potentially formatted, content of the section","Narrative, potentially formatted, content of the section","","","","","","","","","",,,,,"",,,,"EHDSDischargeReport.body.advanceDirectives.narrative",0,1,"",""
"EHDSDischargeReport.body.advanceDirectives.advanceDirective","EHDSDischargeReport.body.advanceDirectives.advanceDirective","","","",0,*,"","","","https://www.xt-ehr.eu/specifications/fhir/StructureDefinition/EHDSAdvanceDirective {[]} {[]}
","Provision for healthcare decisions if, in the future, a person is unable to make those decisions","Provision for healthcare decisions if, in the future, a person is unable to make those decisions","","","","","","","","","",,,,,"",,,,"EHDSDischargeReport.body.advanceDirectives.advanceDirective",0,*,"",""
"EHDSDischargeReport.body.alerts","EHDSDischargeReport.body.alerts","","","",0,1,"","","","Base {[]} {[]}
","Section: Alerts.","Information about substantial alerts or warnings that health professionals should be aware of.","","eHN Guideline HDR (v1.1): A.2.2","","","","","","","",,,,,"",,,,"EHDSDischargeReport.body.alerts",0,1,"",""
"EHDSDischargeReport.body.alerts.narrative","EHDSDischargeReport.body.alerts.narrative","","","",0,1,"","","","string {[]} {[]}
","Narrative, potentially formatted, content of the section","Narrative, potentially formatted, content of the section","","","","","","","","","",,,,,"",,,,"EHDSDischargeReport.body.alerts.narrative",0,1,"",""
"EHDSDischargeReport.body.alerts.medicalAlert","EHDSDischargeReport.body.alerts.medicalAlert","","","",0,*,"","","","https://www.xt-ehr.eu/specifications/fhir/StructureDefinition/EHDSAlert {[]} {[]}
","Description of medical alerts in textual format: any clinical information that is imperative to know so that the life or health of the patient does not come under threat.","Description of medical alerts in textual format: any clinical information that is imperative to know so that the life or health of the patient does not come under threat.","","eHN Guideline HDR (v1.1): A.2.2.2","","","","","","","",,,,,"",,,,"EHDSDischargeReport.body.alerts.medicalAlert",0,*,"",""
"EHDSDischargeReport.body.alerts.allergyAndIntolerance","EHDSDischargeReport.body.alerts.allergyAndIntolerance","","","",0,*,"","","","https://www.xt-ehr.eu/specifications/fhir/StructureDefinition/EHDSAllergyIntolerance {[]} {[]}
","Allergy and Intolerance. A record of allergies and intolerances (primarily to be used for new allergies or intolerances that occurred during the encounter).","Allergy and Intolerance. A record of allergies and intolerances (primarily to be used for new allergies or intolerances that occurred during the encounter).","","eHN Guideline HDR (v1.1): A.2.2.1","","","","","","","",,,,,"",,,,"EHDSDischargeReport.body.alerts.allergyAndIntolerance",0,*,"",""
"EHDSDischargeReport.body.encounterInformation","EHDSDischargeReport.body.encounterInformation","","","",1,1,"","","","Base {[]} {[]}
","Section: Encounter information.","Section: Encounter information.","","eHN Guideline HDR (v1.1): A.2.2","","","","","","","",,,,,"",,,,"EHDSDischargeReport.body.encounterInformation",1,1,"",""
"EHDSDischargeReport.body.encounterInformation.narrative","EHDSDischargeReport.body.encounterInformation.narrative","","","",1,1,"","","","string {[]} {[]}
","Narrative, potentially formatted, content of the section","Narrative, potentially formatted, content of the section","","","","","","","","","",,,,,"",,,,"EHDSDischargeReport.body.encounterInformation.narrative",1,1,"",""
"EHDSDischargeReport.body.encounterInformation.encounter","EHDSDischargeReport.body.encounterInformation.encounter","","","",0,1,"","","","https://www.xt-ehr.eu/specifications/fhir/StructureDefinition/EHDSEncounter {[]} {[]}
","Encounter information","Encounter information","","eHN Guideline HDR (v1.1): A.2.3","","","","","","","",,,,,"",,,,"EHDSDischargeReport.body.encounterInformation.encounter",0,1,"",""
"EHDSDischargeReport.body.admissionEvaluation","EHDSDischargeReport.body.admissionEvaluation","","","",0,1,"","","","Base {[]} {[]}
","Section: Admission evaluation","Admission evaluation section should be reported exceptionally only if it is relevant to ensure continuity of care.","","eHN Guideline HDR (v1.1): A.2.4","","","","","","","",,,,,"",,,,"EHDSDischargeReport.body.admissionEvaluation",0,1,"",""
"EHDSDischargeReport.body.admissionEvaluation.narrative","EHDSDischargeReport.body.admissionEvaluation.narrative","","","",0,1,"","","","string {[]} {[]}
","Narrative content of the section. This narrative shell containing either summary narrative description of all subsections, or similar narrative sub-section elements should be provided.","Narrative content of the section. This narrative shell containing either summary narrative description of all subsections, or similar narrative sub-section elements should be provided.","","","","","","","","","",,,,,"",,,,"EHDSDischargeReport.body.admissionEvaluation.narrative",0,1,"",""
"EHDSDischargeReport.body.admissionEvaluation.objectiveFindings","EHDSDischargeReport.body.admissionEvaluation.objectiveFindings","","","",0,1,"","","","Base {[]} {[]}
","Objective findings","Sub-section with objective findings.","","eHN Guideline HDR (v1.1): A.2.4.1","","","","","","","",,,,,"",,,,"EHDSDischargeReport.body.admissionEvaluation.objectiveFindings",0,1,"",""
"EHDSDischargeReport.body.admissionEvaluation.objectiveFindings.narrative","EHDSDischargeReport.body.admissionEvaluation.objectiveFindings.narrative","","","",0,1,"","","","string {[]} {[]}
","Narrative content of the section. This narrative shell containing either summary narrative description of all subsections, or similar narrative sub-section elements should be provided.","Narrative content of the section. This narrative shell containing either summary narrative description of all subsections, or similar narrative sub-section elements should be provided.","","","","","","","","","",,,,,"",,,,"EHDSDischargeReport.body.admissionEvaluation.objectiveFindings.narrative",0,1,"",""
"EHDSDischargeReport.body.admissionEvaluation.objectiveFindings.time","EHDSDischargeReport.body.admissionEvaluation.objectiveFindings.time","","","",0,1,"","","","dateTime {[]} {[]}
","Date and time of the admission evaluation examination","Date and time of the admission evaluation examination","","eHN Guideline HDR (v1.1): A.2.4.1.1","","","","","","","",,,,,"",,,,"EHDSDischargeReport.body.admissionEvaluation.objectiveFindings.time",0,1,"",""
"EHDSDischargeReport.body.admissionEvaluation.objectiveFindings.performer","EHDSDischargeReport.body.admissionEvaluation.objectiveFindings.performer","","","",0,*,"","","","https://www.xt-ehr.eu/specifications/fhir/StructureDefinition/EHDSHealthProfessional {[]} {[]}
","Health professional(s) responsible for the admission evaluation examination.","Health professional(s) responsible for the admission evaluation examination.","","","","","","","","","",,,,,"",,,,"EHDSDischargeReport.body.admissionEvaluation.objectiveFindings.performer",0,*,"",""
"EHDSDischargeReport.body.admissionEvaluation.objectiveFindings.anthropometricObservations","EHDSDischargeReport.body.admissionEvaluation.objectiveFindings.anthropometricObservations","","","",0,*,"","","","https://www.xt-ehr.eu/specifications/fhir/StructureDefinition/EHDSObservation {[]} {[]}
","Anthropometric observations, such as body weight and height of the patient, BMI, circumference of head, waist, hip, limbs and skin fold thickness.","Anthropometric observations, such as body weight and height of the patient, BMI, circumference of head, waist, hip, limbs and skin fold thickness.","","eHN Guideline HDR (v1.1): A.2.4.1.2","","","","","","","",,,,,"",,,,"EHDSDischargeReport.body.admissionEvaluation.objectiveFindings.anthropometricObservations",0,*,"",""
"EHDSDischargeReport.body.admissionEvaluation.objectiveFindings.vitalSigns","EHDSDischargeReport.body.admissionEvaluation.objectiveFindings.vitalSigns","","","",0,*,"","","","https://www.xt-ehr.eu/specifications/fhir/StructureDefinition/EHDSObservation {[]} {[]}
","Vital signs observations. Mandatory: pulse rate, respiratory rate, systolic and diastolic blood pressure with site information; optional: 02 saturation","Vital signs observations. Mandatory: pulse rate, respiratory rate, systolic and diastolic blood pressure with site information; optional: 02 saturation","","eHN Guideline HDR (v1.1): A.2.4.1.3","","","","","","","",,,,,"",,,,"EHDSDischargeReport.body.admissionEvaluation.objectiveFindings.vitalSigns",0,*,"",""
"EHDSDischargeReport.body.admissionEvaluation.objectiveFindings.physicalExamination","EHDSDischargeReport.body.admissionEvaluation.objectiveFindings.physicalExamination","","","",0,*,"","","","https://www.xt-ehr.eu/specifications/fhir/StructureDefinition/EHDSObservation {[]} {[]}
","Physical examination","Physical examination is the process of evaluating objective anatomical findings. It is typically the first diagnostic measure performed after taking the patient's history, which allows an initial assessment of symptoms and is useful for determining the differential diagnoses and further steps. Physical examination can be performed through observation, palpation, percussion, and auscultation.","","eHN Guideline HDR (v1.1): A.2.4.1.4","","","","","","","",,,,,"",,,,"EHDSDischargeReport.body.admissionEvaluation.objectiveFindings.physicalExamination",0,*,"",""
"EHDSDischargeReport.body.admissionEvaluation.functionalStatus","EHDSDischargeReport.body.admissionEvaluation.functionalStatus","","","",0,1,"","","","Base {[]} {[]}
","Section: Functional status","Functional status can be assessed in several different ways, usually with a focus on the person’s abilities to perform basic activities of daily living (ADL), which include basic self-care such as bathing, feeding, and toileting and instrumental activities of daily living (IADL), which includes activities such as cooking, shopping, and managing one’s own affairs.For details see: https://paciowg.github.io/functional-status-ig/","","eHN Guideline HDR (v1.1): A.2.4.2","","","","","","","",,,,,"",,,,"EHDSDischargeReport.body.admissionEvaluation.functionalStatus",0,1,"",""
"EHDSDischargeReport.body.admissionEvaluation.functionalStatus.narrative","EHDSDischargeReport.body.admissionEvaluation.functionalStatus.narrative","","","",0,1,"","","","string {[]} {[]}
","Narrative, potentially formatted, content of the section","Narrative, potentially formatted, content of the section","","","","","","","","","",,,,,"",,,,"EHDSDischargeReport.body.admissionEvaluation.functionalStatus.narrative",0,1,"",""
"EHDSDischargeReport.body.admissionEvaluation.functionalStatus.functionalStatusAssessment","EHDSDischargeReport.body.admissionEvaluation.functionalStatus.functionalStatusAssessment","","","",0,*,"","","","https://www.xt-ehr.eu/specifications/fhir/StructureDefinition/EHDSFunctionalStatus {[]} {[]}
","An individual's ability to perform normal daily activities required to meet basic needs, fulfil usual roles and maintain health and well-being","An individual's ability to perform normal daily activities required to meet basic needs, fulfil usual roles and maintain health and well-being","","","","","","","","","",,,,,"",,,,"EHDSDischargeReport.body.admissionEvaluation.functionalStatus.functionalStatusAssessment",0,*,"",""
"EHDSDischargeReport.body.patientHistory","EHDSDischargeReport.body.patientHistory","","","",0,1,"","","","Base {[]} {[]}
","Section: Patient health history (anamnesis).","Section: Patient health history (anamnesis).","","eHN Guideline HDR (v1.1): A.2.5","","","","","","","",,,,,"",,,,"EHDSDischargeReport.body.patientHistory",0,1,"",""
"EHDSDischargeReport.body.patientHistory.narrative","EHDSDischargeReport.body.patientHistory.narrative","","","",0,1,"","","","string {[]} {[]}
","Narrative content of the section. This narrative shell containing either summary narrative description of all subsections, or similar narrative subsection elements should be provided.","Narrative content of the section. This narrative shell containing either summary narrative description of all subsections, or similar narrative subsection elements should be provided.","","","","","","","","","",,,,,"",,,,"EHDSDischargeReport.body.patientHistory.narrative",0,1,"",""
"EHDSDischargeReport.body.patientHistory.medicalHistory","EHDSDischargeReport.body.patientHistory.medicalHistory","","","",1,1,"","","","Base {[]} {[]}
","Medical history subsection.","Medical history subsection.","","eHN Guideline HDR (v1.1): A.2.5.1","","","","","","","",,,,,"",,,,"EHDSDischargeReport.body.patientHistory.medicalHistory",1,1,"",""
"EHDSDischargeReport.body.patientHistory.medicalHistory.narrative","EHDSDischargeReport.body.patientHistory.medicalHistory.narrative","","","",0,1,"","","","string {[]} {[]}
","Narrative content of the section. This narrative shell containing either summary narrative description of all subsections, or similar narrative subsection elements should be provided.","Narrative content of the section. This narrative shell containing either summary narrative description of all subsections, or similar narrative subsection elements should be provided.","","","","","","","","","",,,,,"",,,,"EHDSDischargeReport.body.patientHistory.medicalHistory.narrative",0,1,"",""
"EHDSDischargeReport.body.patientHistory.medicalHistory.pastProblems","EHDSDischargeReport.body.patientHistory.medicalHistory.pastProblems","","","",1,*,"","","","https://www.xt-ehr.eu/specifications/fhir/StructureDefinition/EHDSCondition {[]} {[]}
","Past problems","A list of conditions of a patient that the patient suffered in the past or still suffers. Unlike diagnostic summary, medical history is not only a list of problems, but could contain broader description of the condition and its progress, details about treatment including medication and patient response to treatment. Past problem section (unlike the same section of the patient summary) should include only conditions that are important for continuity of care. This section, if provided, complements the diagnostic summary section of the discharge report.","","eHN Guideline HDR (v1.1): A.2.5.1.1","","","","","","","",,,,,"",,,,"EHDSDischargeReport.body.patientHistory.medicalHistory.pastProblems",1,*,"",""
"EHDSDischargeReport.body.patientHistory.medicalHistory.devicesAndImplants","EHDSDischargeReport.body.patientHistory.medicalHistory.devicesAndImplants","","","",1,*,"","","","https://www.xt-ehr.eu/specifications/fhir/StructureDefinition/EHDSDeviceUse {[]} {[]}
","Devices and Implants","Devices and implants in patient anamnesis. Negative statement must be explicitly stated.","","eHN Guideline HDR (v1.1): A.2.5.1.2","","","","","","","",,,,,"",,,,"EHDSDischargeReport.body.patientHistory.medicalHistory.devicesAndImplants",1,*,"",""
"EHDSDischargeReport.body.patientHistory.medicalHistory.historyOfProcedures","EHDSDischargeReport.body.patientHistory.medicalHistory.historyOfProcedures","","","",0,*,"","","","https://www.xt-ehr.eu/specifications/fhir/StructureDefinition/EHDSProcedure {[]} {[]}
","History of procedures","Historical procedures performed on or for a patient, relevant for the current encounter.Examples include surgical procedures, diagnostic procedures, endoscopic procedures, biopsies, counselling, physiotherapy, personal support services, adult day care services, etc.","","eHN Guideline HDR (v1.1): A.2.5.1.3","","","","","","","",,,,,"",,,,"EHDSDischargeReport.body.patientHistory.medicalHistory.historyOfProcedures",0,*,"",""
"EHDSDischargeReport.body.patientHistory.medicalHistory.vaccination","EHDSDischargeReport.body.patientHistory.medicalHistory.vaccination","","","",0,*,"","","","https://www.xt-ehr.eu/specifications/fhir/StructureDefinition/EHDSImmunisation {[]} {[]}
","Vaccination history of the patient.","Vaccination history of the patient.","","eHN Guideline HDR (v1.1): A.2.5.1.4","","","","","","","",,,,,"",,,,"EHDSDischargeReport.body.patientHistory.medicalHistory.vaccination",0,*,"",""
"EHDSDischargeReport.body.patientHistory.medicalHistory.epidemiologicalHistory","EHDSDischargeReport.body.patientHistory.medicalHistory.epidemiologicalHistory","","","",0,1,"","","","Base {[]} {[]}
","Epidemiological history","Travel history and infectious contacts","","eHN Guideline HDR (v1.1): A.2.5.1.5","","","","","","","",,,,,"",,,,"EHDSDischargeReport.body.patientHistory.medicalHistory.epidemiologicalHistory",0,1,"",""
"EHDSDischargeReport.body.patientHistory.medicalHistory.epidemiologicalHistory.infectiousContacts","EHDSDischargeReport.body.patientHistory.medicalHistory.epidemiologicalHistory.infectiousContacts","","","",0,*,"","","","https://www.xt-ehr.eu/specifications/fhir/StructureDefinition/EHDSInfectiousContact {[]} {[]}
","Infectious contacts of the patient","Infectious contacts of the patient","","eHN Guideline HDR (v1.1): A.2.5.1.5.1","","","","","","","",,,,,"",,,,"EHDSDischargeReport.body.patientHistory.medicalHistory.epidemiologicalHistory.infectiousContacts",0,*,"",""
"EHDSDischargeReport.body.patientHistory.medicalHistory.epidemiologicalHistory.travelHistory","EHDSDischargeReport.body.patientHistory.medicalHistory.epidemiologicalHistory.travelHistory","","","",0,*,"","","","https://www.xt-ehr.eu/specifications/fhir/StructureDefinition/EHDSTravelHistory {[]} {[]}
","Travel history reported by the patient. Multiple records could be provided.","Travel history reported by the patient. Multiple records could be provided.","","eHN Guideline HDR (v1.1): A.2.5.1.5.2","","","","","","","",,,,,"",,,,"EHDSDischargeReport.body.patientHistory.medicalHistory.epidemiologicalHistory.travelHistory",0,*,"",""
"EHDSDischargeReport.body.patientHistory.medicalHistory.pregnancyHistory","EHDSDischargeReport.body.patientHistory.medicalHistory.pregnancyHistory","","","",0,1,"","","","Base {[]} {[]}
","Section: Pregnancy history","To present the current health state of the patient with respect to pregnancy and to provide chronological and outcome information about past pregnancies.","","eHN Guideline PS (v3.4) A2.6, ISO IPS","","","","","","","",,,,,"",,,,"EHDSDischargeReport.body.patientHistory.medicalHistory.pregnancyHistory",0,1,"",""
"EHDSDischargeReport.body.patientHistory.medicalHistory.pregnancyHistory.currentPregnancyStatus","EHDSDischargeReport.body.patientHistory.medicalHistory.pregnancyHistory.currentPregnancyStatus","","","",0,1,"","","","https://www.xt-ehr.eu/specifications/fhir/StructureDefinition/EHDSCurrentPregnancy {[]} {[]}
","Current pregnancy status","Current state of the pregnancy at the date the observation was made, e.g. pregnant, not pregnant, unknown.","","","","","","","","","",,,,,"",,,,"EHDSDischargeReport.body.patientHistory.medicalHistory.pregnancyHistory.currentPregnancyStatus",0,1,"",""
"EHDSDischargeReport.body.patientHistory.medicalHistory.pregnancyHistory.previousPregnanciesStatus","EHDSDischargeReport.body.patientHistory.medicalHistory.pregnancyHistory.previousPregnanciesStatus","","","",0,1,"","","","CodeableConcept {[]} {[]}
","Overall status of previous pregnancies","Overall status of previous pregnancies, including 
    — Yes, previous pregnancies 
    — No, previous pregnancies 
    — Unknown","","","","","","","","","",,,,,"",,,,"EHDSDischargeReport.body.patientHistory.medicalHistory.pregnancyHistory.previousPregnanciesStatus",0,1,"",""
"EHDSDischargeReport.body.patientHistory.medicalHistory.pregnancyHistory.previousPregnancies","EHDSDischargeReport.body.patientHistory.medicalHistory.pregnancyHistory.previousPregnancies","","","",0,*,"","","","https://www.xt-ehr.eu/specifications/fhir/StructureDefinition/EHDSPregnancyHistory {[]} {[]}
","History of previous pregnancies","Information about previous pregnancies, including outcomes and number of children/fetuses in each pregnancy.","","","","","","","","","",,,,,"",,,,"EHDSDischargeReport.body.patientHistory.medicalHistory.pregnancyHistory.previousPregnancies",0,*,"",""
"EHDSDischargeReport.body.patientHistory.familyHistorySection","EHDSDischargeReport.body.patientHistory.familyHistorySection","","","",0,1,"","","","Base {[]} {[]}
","Family history section","Relevant family history section.","","eHN Guideline HDR (v1.1): A.2.5.2","","","","","","","",,,,,"",,,,"EHDSDischargeReport.body.patientHistory.familyHistorySection",0,1,"",""
"EHDSDischargeReport.body.patientHistory.familyHistorySection.narrative","EHDSDischargeReport.body.patientHistory.familyHistorySection.narrative","","","",0,1,"","","","string {[]} {[]}
","Narrative content of the section. This narrative shell containing either summary narrative description of all subsections, or similar narrative subsection elements should be provided.","Narrative content of the section. This narrative shell containing either summary narrative description of all subsections, or similar narrative subsection elements should be provided.","","","","","","","","","",,,,,"",,,,"EHDSDischargeReport.body.patientHistory.familyHistorySection.narrative",0,1,"",""
"EHDSDischargeReport.body.patientHistory.familyHistorySection.familyHistory","EHDSDischargeReport.body.patientHistory.familyHistorySection.familyHistory","","","",0,*,"","","","https://www.xt-ehr.eu/specifications/fhir/StructureDefinition/EHDSFamilyMemberHistory {[]} {[]}
","Family history","Information about serious illnesses in close blood relatives with known or suspected genetic potential or with possible impact on patient care.","","","","","","","","","",,,,,"",,,,"EHDSDischargeReport.body.patientHistory.familyHistorySection.familyHistory",0,*,"",""
"EHDSDischargeReport.body.patientHistory.socialDeterminantsOfHealth","EHDSDischargeReport.body.patientHistory.socialDeterminantsOfHealth","","","",0,1,"","","","Base {[]} {[]}
","Social determinants of health","Information about social determinants of health.","","eHN Guideline HDR (v1.1): A.2.5.3","","","","","","","",,,,,"",,,,"EHDSDischargeReport.body.patientHistory.socialDeterminantsOfHealth",0,1,"",""
"EHDSDischargeReport.body.patientHistory.socialDeterminantsOfHealth.narrative","EHDSDischargeReport.body.patientHistory.socialDeterminantsOfHealth.narrative","","","",0,1,"","","","string {[]} {[]}
","Sub-section narrative","Narrative content of the section. This narrative shell containing either summary narrative description of all subsections, or similar narrative subsection elements should be provided.","","","","","","","","","",,,,,"",,,,"EHDSDischargeReport.body.patientHistory.socialDeterminantsOfHealth.narrative",0,1,"",""
"EHDSDischargeReport.body.patientHistory.socialDeterminantsOfHealth.participationInSociety","EHDSDischargeReport.body.patientHistory.socialDeterminantsOfHealth.participationInSociety","","","",0,1,"","","","Base {[]} {[]}
","Participation in society","Participation in society details.","","eHN Guideline HDR (v1.1): A.2.5.3.1","","","","","","","",,,,,"",,,,"EHDSDischargeReport.body.patientHistory.socialDeterminantsOfHealth.participationInSociety",0,1,"",""
"EHDSDischargeReport.body.patientHistory.socialDeterminantsOfHealth.participationInSociety.workSituation","EHDSDischargeReport.body.patientHistory.socialDeterminantsOfHealth.participationInSociety.workSituation","","","",0,1,"","","","string {[]} {[]}
","Work situation","Work Situation describes the extent to which and in what way the patient participates in the workforce. Work is meant in the broadest sense of the word: activities that contribute to the person themselves, their environment or society. This includes both paid and unpaid work.","","","","","","","","","",,,,,"",,,,"EHDSDischargeReport.body.patientHistory.socialDeterminantsOfHealth.participationInSociety.workSituation",0,1,"",""
"EHDSDischargeReport.body.patientHistory.socialDeterminantsOfHealth.participationInSociety.hobby","EHDSDischargeReport.body.patientHistory.socialDeterminantsOfHealth.participationInSociety.hobby","","","",0,1,"","","","string {[]} {[]}
","An activity the patient enjoys doing in their free time.","An activity the patient enjoys doing in their free time.","","","","","","","","","",,,,,"",,,,"EHDSDischargeReport.body.patientHistory.socialDeterminantsOfHealth.participationInSociety.hobby",0,1,"",""
"EHDSDischargeReport.body.patientHistory.socialDeterminantsOfHealth.participationInSociety.socialNetwork","EHDSDischargeReport.body.patientHistory.socialDeterminantsOfHealth.participationInSociety.socialNetwork","","","",0,1,"","","","string {[]} {[]}
","Social network","A description of the patient’s social network, such as family, neighbours and friends.","","","","","","","","","",,,,,"",,,,"EHDSDischargeReport.body.patientHistory.socialDeterminantsOfHealth.participationInSociety.socialNetwork",0,1,"",""
"EHDSDischargeReport.body.patientHistory.socialDeterminantsOfHealth.educationSection","EHDSDischargeReport.body.patientHistory.socialDeterminantsOfHealth.educationSection","","","",0,1,"","","","Base {[]} {[]}
","Education section","Information about patient education level.","","eHN Guideline HDR (v1.1): A.2.5.3.2","","","","","","","",,,,,"",,,,"EHDSDischargeReport.body.patientHistory.socialDeterminantsOfHealth.educationSection",0,1,"",""
"EHDSDischargeReport.body.patientHistory.socialDeterminantsOfHealth.educationSection.educationLevel","EHDSDischargeReport.body.patientHistory.socialDeterminantsOfHealth.educationSection.educationLevel","","","",0,1,"","","","CodeableConcept {[]} {[]}
","Education level","Indication of the highest level of education achieved.","","","","","","","","","",,"preferred","hl7:v3.EducationLevel","","",,,,"EHDSDischargeReport.body.patientHistory.socialDeterminantsOfHealth.educationSection.educationLevel",0,1,"",""
"EHDSDischargeReport.body.patientHistory.socialDeterminantsOfHealth.educationSection.comment","EHDSDischargeReport.body.patientHistory.socialDeterminantsOfHealth.educationSection.comment","","","",0,1,"","","","string {[]} {[]}
","If deemed relevant, a specification of the degree program can be provided by means of an explanation (e.g.: patient is in medical school).","If deemed relevant, a specification of the degree program can be provided by means of an explanation (e.g.: patient is in medical school).","","","","","","","","","",,,,,"",,,,"EHDSDischargeReport.body.patientHistory.socialDeterminantsOfHealth.educationSection.comment",0,1,"",""
"EHDSDischargeReport.body.patientHistory.socialDeterminantsOfHealth.livingSituation","EHDSDischargeReport.body.patientHistory.socialDeterminantsOfHealth.livingSituation","","","",0,1,"","","","Base {[]} {[]}
","Living situation - household type and other related living situation information.","Living situation - household type and other related living situation information.","","eHN Guideline HDR (v1.1): A.2.5.3.3","","","","","","","",,,,,"",,,,"EHDSDischargeReport.body.patientHistory.socialDeterminantsOfHealth.livingSituation",0,1,"",""
"EHDSDischargeReport.body.patientHistory.socialDeterminantsOfHealth.livingSituation.houseType","EHDSDischargeReport.body.patientHistory.socialDeterminantsOfHealth.livingSituation.houseType","","","",0,1,"","","","CodeableConcept {[]} {[]}
","Type of home the patient lives in.","Type of home the patient lives in.","","","","","","","","","",,"preferred","SNOMED CT","","",,,,"EHDSDischargeReport.body.patientHistory.socialDeterminantsOfHealth.livingSituation.houseType",0,1,"",""
"EHDSDischargeReport.body.patientHistory.socialDeterminantsOfHealth.livingSituation.homeAdaption","EHDSDischargeReport.body.patientHistory.socialDeterminantsOfHealth.livingSituation.homeAdaption","","","",0,*,"","","","CodeableConcept {[]} {[]}
","Home adaptions present in the home that have been made in the context of the illness or disability to make the functioning of the patient safer and more comfortable and to enable independent living. Multiple data elements could be provided.","Home adaptions present in the home that have been made in the context of the illness or disability to make the functioning of the patient safer and more comfortable and to enable independent living. Multiple data elements could be provided.","","","","","","","","","",,"preferred","SNOMED CT","","",,,,"EHDSDischargeReport.body.patientHistory.socialDeterminantsOfHealth.livingSituation.homeAdaption",0,*,"",""
"EHDSDischargeReport.body.patientHistory.socialDeterminantsOfHealth.livingSituation.livingConditions","EHDSDischargeReport.body.patientHistory.socialDeterminantsOfHealth.livingSituation.livingConditions","","","",0,*,"","","","CodeableConcept {[]} {[]}
","Living conditions that affect the accessibility of the home or the stay in the home.","Living conditions that affect the accessibility of the home or the stay in the home.","","","","","","","","","",,"preferred","SNOMED CT","","",,,,"EHDSDischargeReport.body.patientHistory.socialDeterminantsOfHealth.livingSituation.livingConditions",0,*,"",""
"EHDSDischargeReport.body.patientHistory.socialDeterminantsOfHealth.familySituation","EHDSDischargeReport.body.patientHistory.socialDeterminantsOfHealth.familySituation","","","",0,1,"","","","Base {[]} {[]}
","Family situation","Family situation","","eHN Guideline HDR (v1.1): A.2.5.3.4","","","","","","","",,,,,"",,,,"EHDSDischargeReport.body.patientHistory.socialDeterminantsOfHealth.familySituation",0,1,"",""
"EHDSDischargeReport.body.patientHistory.socialDeterminantsOfHealth.familySituation.comment","EHDSDischargeReport.body.patientHistory.socialDeterminantsOfHealth.familySituation.comment","","","",0,1,"","","","string {[]} {[]}
","Comment on the family situation.","Comment on the family situation.","","","","","","","","","",,,,,"",,,,"EHDSDischargeReport.body.patientHistory.socialDeterminantsOfHealth.familySituation.comment",0,1,"",""
"EHDSDischargeReport.body.patientHistory.socialDeterminantsOfHealth.familySituation.familyComposition","EHDSDischargeReport.body.patientHistory.socialDeterminantsOfHealth.familySituation.familyComposition","","","",0,1,"","","","CodeableConcept {[]} {[]}
","Family composition","The family composition describes the patient’s home situation and the form of cohabitation. A family can consist of one or more people.","","","","","","","","","",,"preferred","SNOMED CT","","",,,,"EHDSDischargeReport.body.patientHistory.socialDeterminantsOfHealth.familySituation.familyComposition",0,1,"",""
"EHDSDischargeReport.body.patientHistory.socialDeterminantsOfHealth.familySituation.maritalStatus","EHDSDischargeReport.body.patientHistory.socialDeterminantsOfHealth.familySituation.maritalStatus","","","",0,1,"","","","CodeableConcept {[]} {[]}
","Person’s marital status according to the terms and definition in the national civil code.","Person’s marital status according to the terms and definition in the national civil code.","","","","","","","","","",,"preferred","hl7:marital-status","","",,,,"EHDSDischargeReport.body.patientHistory.socialDeterminantsOfHealth.familySituation.maritalStatus",0,1,"",""
"EHDSDischargeReport.body.patientHistory.socialDeterminantsOfHealth.familySituation.numberOfChildren","EHDSDischargeReport.body.patientHistory.socialDeterminantsOfHealth.familySituation.numberOfChildren","","","",0,1,"","","","Quantity {[]} {[]}
","Number of children","The number of children the patient has. Children in the context of this information model include step children, foster children, biological and adopted children.","","","","","","","","","",,,,,"",,,,"EHDSDischargeReport.body.patientHistory.socialDeterminantsOfHealth.familySituation.numberOfChildren",0,1,"",""
"EHDSDischargeReport.body.patientHistory.socialDeterminantsOfHealth.familySituation.numberOfChildrenAtHome","EHDSDischargeReport.body.patientHistory.socialDeterminantsOfHealth.familySituation.numberOfChildrenAtHome","","","",0,1,"","","","Quantity {[]} {[]}
","Number of children living at home with the patient.","Number of children living at home with the patient.","","","","","","","","","",,,,,"",,,,"EHDSDischargeReport.body.patientHistory.socialDeterminantsOfHealth.familySituation.numberOfChildrenAtHome",0,1,"",""
"EHDSDischargeReport.body.patientHistory.socialDeterminantsOfHealth.familySituation.childDetails","EHDSDischargeReport.body.patientHistory.socialDeterminantsOfHealth.familySituation.childDetails","","","",0,*,"","","","Base {[]} {[]}
","Child details (age, co-living status and comment).","Child details (age, co-living status and comment).","","","","","","","","","",,,,,"",,,,"EHDSDischargeReport.body.patientHistory.socialDeterminantsOfHealth.familySituation.childDetails",0,*,"",""
"EHDSDischargeReport.body.patientHistory.socialDeterminantsOfHealth.familySituation.childDetails.livingAtHome","EHDSDischargeReport.body.patientHistory.socialDeterminantsOfHealth.familySituation.childDetails.livingAtHome","","","",0,1,"","","","boolean {[]} {[]}
","Living at home. An indication stating whether the child lives at home.","Living at home. An indication stating whether the child lives at home.","","","","","","","","","",,,,,"",,,,"EHDSDischargeReport.body.patientHistory.socialDeterminantsOfHealth.familySituation.childDetails.livingAtHome",0,1,"",""
"EHDSDischargeReport.body.patientHistory.socialDeterminantsOfHealth.familySituation.childDetails.dateOfBirth","EHDSDischargeReport.body.patientHistory.socialDeterminantsOfHealth.familySituation.childDetails.dateOfBirth","","","",0,1,"","","","date {[]} {[]}
","Child’s date of birth.","Child’s date of birth.","","","","","","","","","",,,,,"",,,,"EHDSDischargeReport.body.patientHistory.socialDeterminantsOfHealth.familySituation.childDetails.dateOfBirth",0,1,"",""
"EHDSDischargeReport.body.patientHistory.socialDeterminantsOfHealth.familySituation.childDetails.comment","EHDSDischargeReport.body.patientHistory.socialDeterminantsOfHealth.familySituation.childDetails.comment","","","",0,1,"","","","string {[]} {[]}
","A comment on the child's family situation.","A comment on the child's family situation.","","","","","","","","","",,,,,"",,,,"EHDSDischargeReport.body.patientHistory.socialDeterminantsOfHealth.familySituation.childDetails.comment",0,1,"",""
"EHDSDischargeReport.body.patientHistory.socialDeterminantsOfHealth.familySituation.careResponsibility","EHDSDischargeReport.body.patientHistory.socialDeterminantsOfHealth.familySituation.careResponsibility","","","",0,*,"","","","CodeableConcept {[]} {[]}
","Care responsibility. The activities the patient carries out to care for a dependent family member.","Care responsibility. The activities the patient carries out to care for a dependent family member.","","","","","","","","","",,"preferred","SNOMED CT","","",,,,"EHDSDischargeReport.body.patientHistory.socialDeterminantsOfHealth.familySituation.careResponsibility",0,*,"",""
"EHDSDischargeReport.body.patientHistory.socialDeterminantsOfHealth.useOfSubstances","EHDSDischargeReport.body.patientHistory.socialDeterminantsOfHealth.useOfSubstances","","","",0,1,"","","","Base {[]} {[]}
","Use of substances","Information about use and/or abuse of specific substances.","","eHN Guideline HDR (v1.1): A.2.5.4","","","","","","","",,,,,"",,,,"EHDSDischargeReport.body.patientHistory.socialDeterminantsOfHealth.useOfSubstances",0,1,"",""
"EHDSDischargeReport.body.patientHistory.socialDeterminantsOfHealth.useOfSubstances.narrative","EHDSDischargeReport.body.patientHistory.socialDeterminantsOfHealth.useOfSubstances.narrative","","","",0,1,"","","","string {[]} {[]}
","Narrative content of the section. This narrative shell containing either summary narrative description of all subsections, or similar narrative subsection elements should be provided.","Narrative content of the section. This narrative shell containing either summary narrative description of all subsections, or similar narrative subsection elements should be provided.","","","","","","","","","",,,,,"",,,,"EHDSDischargeReport.body.patientHistory.socialDeterminantsOfHealth.useOfSubstances.narrative",0,1,"",""
"EHDSDischargeReport.body.patientHistory.socialDeterminantsOfHealth.useOfSubstances.alcoholUse","EHDSDischargeReport.body.patientHistory.socialDeterminantsOfHealth.useOfSubstances.alcoholUse","","","",0,*,"","","","https://www.xt-ehr.eu/specifications/fhir/StructureDefinition/EHDSSubstanceUse {[]} {[]}
","Alcohol consumption by the patient. Multiple records on alcohol use could be provided.","Alcohol consumption by the patient. Multiple records on alcohol use could be provided.","","eHN Guideline HDR (v1.1): A.2.5.4.1","","","","","","","",,,,,"",,,,"EHDSDischargeReport.body.patientHistory.socialDeterminantsOfHealth.useOfSubstances.alcoholUse",0,*,"",""
"EHDSDischargeReport.body.patientHistory.socialDeterminantsOfHealth.useOfSubstances.tobaccoUse","EHDSDischargeReport.body.patientHistory.socialDeterminantsOfHealth.useOfSubstances.tobaccoUse","","","",0,*,"","","","https://www.xt-ehr.eu/specifications/fhir/StructureDefinition/EHDSSubstanceUse {[]} {[]}
","Tobacco use","Represent smoking or tobacco habits. Multiple records on tobacco use could be provided.","","eHN Guideline HDR (v1.1): A.2.5.4.2","","","","","","","",,,,,"",,,,"EHDSDischargeReport.body.patientHistory.socialDeterminantsOfHealth.useOfSubstances.tobaccoUse",0,*,"",""
"EHDSDischargeReport.body.patientHistory.socialDeterminantsOfHealth.useOfSubstances.drugConsumption","EHDSDischargeReport.body.patientHistory.socialDeterminantsOfHealth.useOfSubstances.drugConsumption","","","",0,*,"","","","https://www.xt-ehr.eu/specifications/fhir/StructureDefinition/EHDSSubstanceUse {[]} {[]}
","Consumption of drugs and other substances (in terms of abuse).","Consumption of drugs and other substances (in terms of abuse).","","eHN Guideline HDR (v1.1): A.2.5.4.3","","","","","","","",,,,,"",,,,"EHDSDischargeReport.body.patientHistory.socialDeterminantsOfHealth.useOfSubstances.drugConsumption",0,*,"",""
"EHDSDischargeReport.body.courseOfEncounter","EHDSDischargeReport.body.courseOfEncounter","","","",1,1,"","","","Base {[]} {[]}
","Course of inpatient or outpatient encounter.","Course of inpatient or outpatient encounter.","","eHN Guideline HDR (v1.1): A.2.6","","","","","","","",,,,,"",,,,"EHDSDischargeReport.body.courseOfEncounter",1,1,"",""
"EHDSDischargeReport.body.courseOfEncounter.diagnosticSummary","EHDSDischargeReport.body.courseOfEncounter.diagnosticSummary","","","",1,1,"","","","Base {[]} {[]}
","Diagnostic summary. All problems/diagnoses that affect care during the inpatient case or are important to be recorded to ensure continuity of care.","The diagnostic summary differentiates, in accordance with the international recommendation, between problems treated during hospital stay and other (untreated) problems. Treated problems are problems that were the subject of diagnostics, therapy, nursing, or (continuous) monitoring during the hospitalisation. Furthermore problems could be divided into three categories: problems present on admission (POA), conditions acquired during hospital stay (HAC) and problems that cannot be classified as being of any of the two (N/A). The diagnostic summary contains all conditions as they were recognised at the end of hospitalisation, after all examinations. This section contains concise, well specified, codeable, summary of problems. Problems are ordered by importance (main problems first) during hospital stay. Description of the problem might be completed with additional details in the medical history section and/or in the Synthesis section.","","eHN Guideline HDR (v1.1): A.2.6.1","","","","","","","",,,,,"",,,,"EHDSDischargeReport.body.courseOfEncounter.diagnosticSummary",1,1,"",""
"EHDSDischargeReport.body.courseOfEncounter.diagnosticSummary.narrative","EHDSDischargeReport.body.courseOfEncounter.diagnosticSummary.narrative","","","",0,1,"","","","string {[]} {[]}
","Problem specification in narrative form.","Problem specification in narrative form.","","","","","","","","","",,,,,"",,,,"EHDSDischargeReport.body.courseOfEncounter.diagnosticSummary.narrative",0,1,"",""
"EHDSDischargeReport.body.courseOfEncounter.diagnosticSummary.problemDetails","EHDSDischargeReport.body.courseOfEncounter.diagnosticSummary.problemDetails","","","",0,*,"","","","Base {[]} {[]}
","Problems that were treated or affected provisioning of care (diagnostics, therapy, nursing, monitoring) during the encounter. At least one problem should be marked as treated. Other problems are recorded only if they are important for continuity of care (after discharge).","Problems that were treated or affected provisioning of care (diagnostics, therapy, nursing, monitoring) during the encounter. At least one problem should be marked as treated. Other problems are recorded only if they are important for continuity of care (after discharge).","","","","","","","","","",,,,,"",,,,"EHDSDischargeReport.body.courseOfEncounter.diagnosticSummary.problemDetails",0,*,"",""
"EHDSDischargeReport.body.courseOfEncounter.diagnosticSummary.problemDetails.presentOnAdmission","EHDSDischargeReport.body.courseOfEncounter.diagnosticSummary.problemDetails.presentOnAdmission","","","",1,1,"","","","CodeableConcept {[]} {[]}
","Whether the condition was present on admission or acquired during encounter","Category of the problem allows flagging for conditions acquired during encounter.","Value set can include Present on admission [POA], Hospital acquired condition [HAC], Not applicable or Unknown","","","","","","","","",,,,,"",,,,"EHDSDischargeReport.body.courseOfEncounter.diagnosticSummary.problemDetails.presentOnAdmission",1,1,"",""
"EHDSDischargeReport.body.courseOfEncounter.diagnosticSummary.problemDetails.treatmentClass","EHDSDischargeReport.body.courseOfEncounter.diagnosticSummary.problemDetails.treatmentClass","","","",1,1,"","","","CodeableConcept {[]} {[]}
","Class of the problem (treated, other) in relation to the encounter.","Class of the problem (treated, other) in relation to the encounter.","","","","","","","","","",,,,,"",,,,"EHDSDischargeReport.body.courseOfEncounter.diagnosticSummary.problemDetails.treatmentClass",1,1,"",""
"EHDSDischargeReport.body.courseOfEncounter.diagnosticSummary.problemDetails.problem","EHDSDischargeReport.body.courseOfEncounter.diagnosticSummary.problemDetails.problem","","","",1,1,"","","","https://www.xt-ehr.eu/specifications/fhir/StructureDefinition/EHDSCondition {[]} {[]}
","Problem details include code that identifies problem, specification of the body structure, laterality, and other aspects of the problem.","Problem details include code that identifies problem, specification of the body structure, laterality, and other aspects of the problem.","","","","","","","","","",,,,,"",,,,"EHDSDischargeReport.body.courseOfEncounter.diagnosticSummary.problemDetails.problem",1,1,"",""
"EHDSDischargeReport.body.courseOfEncounter.significantProcedures","EHDSDischargeReport.body.courseOfEncounter.significantProcedures","","","",0,1,"","","","Base {[]} {[]}
","Significant procedures section","Significant surgical and non-surgical procedures performed during encounter which are significant for continuity of care, e.g. surgeries and other instrumental interventions (endoscopic, intravascular), chemotherapy, radiotherapy, purification methods (dialysis, hemoperfusion), circulation support methods (counterpulsation, etc.), administration of blood derivatives or others. This section does not include purely diagnostic procedures (MRI, CT, etc.). If no significant performance has been performed, this fact must be explicitly stated using the IPS Absent and Unknown Data.","","eHN Guideline HDR (v1.1): A.2.6.2","","","","","","","",,,,,"",,,,"EHDSDischargeReport.body.courseOfEncounter.significantProcedures",0,1,"",""
"EHDSDischargeReport.body.courseOfEncounter.significantProcedures.narrative","EHDSDischargeReport.body.courseOfEncounter.significantProcedures.narrative","","","",0,1,"","","","string {[]} {[]}
","Narrative content of the section. This narrative shell containing either summary narrative description of all subsections, or similar narrative subsection elements should be provided.","Narrative content of the section. This narrative shell containing either summary narrative description of all subsections, or similar narrative subsection elements should be provided.","","","","","","","","","",,,,,"",,,,"EHDSDischargeReport.body.courseOfEncounter.significantProcedures.narrative",0,1,"",""
"EHDSDischargeReport.body.courseOfEncounter.significantProcedures.procedureEntry","EHDSDischargeReport.body.courseOfEncounter.significantProcedures.procedureEntry","","","",0,*,"","","","https://www.xt-ehr.eu/specifications/fhir/StructureDefinition/EHDSProcedure {[]} {[]}
","Structured procedure entry.","Structured procedure entry.","","","","","","","","","",,,,,"",,,,"EHDSDischargeReport.body.courseOfEncounter.significantProcedures.procedureEntry",0,*,"",""
"EHDSDischargeReport.body.courseOfEncounter.medicalDevicesAndImplants","EHDSDischargeReport.body.courseOfEncounter.medicalDevicesAndImplants","","","",1,1,"","","","Base {[]} {[]}
","Medical devices and implants section","Implants and used medical devices that affected or may affect the provision of health services (diagnosis and treatment). Also medical devices explanted, or its use was stopped during encounter. If the section is blank, the reason must be explicitly stated using the IPS Absent and Unknown Data coding system","","eHN Guideline HDR (v1.1): A.2.6.3","","","","","","","",,,,,"",,,,"EHDSDischargeReport.body.courseOfEncounter.medicalDevicesAndImplants",1,1,"",""
"EHDSDischargeReport.body.courseOfEncounter.medicalDevicesAndImplants.narrative","EHDSDischargeReport.body.courseOfEncounter.medicalDevicesAndImplants.narrative","","","",0,1,"","","","string {[]} {[]}
","Narrative content of the section. This narrative shell containing either summary narrative description of all subsections, or similar narrative subsection elements should be provided.","Narrative content of the section. This narrative shell containing either summary narrative description of all subsections, or similar narrative subsection elements should be provided.","","","","","","","","","",,,,,"",,,,"EHDSDischargeReport.body.courseOfEncounter.medicalDevicesAndImplants.narrative",0,1,"",""
"EHDSDischargeReport.body.courseOfEncounter.medicalDevicesAndImplants.medicalDevicesAndImplants","EHDSDischargeReport.body.courseOfEncounter.medicalDevicesAndImplants.medicalDevicesAndImplants","","","",1,*,"","","","https://www.xt-ehr.eu/specifications/fhir/StructureDefinition/EHDSDeviceUse {[]} {[]}
","Medical devices and implants","Medical devices and implants","","","","","","","","","",,,,,"",,,,"EHDSDischargeReport.body.courseOfEncounter.medicalDevicesAndImplants.medicalDevicesAndImplants",1,*,"",""
"EHDSDischargeReport.body.courseOfEncounter.pharmacotherapy","EHDSDischargeReport.body.courseOfEncounter.pharmacotherapy","","","",0,1,"","","","Base {[]} {[]}
","Pharmacotherapy section","Selected drug treatment during encounter. Medicinal products that were administered during encounter and whose administration has already been discontinued before discharge. Only products which are important for continuity of care (antibiotics other than completely routine, corticosteroids in high doses, etc.) will be listed. Products which administration will continue after discharge will be also recorder in the Medication summary section. Medicinal products, the administration of which was started during encounter, but is also recommended after discharge, will be listed in the summary table in the recommendation section.","","eHN Guideline HDR (v1.1): A.2.6.5","","","","","","","",,,,,"",,,,"EHDSDischargeReport.body.courseOfEncounter.pharmacotherapy",0,1,"",""
"EHDSDischargeReport.body.courseOfEncounter.pharmacotherapy.narrative","EHDSDischargeReport.body.courseOfEncounter.pharmacotherapy.narrative","","","",0,1,"","","","string {[]} {[]}
","Narrative content of the section. This narrative shell containing either summary narrative description of all subsections, or similar narrative subsection elements should be provided.","Narrative content of the section. This narrative shell containing either summary narrative description of all subsections, or similar narrative subsection elements should be provided.","","","","","","","","","",,,,,"",,,,"EHDSDischargeReport.body.courseOfEncounter.pharmacotherapy.narrative",0,1,"",""
"EHDSDischargeReport.body.courseOfEncounter.pharmacotherapy.pharmacotherapy","EHDSDischargeReport.body.courseOfEncounter.pharmacotherapy.pharmacotherapy","","","",0,*,"","","","https://www.xt-ehr.eu/specifications/fhir/StructureDefinition/EHDSMedicationStatement {[]} {[]}
","Pharmacotherapy structured entry.","Pharmacotherapy structured entry.","","","","","","","","","",,,,,"",,,,"EHDSDischargeReport.body.courseOfEncounter.pharmacotherapy.pharmacotherapy",0,*,"",""
"EHDSDischargeReport.body.courseOfEncounter.significantObservationResults","EHDSDischargeReport.body.courseOfEncounter.significantObservationResults","","","",0,1,"","","","Base {[]} {[]}
","Significant Observation Results","Results of significant functional, diagnostic, and imaging examinations to ensure continuity of care, performed during encounter. Results of examinations ordered but not yet delivered should be presented separately from results already delivered.","","eHN Guideline HDR (v1.1): A.2.6.6","","","","","","","",,,,,"",,,,"EHDSDischargeReport.body.courseOfEncounter.significantObservationResults",0,1,"",""
"EHDSDischargeReport.body.courseOfEncounter.significantObservationResults.narrative","EHDSDischargeReport.body.courseOfEncounter.significantObservationResults.narrative","","","",0,1,"","","","string {[]} {[]}
","Narrative content of the section. This narrative shell containing either summary narrative description of all subsections, or similar narrative subsection elements should be provided.","Narrative content of the section. This narrative shell containing either summary narrative description of all subsections, or similar narrative subsection elements should be provided.","","","","","","","","","",,,,,"",,,,"EHDSDischargeReport.body.courseOfEncounter.significantObservationResults.narrative",0,1,"",""
"EHDSDischargeReport.body.courseOfEncounter.significantObservationResults.significantObservationResult[x]","EHDSDischargeReport.body.courseOfEncounter.significantObservationResults.significantObservationResult[x]","","","",0,*,"","","","https://www.xt-ehr.eu/specifications/fhir/StructureDefinition/EHDSObservation {[]} {[]}
https://www.xt-ehr.eu/specifications/fhir/StructureDefinition/EHDSLaboratoryObservation {[]} {[]}","Significant Observation Result","Structured significant observation entry.","","","","","","","","","",,,,,"",,,,"EHDSDischargeReport.body.courseOfEncounter.significantObservationResults.significantObservationResult[x]",0,*,"",""
"EHDSDischargeReport.body.courseOfEncounter.synthesis","EHDSDischargeReport.body.courseOfEncounter.synthesis","","","",1,1,"","","","Base {[]} {[]}
","Synthesis","This section provides clinical synthesis (e.g. description of reasons and course of encounter) clustered by managed conditions, Clinical synthesis may include clinical reasoning (differential diagnostics, explanation of clinical context) in clinically complex conditions.","","eHN Guideline HDR (v1.1): A.2.6.7","","","","","","","",,,,,"",,,,"EHDSDischargeReport.body.courseOfEncounter.synthesis",1,1,"",""
"EHDSDischargeReport.body.courseOfEncounter.synthesis.problemSynthesis","EHDSDischargeReport.body.courseOfEncounter.synthesis.problemSynthesis","","","",1,*,"","","","string {[]} {[]}
","Summary description of the reason and course of hospitalisation for a specific problem.","Summary description of the reason and course of hospitalisation for a specific problem.","","","","","","","","","",,,,,"",,,,"EHDSDischargeReport.body.courseOfEncounter.synthesis.problemSynthesis",1,*,"",""
"EHDSDischargeReport.body.courseOfEncounter.synthesis.clinicalReasoning","EHDSDischargeReport.body.courseOfEncounter.synthesis.clinicalReasoning","","","",0,1,"","","","string {[]} {[]}
","Clinical reasoning","The clinical summary can be concluded with a clinical consideration (diff. diagnosis, explanation of context, etc.) for clinically complex conditions.","","","","","","","","","",,,,,"",,,,"EHDSDischargeReport.body.courseOfEncounter.synthesis.clinicalReasoning",0,1,"",""
"EHDSDischargeReport.body.dischargeDetails","EHDSDischargeReport.body.dischargeDetails","","","",1,1,"","","","Base {[]} {[]}
","Discharge details","Structured information should be provided, however if not available, at least a section narrative should be present.","","eHN Guideline HDR (v1.1): A.2.7","","","","","","","",,,,,"",,,,"EHDSDischargeReport.body.dischargeDetails",1,1,"",""
"EHDSDischargeReport.body.dischargeDetails.narrative","EHDSDischargeReport.body.dischargeDetails.narrative","","","",0,1,"","","","string {[]} {[]}
","Narrative content of the section. This narrative shell containing either summary narrative description of all subsections, or similar narrative sub-section elements should be provided.","Narrative content of the section. This narrative shell containing either summary narrative description of all subsections, or similar narrative sub-section elements should be provided.","","","","","","","","","",,,,,"",,,,"EHDSDischargeReport.body.dischargeDetails.narrative",0,1,"",""
"EHDSDischargeReport.body.dischargeDetails.objectiveFindings","EHDSDischargeReport.body.dischargeDetails.objectiveFindings","","","",0,1,"","","","Base {[]} {[]}
","Objective findings","Sub-section with objective findings.","","eHN Guideline HDR (v1.1): A.2.7.1","","","","","","","",,,,,"",,,,"EHDSDischargeReport.body.dischargeDetails.objectiveFindings",0,1,"",""
"EHDSDischargeReport.body.dischargeDetails.objectiveFindings.narrative","EHDSDischargeReport.body.dischargeDetails.objectiveFindings.narrative","","","",0,1,"","","","string {[]} {[]}
","Narrative content of the section.","Narrative content of the section.","","","","","","","","","",,,,,"",,,,"EHDSDischargeReport.body.dischargeDetails.objectiveFindings.narrative",0,1,"",""
"EHDSDischargeReport.body.dischargeDetails.objectiveFindings.anthropometricObservations","EHDSDischargeReport.body.dischargeDetails.objectiveFindings.anthropometricObservations","","","",0,*,"","","","https://www.xt-ehr.eu/specifications/fhir/StructureDefinition/EHDSObservation {[]} {[]}
","Anthropometric observations, such as body weight and height of the patient, BMI, circumference of head, waist, hip, limbs and skin fold thickness.","Anthropometric observations, such as body weight and height of the patient, BMI, circumference of head, waist, hip, limbs and skin fold thickness.","","eHN Guideline HDR (v1.1): A.2.7.1.3","","","","","","","",,,,,"",,,,"EHDSDischargeReport.body.dischargeDetails.objectiveFindings.anthropometricObservations",0,*,"",""
"EHDSDischargeReport.body.dischargeDetails.objectiveFindings.vitalSigns","EHDSDischargeReport.body.dischargeDetails.objectiveFindings.vitalSigns","","","",0,*,"","","","https://www.xt-ehr.eu/specifications/fhir/StructureDefinition/EHDSObservation {[]} {[]}
","Vital signs observations. Mandatory: pulse rate, respiratory rate, systolic and diastolic blood pressure with site information; optional: 02 saturation","Vital signs observations. Mandatory: pulse rate, respiratory rate, systolic and diastolic blood pressure with site information; optional: 02 saturation","","eHN Guideline HDR (v1.1): A.2.7.1.4","","","","","","","",,,,,"",,,,"EHDSDischargeReport.body.dischargeDetails.objectiveFindings.vitalSigns",0,*,"",""
"EHDSDischargeReport.body.dischargeDetails.objectiveFindings.physicalExamination","EHDSDischargeReport.body.dischargeDetails.objectiveFindings.physicalExamination","","","",0,*,"","","","https://www.xt-ehr.eu/specifications/fhir/StructureDefinition/EHDSObservation {[]} {[]}
","Physical examination","Physical examination is the process of evaluating objective anatomical findings. It is typically the first diagnostic measure performed after taking the patient's history, which allows an initial assessment of symptoms and is useful for determining the differential diagnoses and further steps. Physical examination can be performed through observation, palpation, percussion, and auscultation.","","eHN Guideline HDR (v1.1): A.2.7.1.5","","","","","","","",,,,,"",,,,"EHDSDischargeReport.body.dischargeDetails.objectiveFindings.physicalExamination",0,*,"",""
"EHDSDischargeReport.body.dischargeDetails.functionalStatus","EHDSDischargeReport.body.dischargeDetails.functionalStatus","","","",0,1,"","","","Base {[]} {[]}
","Section: Functional status","Functional status can be assessed in several different ways, usually with a focus on the person’s abilities to perform basic activities of daily living (ADL), which include basic self-care such as bathing, feeding, and toileting and instrumental activities of daily living (IADL), which includes activities such as cooking, shopping, and managing one’s own affairs.For details see: https://paciowg.github.io/functional-status-ig/","","eHN Guideline HDR (v1.1): A.2.7.2","","","","","","","",,,,,"",,,,"EHDSDischargeReport.body.dischargeDetails.functionalStatus",0,1,"",""
"EHDSDischargeReport.body.dischargeDetails.functionalStatus.narrative","EHDSDischargeReport.body.dischargeDetails.functionalStatus.narrative","","","",0,1,"","","","string {[]} {[]}
","Narrative, potentially formatted, content of the section","Narrative, potentially formatted, content of the section","","","","","","","","","",,,,,"",,,,"EHDSDischargeReport.body.dischargeDetails.functionalStatus.narrative",0,1,"",""
"EHDSDischargeReport.body.dischargeDetails.functionalStatus.functionalStatusAssessment","EHDSDischargeReport.body.dischargeDetails.functionalStatus.functionalStatusAssessment","","","",0,*,"","","","https://www.xt-ehr.eu/specifications/fhir/StructureDefinition/EHDSFunctionalStatus {[]} {[]}
","An individual's ability to perform normal daily activities required to meet basic needs, fulfil usual roles and maintain health and well-being","An individual's ability to perform normal daily activities required to meet basic needs, fulfil usual roles and maintain health and well-being","","","","","","","","","",,,,,"",,,,"EHDSDischargeReport.body.dischargeDetails.functionalStatus.functionalStatusAssessment",0,*,"",""
"EHDSDischargeReport.body.dischargeDetails.medicationSummary","EHDSDischargeReport.body.dischargeDetails.medicationSummary","","","",0,1,"","","","Base {[]} {[]}
","Medication summary. Summary information on the medication recommended for the period after discharge, indicating whether the medication is changed or newly started. Compared to previous practices, the overview is supplemented with medication that has been discontinued.","Medication summary. Summary information on the medication recommended for the period after discharge, indicating whether the medication is changed or newly started. Compared to previous practices, the overview is supplemented with medication that has been discontinued.","","eHN Guideline HDR (v1.1): A.2.8.1","","","","","","","",,,,,"",,,,"EHDSDischargeReport.body.dischargeDetails.medicationSummary",0,1,"",""
"EHDSDischargeReport.body.dischargeDetails.medicationSummary.narrative","EHDSDischargeReport.body.dischargeDetails.medicationSummary.narrative","","","",0,1,"","","","string {[]} {[]}
","Narrative content of the section.","Narrative content of the section.","","","","","","","","","",,,,,"",,,,"EHDSDischargeReport.body.dischargeDetails.medicationSummary.narrative",0,1,"",""
"EHDSDischargeReport.body.dischargeDetails.medicationSummary.entry","EHDSDischargeReport.body.dischargeDetails.medicationSummary.entry","","","",0,*,"","","","Base {[]} {[]}
","Structured medication entry","Structured medication entry","","","","","","","","","",,,,,"",,,,"EHDSDischargeReport.body.dischargeDetails.medicationSummary.entry",0,*,"",""
"EHDSDischargeReport.body.dischargeDetails.medicationSummary.entry.medicationUse","EHDSDischargeReport.body.dischargeDetails.medicationSummary.entry.medicationUse","","","",1,1,"","","","https://www.xt-ehr.eu/specifications/fhir/StructureDefinition/EHDSMedicationStatement {[]} {[]}
","Details about medication and dosaging","Details about medication and dosaging","","","","","","","","","",,,,,"",,,,"EHDSDischargeReport.body.dischargeDetails.medicationSummary.entry.medicationUse",1,1,"",""
"EHDSDischargeReport.body.dischargeDetails.medicationSummary.entry.daysSupplied","EHDSDischargeReport.body.dischargeDetails.medicationSummary.entry.daysSupplied","","","",0,1,"","","","Quantity {[]} {[]}
","Number of days for which the patient was provided with the drug at the time of discharge","Supply is intended to either hand over the medicine or write out a prescription. A 0 value indicates that the patient has not been provided with the drug (e.g. if the patient has a sufficient supply of the drug)","","","","","","","","","",,,,,"",,,,"EHDSDischargeReport.body.dischargeDetails.medicationSummary.entry.daysSupplied",0,1,"",""
"EHDSDischargeReport.body.dischargeDetails.carePlan","EHDSDischargeReport.body.dischargeDetails.carePlan","","","",0,*,"","","","Base {[]} {[]}
","Care plan and other recommendations after discharge.","Care plan and other recommendations after discharge section.","","eHN Guideline HDR (v1.1): A.2.8.3","","","","","","","",,,,,"",,,,"EHDSDischargeReport.body.dischargeDetails.carePlan",0,*,"",""
"EHDSDischargeReport.body.dischargeDetails.carePlan.narrative","EHDSDischargeReport.body.dischargeDetails.carePlan.narrative","","","",0,1,"","","","string {[]} {[]}
","Narrative content of the section.","Narrative content of the section.","","","","","","","","","",,,,,"",,,,"EHDSDischargeReport.body.dischargeDetails.carePlan.narrative",0,1,"",""
"EHDSDischargeReport.body.dischargeDetails.carePlan.carePlan","EHDSDischargeReport.body.dischargeDetails.carePlan.carePlan","","","",0,*,"","","","https://www.xt-ehr.eu/specifications/fhir/StructureDefinition/EHDSCarePlan {[]} {[]}
","Structured care plan after discharge. Multiple care plans could be provided.","Structured care plan after discharge. Multiple care plans could be provided.","","","","","","","","","",,,,,"",,,,"EHDSDischargeReport.body.dischargeDetails.carePlan.carePlan",0,*,"",""
"EHDSDischargeReport.body.dischargeDetails.carePlan.otherRecommendations","EHDSDischargeReport.body.dischargeDetails.carePlan.otherRecommendations","","","",0,1,"","","","string {[]} {[]}
","Other recommendations (advice) after discharge. E.g., recommendation to suggest hip replacement, reduce number of cigarettes, stop smoking, increase physical exercises, etc.","Other recommendations (advice) after discharge. E.g., recommendation to suggest hip replacement, reduce number of cigarettes, stop smoking, increase physical exercises, etc.","","","","","","","","","",,,,,"",,,,"EHDSDischargeReport.body.dischargeDetails.carePlan.otherRecommendations",0,1,"",""
"EHDSDischargeReport.attachments[x]","EHDSDischargeReport.attachments[x]","","","",0,*,"","","","https://www.xt-ehr.eu/specifications/fhir/StructureDefinition/EHDSAttachment {[]} {[]}
https://www.xt-ehr.eu/specifications/fhir/StructureDefinition/EHDSMedia {[]} {[]}","Report attachments data elements","Report attachments data elements","","","","","","","","","",,,,,"",,,,"EHDSDischargeReport.attachments[x]",0,*,"",""
