"Id","Path","Slice Name","Alias(s)","Label","Min","Max","Must Support?","Is Modifier?","Is Summary?","Type(s)","Short","Definition","Comments","Requirements","Default Value","Meaning When Missing","Fixed Value","Pattern","Example","Minimum Value","Maximum Value","Maximum Length","Binding Strength","Binding Description","Binding Value Set","Code","Slicing Discriminator","Slicing Description","Slicing Ordered","Slicing Rules","Base Path","Base Min","Base Max","Condition(s)","Constraint(s)","Mapping: RIM Mapping"
"EHDSPatient","EHDSPatient","","","",0,*,"","","","null {[]} {[]}
","Patient model","EHDS refined base model for patient (subject of care) information","","","","","","","","","",,,,,"",,,,"Base",0,*,"","","n/a"
"EHDSPatient.personalIdentifier","EHDSPatient.personalIdentifier","","","",1,*,"","","","Identifier {[]} {[]}
","An identifier of the patient that is unique within a defined scope (typically a national patient identifier, but it can also be a temporary identifier issued by the EHR).","An identifier of the patient that is unique within a defined scope (typically a national patient identifier, but it can also be a temporary identifier issued by the EHR).","","","","","","","","","",,,,,"",,,,"EHDSPatient.personalIdentifier",1,*,"",""
"EHDSPatient.name","EHDSPatient.name","","","",0,*,"","","","https://www.xt-ehr.eu/specifications/fhir/StructureDefinition/EHDSHumanName {[]} {[]}
","Name associated with the patient/subject.","Name might consist of name parts, e.g. Given name or names, family name/surname, name prefix etc.","","","","","","","","","",,,,,"",,,,"EHDSPatient.name",0,*,"",""
"EHDSPatient.dateOfBirth","EHDSPatient.dateOfBirth","","","",0,1,"","","","dateTime {[]} {[]}
","Date of birth","The date of birth of the patient [ISO TS 22220]. As age of the patient might be important for correct interpretation of the test result values, complete date of birth should be provided.","","","","","","","","","",,,,,"",,,,"EHDSPatient.dateOfBirth",0,1,"",""
"EHDSPatient.administrativeGender","EHDSPatient.administrativeGender","","","",0,1,"","","","CodeableConcept {[]} {[]}
","Administrative gender","This field must contain a recognized valid value for ""administrative gender"". If different, ""physiological gender"" should be communicated elsewhere.","","","","","","","","","",,"preferred","HL7 Administrative Gender","","",,,,"EHDSPatient.administrativeGender",0,1,"",""
"EHDSPatient.address","EHDSPatient.address","","","",0,*,"","","","https://www.xt-ehr.eu/specifications/fhir/StructureDefinition/EHDSAddress {[]} {[]}
","Mailing and home or office addresses.","The addresses are always sequences of address parts (e.g. street address line, country, postal code, city) even if postal address formats may vary depending on the country. An address may or may not include a specific use code; if this attribute is not present it is assumed to be the default address useful for any purpose.","","","","","","","","","",,,,,"",,,,"EHDSPatient.address",0,*,"",""
"EHDSPatient.telecom","EHDSPatient.telecom","","","",0,*,"","","","https://www.xt-ehr.eu/specifications/fhir/StructureDefinition/EHDSTelecom {[]} {[]}
","Telecommunication contact information (addresses) associated to a person.","Telecommunication contact information (addresses) associated to a person.","","","","","","","","","",,,,,"",,,,"EHDSPatient.telecom",0,*,"",""
"EHDSPatient.maritalStatus","EHDSPatient.maritalStatus","","","",0,1,"","","","CodeableConcept {[]} {[]}
","Marital (civil) status of a patient","Marital (civil) status of a patient","","","","","","","","","",,"preferred","HL7 marital-status","","",,,,"EHDSPatient.maritalStatus",0,1,"",""
"EHDSPatient.communicationLanguage","EHDSPatient.communicationLanguage","","","",0,*,"","","","CodeableConcept {[]} {[]}
","The language which can be used to communicate with the patient about his or her health.","The language which can be used to communicate with the patient about his or her health.","","","","","","","","","",,"preferred","BCP 47","","",,,,"EHDSPatient.communicationLanguage",0,*,"",""
