[
  {
    "id" : "SummaryConsumer",
    "type" : "ActorDefinition",
    "url" : "https://www.xt-ehr.eu/specifications/fhir/ActorDefinition/SummaryConsumer",
    "version" : "0.1.0",
    "name" : "SummaryConsumer"
  },
  {
    "id" : "SummaryProvider",
    "type" : "ActorDefinition",
    "url" : "https://www.xt-ehr.eu/specifications/fhir/ActorDefinition/SummaryProvider",
    "version" : "0.1.0",
    "name" : "SummaryProvider"
  },
  {
    "id" : "eu.ehds.models",
    "type" : "ImplementationGuide",
    "url" : "https://www.xt-ehr.eu/specifications/fhir/ImplementationGuide/eu.ehds.models",
    "version" : "0.1.0",
    "name" : "EHDSModels"
  },
  {
    "id" : "EHDSAddress",
    "type" : "StructureDefinition",
    "url" : "https://www.xt-ehr.eu/specifications/fhir/StructureDefinition/EHDSAddress",
    "version" : "0.1.0",
    "name" : "EHDSAddress"
  },
  {
    "id" : "EHDSAdvanceDirective",
    "type" : "StructureDefinition",
    "url" : "https://www.xt-ehr.eu/specifications/fhir/StructureDefinition/EHDSAdvanceDirective",
    "version" : "0.1.0",
    "name" : "EHDSAdvanceDirective"
  },
  {
    "id" : "EHDSAlert",
    "type" : "StructureDefinition",
    "url" : "https://www.xt-ehr.eu/specifications/fhir/StructureDefinition/EHDSAlert",
    "version" : "0.1.0",
    "name" : "EHDSAlert"
  },
  {
    "id" : "EHDSAllergyIntolerance",
    "type" : "StructureDefinition",
    "url" : "https://www.xt-ehr.eu/specifications/fhir/StructureDefinition/EHDSAllergyIntolerance",
    "version" : "0.1.0",
    "name" : "EHDSAllergyIntolerance"
  },
  {
    "id" : "EHDSAppointment",
    "type" : "StructureDefinition",
    "url" : "https://www.xt-ehr.eu/specifications/fhir/StructureDefinition/EHDSAppointment",
    "version" : "0.1.0",
    "name" : "EHDSAppointment"
  },
  {
    "id" : "EHDSAttachment",
    "type" : "StructureDefinition",
    "url" : "https://www.xt-ehr.eu/specifications/fhir/StructureDefinition/EHDSAttachment",
    "version" : "0.1.0",
    "name" : "EHDSAttachment"
  },
  {
    "id" : "EHDSBodyStructure",
    "type" : "StructureDefinition",
    "url" : "https://www.xt-ehr.eu/specifications/fhir/StructureDefinition/EHDSBodyStructure",
    "version" : "0.1.0",
    "name" : "EHDSBodyStructure"
  },
  {
    "id" : "EHDSCarePlan",
    "type" : "StructureDefinition",
    "url" : "https://www.xt-ehr.eu/specifications/fhir/StructureDefinition/EHDSCarePlan",
    "version" : "0.1.0",
    "name" : "EHDSCarePlan"
  },
  {
    "id" : "EHDSCondition",
    "type" : "StructureDefinition",
    "url" : "https://www.xt-ehr.eu/specifications/fhir/StructureDefinition/EHDSCondition",
    "version" : "0.1.0",
    "name" : "EHDSCondition"
  },
  {
    "id" : "EHDSCoverage",
    "type" : "StructureDefinition",
    "url" : "https://www.xt-ehr.eu/specifications/fhir/StructureDefinition/EHDSCoverage",
    "version" : "0.1.0",
    "name" : "EHDSCoverage"
  },
  {
    "id" : "EHDSCurrentPregnancy",
    "type" : "StructureDefinition",
    "url" : "https://www.xt-ehr.eu/specifications/fhir/StructureDefinition/EHDSCurrentPregnancy",
    "version" : "0.1.0",
    "name" : "EHDSCurrentPregnancy"
  },
  {
    "id" : "EHDSDataSet",
    "type" : "StructureDefinition",
    "url" : "https://www.xt-ehr.eu/specifications/fhir/StructureDefinition/EHDSDataSet",
    "version" : "0.1.0",
    "name" : "EHDSDataSet"
  },
  {
    "id" : "EHDSDevice",
    "type" : "StructureDefinition",
    "url" : "https://www.xt-ehr.eu/specifications/fhir/StructureDefinition/EHDSDevice",
    "version" : "0.1.0",
    "name" : "EHDSDevice"
  },
  {
    "id" : "EHDSDeviceUse",
    "type" : "StructureDefinition",
    "url" : "https://www.xt-ehr.eu/specifications/fhir/StructureDefinition/EHDSDeviceUse",
    "version" : "0.1.0",
    "name" : "EHDSDeviceUse"
  },
  {
    "id" : "EHDSDispenseDecline",
    "type" : "StructureDefinition",
    "url" : "https://www.xt-ehr.eu/specifications/fhir/StructureDefinition/EHDSDispenseDecline",
    "version" : "0.1.0",
    "name" : "EHDSDispenseDecline"
  },
  {
    "id" : "EHDSDocument",
    "type" : "StructureDefinition",
    "url" : "https://www.xt-ehr.eu/specifications/fhir/StructureDefinition/EHDSDocument",
    "version" : "0.1.0",
    "name" : "EHDSDocument"
  },
  {
    "id" : "EHDSDosaging",
    "type" : "StructureDefinition",
    "url" : "https://www.xt-ehr.eu/specifications/fhir/StructureDefinition/EHDSDosaging",
    "version" : "0.1.0",
    "name" : "EHDSDosaging"
  },
  {
    "id" : "EHDSEncounter",
    "type" : "StructureDefinition",
    "url" : "https://www.xt-ehr.eu/specifications/fhir/StructureDefinition/EHDSEncounter",
    "version" : "0.1.0",
    "name" : "EHDSEncounter"
  },
  {
    "id" : "EHDSEndpoint",
    "type" : "StructureDefinition",
    "url" : "https://www.xt-ehr.eu/specifications/fhir/StructureDefinition/EHDSEndpoint",
    "version" : "0.1.0",
    "name" : "EHDSEndpoint"
  },
  {
    "id" : "EHDSEpisodeOfCare",
    "type" : "StructureDefinition",
    "url" : "https://www.xt-ehr.eu/specifications/fhir/StructureDefinition/EHDSEpisodeOfCare",
    "version" : "0.1.0",
    "name" : "EHDSEpisodeOfCare"
  },
  {
    "id" : "EHDSFunctionalStatus",
    "type" : "StructureDefinition",
    "url" : "https://www.xt-ehr.eu/specifications/fhir/StructureDefinition/EHDSFunctionalStatus",
    "version" : "0.1.0",
    "name" : "EHDSFunctionalStatus"
  },
  {
    "id" : "EHDSHealthProfessional",
    "type" : "StructureDefinition",
    "url" : "https://www.xt-ehr.eu/specifications/fhir/StructureDefinition/EHDSHealthProfessional",
    "version" : "0.1.0",
    "name" : "EHDSHealthProfessional"
  },
  {
    "id" : "EHDSHumanName",
    "type" : "StructureDefinition",
    "url" : "https://www.xt-ehr.eu/specifications/fhir/StructureDefinition/EHDSHumanName",
    "version" : "0.1.0",
    "name" : "EHDSHumanName"
  },
  {
    "id" : "EHDSImagingStudy",
    "type" : "StructureDefinition",
    "url" : "https://www.xt-ehr.eu/specifications/fhir/StructureDefinition/EHDSImagingStudy",
    "version" : "0.1.0",
    "name" : "EHDSImagingStudy"
  },
  {
    "id" : "EHDSImmunisation",
    "type" : "StructureDefinition",
    "url" : "https://www.xt-ehr.eu/specifications/fhir/StructureDefinition/EHDSImmunisation",
    "version" : "0.1.0",
    "name" : "EHDSImmunisation"
  },
  {
    "id" : "EHDSLaboratoryObservation",
    "type" : "StructureDefinition",
    "url" : "https://www.xt-ehr.eu/specifications/fhir/StructureDefinition/EHDSLaboratoryObservation",
    "version" : "0.1.0",
    "name" : "EHDSLaboratoryObservation"
  },
  {
    "id" : "EHDSLocation",
    "type" : "StructureDefinition",
    "url" : "https://www.xt-ehr.eu/specifications/fhir/StructureDefinition/EHDSLocation",
    "version" : "0.1.0",
    "name" : "EHDSLocation"
  },
  {
    "id" : "EHDSMedication",
    "type" : "StructureDefinition",
    "url" : "https://www.xt-ehr.eu/specifications/fhir/StructureDefinition/EHDSMedication",
    "version" : "0.1.0",
    "name" : "EHDSMedication"
  },
  {
    "id" : "EHDSMedicationAdministration",
    "type" : "StructureDefinition",
    "url" : "https://www.xt-ehr.eu/specifications/fhir/StructureDefinition/EHDSMedicationAdministration",
    "version" : "0.1.0",
    "name" : "EHDSMedicationAdministration"
  },
  {
    "id" : "EHDSMedicationDispense",
    "type" : "StructureDefinition",
    "url" : "https://www.xt-ehr.eu/specifications/fhir/StructureDefinition/EHDSMedicationDispense",
    "version" : "0.1.0",
    "name" : "EHDSMedicationDispense"
  },
  {
    "id" : "EHDSMedicationPrescription",
    "type" : "StructureDefinition",
    "url" : "https://www.xt-ehr.eu/specifications/fhir/StructureDefinition/EHDSMedicationPrescription",
    "version" : "0.1.0",
    "name" : "EHDSMedicationPrescription"
  },
  {
    "id" : "EHDSMedicationStatement",
    "type" : "StructureDefinition",
    "url" : "https://www.xt-ehr.eu/specifications/fhir/StructureDefinition/EHDSMedicationStatement",
    "version" : "0.1.0",
    "name" : "EHDSMedicationStatement"
  },
  {
    "id" : "EHDSObservation",
    "type" : "StructureDefinition",
    "url" : "https://www.xt-ehr.eu/specifications/fhir/StructureDefinition/EHDSObservation",
    "version" : "0.1.0",
    "name" : "EHDSObservation"
  },
  {
    "id" : "EHDSOrganisation",
    "type" : "StructureDefinition",
    "url" : "https://www.xt-ehr.eu/specifications/fhir/StructureDefinition/EHDSOrganisation",
    "version" : "0.1.0",
    "name" : "EHDSOrganisation"
  },
  {
    "id" : "EHDSPatient",
    "type" : "StructureDefinition",
    "url" : "https://www.xt-ehr.eu/specifications/fhir/StructureDefinition/EHDSPatient",
    "version" : "0.1.0",
    "name" : "EHDSPatient"
  },
  {
    "id" : "EHDSPatientAnimal",
    "type" : "StructureDefinition",
    "url" : "https://www.xt-ehr.eu/specifications/fhir/StructureDefinition/EHDSPatientAnimal",
    "version" : "0.1.0",
    "name" : "EHDSPatientAnimal"
  },
  {
    "id" : "EHDSPatientSummary",
    "type" : "StructureDefinition",
    "url" : "https://www.xt-ehr.eu/specifications/fhir/StructureDefinition/EHDSPatientSummary",
    "version" : "0.1.0",
    "name" : "EHDSPatientSummary"
  },
  {
    "id" : "EHDSPregnancyHistory",
    "type" : "StructureDefinition",
    "url" : "https://www.xt-ehr.eu/specifications/fhir/StructureDefinition/EHDSPregnancyHistory",
    "version" : "0.1.0",
    "name" : "EHDSPregnancyHistory"
  },
  {
    "id" : "EHDSProcedure",
    "type" : "StructureDefinition",
    "url" : "https://www.xt-ehr.eu/specifications/fhir/StructureDefinition/EHDSProcedure",
    "version" : "0.1.0",
    "name" : "EHDSProcedure"
  },
  {
    "id" : "EHDSRelatedPerson",
    "type" : "StructureDefinition",
    "url" : "https://www.xt-ehr.eu/specifications/fhir/StructureDefinition/EHDSRelatedPerson",
    "version" : "0.1.0",
    "name" : "EHDSRelatedPerson"
  },
  {
    "id" : "EHDSServiceRequest",
    "type" : "StructureDefinition",
    "url" : "https://www.xt-ehr.eu/specifications/fhir/StructureDefinition/EHDSServiceRequest",
    "version" : "0.1.0",
    "name" : "EHDSServiceRequest"
  },
  {
    "id" : "EHDSSocialHistory",
    "type" : "StructureDefinition",
    "url" : "https://www.xt-ehr.eu/specifications/fhir/StructureDefinition/EHDSSocialHistory",
    "version" : "0.1.0",
    "name" : "EHDSSocialHistory"
  },
  {
    "id" : "EHDSSpecimen",
    "type" : "StructureDefinition",
    "url" : "https://www.xt-ehr.eu/specifications/fhir/StructureDefinition/EHDSSpecimen",
    "version" : "0.1.0",
    "name" : "EHDSSpecimen"
  },
  {
    "id" : "EHDSSubstance",
    "type" : "StructureDefinition",
    "url" : "https://www.xt-ehr.eu/specifications/fhir/StructureDefinition/EHDSSubstance",
    "version" : "0.1.0",
    "name" : "EHDSSubstance"
  },
  {
    "id" : "EHDSTelecom",
    "type" : "StructureDefinition",
    "url" : "https://www.xt-ehr.eu/specifications/fhir/StructureDefinition/EHDSTelecom",
    "version" : "0.1.0",
    "name" : "EHDSTelecom"
  },
  {
    "id" : "EHDSTravelHistory",
    "type" : "StructureDefinition",
    "url" : "https://www.xt-ehr.eu/specifications/fhir/StructureDefinition/EHDSTravelHistory",
    "version" : "0.1.0",
    "name" : "EHDSTravelHistory"
  }
]
