"Id","Path","Slice Name","Alias(s)","Label","Min","Max","Must Support?","Is Modifier?","Is Summary?","Type(s)","Short","Definition","Comments","Requirements","Default Value","Meaning When Missing","Fixed Value","Pattern","Example","Minimum Value","Maximum Value","Maximum Length","Binding Strength","Binding Description","Binding Value Set","Code","Slicing Discriminator","Slicing Description","Slicing Ordered","Slicing Rules","Base Path","Base Min","Base Max","Condition(s)","Constraint(s)","Mapping: RIM Mapping"
"EHDSMedicationStatement","EHDSMedicationStatement","","","",0,*,"","","","null {[]} {[]}
","Medication statement model","Statement about a single medication as part of a medication summary.","","","","","","","","","",,,,,"",,,,"Base",0,*,"","","n/a"
"EHDSMedicationStatement.header","EHDSMedicationStatement.header","","","",1,1,"","","","Base {[]} {[]}
","Common header for all patient-related data","Common header for all patient-related data","","","","","","","","","",,,,,"",,,,"EHDSDataSet.header",1,1,"",""
"EHDSMedicationStatement.header.subject","EHDSMedicationStatement.header.subject","","","",1,1,"","","","http://www.xt-ehr.eu/fhir/models/StructureDefinition/EHDSPatient {[]} {[]}
","Patient/subject information","Patient/subject information","","","","","","","","","",,,,,"",,,,"EHDSDataSet.header.subject",1,1,"",""
"EHDSMedicationStatement.header.identifier","EHDSMedicationStatement.header.identifier","","","",0,*,"","","","Identifier {[]} {[]}
","Business identifier for the object, unique within its system. Supporting disambiguation between different contexts (systems/countries).","Business identifier for the object, unique within its system. Supporting disambiguation between different contexts (systems/countries).","","","","","","","","","",,,,,"",,,,"EHDSDataSet.header.identifier",0,*,"",""
"EHDSMedicationStatement.header.authorship","EHDSMedicationStatement.header.authorship","","","",0,*,"","","","Base {[]} {[]}
","Resource authoring details. Multiple authors can be provided.","Resource authoring details. Multiple authors can be provided.","","","","","","","","","",,,,,"",,,,"EHDSDataSet.header.authorship",0,*,"",""
"EHDSMedicationStatement.header.authorship.author[x]","EHDSMedicationStatement.header.authorship.author[x]","","","",1,1,"","","","http://www.xt-ehr.eu/fhir/models/StructureDefinition/EHDSHealthProfessional {[]} {[]}
http://www.xt-ehr.eu/fhir/models/StructureDefinition/EHDSOrganisation {[]} {[]}http://www.xt-ehr.eu/fhir/models/StructureDefinition/EHDSDevice {[]} {[]}","Author responsible for the provided information. The exact role of the responsible author varies across use cases and is often specified in individual models.","Author responsible for the provided information. The exact role of the responsible author varies across use cases and is often specified in individual models.","","","","","","","","","",,,,,"",,,,"EHDSDataSet.header.authorship.author[x]",1,1,"",""
"EHDSMedicationStatement.header.authorship.datetime","EHDSMedicationStatement.header.authorship.datetime","","","",1,1,"","","","dateTime {[]} {[]}
","Date and time of authoring/issuing","Date and time of authoring/issuing","","","","","","","","","",,,,,"",,,,"EHDSDataSet.header.authorship.datetime",1,1,"",""
"EHDSMedicationStatement.header.status","EHDSMedicationStatement.header.status","","","",1,1,"","","","CodeableConcept {[]} {[]}
","Status of the resource or document","Status of the resource or document","","","","","","","","","",,,,,"",,,,"EHDSDataSet.header.status",1,1,"",""
"EHDSMedicationStatement.header.language","EHDSMedicationStatement.header.language","","","",0,1,"","","","CodeableConcept {[]} {[]}
","Language in which the resource is written. Language is expressed by the IETF language tag.","Language in which the resource is written. Language is expressed by the IETF language tag.","","","","","","","","","",,"preferred","BCP 47","","",,,,"EHDSDataSet.header.language",0,1,"",""
"EHDSMedicationStatement.medicationTreatmentStatus","EHDSMedicationStatement.medicationTreatmentStatus","","","",0,1,"","","","CodeableConcept {[]} {[]}
","The current status of the taking of medicine","The current status of the taking of medicine","","MyHealth@EU","","","","","","","",,,,,"",,,,"EHDSMedicationStatement.medicationTreatmentStatus",0,1,"",""
"EHDSMedicationStatement.medication","EHDSMedicationStatement.medication","","","",1,1,"","","","http://www.xt-ehr.eu/fhir/models/StructureDefinition/EHDSMedication {[]} {[]}
","Describes the medicinal product.","Describes the medicinal product.","","eHN PS Guideline, ISO IPS, MyHealth@EU","","","","","","","",,,,,"",,,,"EHDSMedicationStatement.medication",1,1,"",""
"EHDSMedicationStatement.medicationReason","EHDSMedicationStatement.medicationReason","","","",0,*,"","","","CodeableConcept {[]} {[]}
","Coded reason for the use of the medication (typically diagnosis, or a procedure)","Coded reason for the use of the medication (typically diagnosis, or a procedure)","","eHN PS Guideline, ISO IPS, MyHealth@EU","","","","","","","",,,,,"",,,,"EHDSMedicationStatement.medicationReason",0,*,"",""
"EHDSMedicationStatement.medicationReasonText","EHDSMedicationStatement.medicationReasonText","","","",0,1,"","","","string {[]} {[]}
","Reason for the use of the medication (typically diagnosis, or a procedure) in free text.","Reason for the use of the medication (typically diagnosis, or a procedure) in free text.","","eHN PS Guideline, ISO IPS, MyHealth@EU","","","","","","","",,,,,"",,,,"EHDSMedicationStatement.medicationReasonText",0,1,"",""
"EHDSMedicationStatement.intendedUseType","EHDSMedicationStatement.intendedUseType","","","",0,1,"","","","CodeableConcept {[]} {[]}
","The type of intended use of the medication, e.g. prophylactic, therapeutic, diagnostic, anesthesia, etc.","The type of intended use of the medication, e.g. prophylactic, therapeutic, diagnostic, anesthesia, etc.","","eHN PS Guideline, MyHealth@EU","","","","","","","",,,,,"",,,,"EHDSMedicationStatement.intendedUseType",0,1,"",""
"EHDSMedicationStatement.dosageInstructions","EHDSMedicationStatement.dosageInstructions","","","",1,1,"","","","http://www.xt-ehr.eu/fhir/models/StructureDefinition/EHDSDosaging {[]} {[]}
","Details of how medication is/was taken or should be taken","Details of how medication is/was taken or should be taken. This includes the number of units per intake and frequency of intake over a specified duration of time. Example: 1 tablet every 24h, for 10 days .","","eHN PS Guideline, ISO IPS, MyHealth@EU","","","","","","","",,,,,"",,,,"EHDSMedicationStatement.dosageInstructions",1,1,"",""
"EHDSMedicationStatement.periodOfUse","EHDSMedicationStatement.periodOfUse","","","",0,1,"","","","Period {[]} {[]}
","Period when patient took, is taking or is expected to take the medication","Period when patient took, is taking or is expected to take the medication. This information may be expressed using start and end date times OR indicating the duration. The first is used to indicate a specified interval (e.g., from March 15th, 2017); the latter for indicating a 'floating' period (e.g., 2 weeks). In case of unbounded period (continuous therapy), the end element will be valued with an exceptional value.","","eHN PS Guideline, ISO IPS, MyHealth@EU","","","","","","","",,,,,"",,,,"EHDSMedicationStatement.periodOfUse",0,1,"",""
