"Id","Path","Slice Name","Alias(s)","Label","Min","Max","Must Support?","Is Modifier?","Is Summary?","Type(s)","Short","Definition","Comments","Requirements","Default Value","Meaning When Missing","Fixed Value","Pattern","Example","Minimum Value","Maximum Value","Maximum Length","Binding Strength","Binding Description","Binding Value Set","Code","Slicing Discriminator","Slicing Description","Slicing Ordered","Slicing Rules","Base Path","Base Min","Base Max","Condition(s)","Constraint(s)","Mapping: RIM Mapping"
"EHDSLaboratoryObservation","EHDSLaboratoryObservation","","","",0,*,"","","","null {[]} {[]}
","Laboratory observation model","EHDS refined base model for Observation performed by laboratory","","","","","","","","","",,,,,"",,,,"Base",0,*,"","","n/a"
"EHDSLaboratoryObservation.header","EHDSLaboratoryObservation.header","","","",1,1,"","","","Base {[]} {[]}
","Common header for all patient-related data","Common header for all patient-related data","","","","","","","","","",,,,,"",,,,"EHDSDataSet.header",1,1,"",""
"EHDSLaboratoryObservation.header.subject","EHDSLaboratoryObservation.header.subject","","","",1,1,"","","","https://www.xt-ehr.eu/specifications/fhir/StructureDefinition/EHDSPatient {[]} {[]}
","Patient who is receiving health care. This patient might be different from the direct subject of the observation.","Patient/subject information","","","","","","","","","",,,,,"",,,,"EHDSDataSet.header.subject",1,1,"",""
"EHDSLaboratoryObservation.header.identifier","EHDSLaboratoryObservation.header.identifier","","","",0,*,"","","","Identifier {[]} {[]}
","Business identifier for the object","Business identifier for the object","","","","","","","","","",,,,,"",,,,"EHDSDataSet.header.identifier",0,*,"",""
"EHDSLaboratoryObservation.header.authorship","EHDSLaboratoryObservation.header.authorship","","","",1,*,"","","","Base {[]} {[]}
","Authorship","Resource authoring details","","","","","","","","","",,,,,"",,,,"EHDSDataSet.header.authorship",1,*,"",""
"EHDSLaboratoryObservation.header.authorship.author[x]","EHDSLaboratoryObservation.header.authorship.author[x]","","","",1,1,"","","","https://www.xt-ehr.eu/specifications/fhir/StructureDefinition/EHDSHealthProfessional {[]} {[]}
https://www.xt-ehr.eu/specifications/fhir/StructureDefinition/EHDSOrganisation {[]} {[]}https://www.xt-ehr.eu/specifications/fhir/StructureDefinition/EHDSDevice {[]} {[]}","Author","Author(s) by whom the resource was/were authored. Multiple authors could be provided.","","","","","","","","","",,,,,"",,,,"EHDSDataSet.header.authorship.author[x]",1,1,"",""
"EHDSLaboratoryObservation.header.authorship.datetime","EHDSLaboratoryObservation.header.authorship.datetime","","","",1,1,"","","","dateTime {[]} {[]}
","Date and time of authoring/issuing","Date and time of the issuing the document/resource by its author.","","","","","","","","","",,,,,"",,,,"EHDSDataSet.header.authorship.datetime",1,1,"",""
"EHDSLaboratoryObservation.header.lastUpdate","EHDSLaboratoryObservation.header.lastUpdate","","","",0,1,"","","","dateTime {[]} {[]}
","Date and time of the last update to the resource","Date and time of the last update to the document/information","","","","","","","","","",,,,,"",,,,"EHDSDataSet.header.lastUpdate",0,1,"",""
"EHDSLaboratoryObservation.header.status","EHDSLaboratoryObservation.header.status","","","",1,1,"","","","CodeableConcept {[]} {[]}
","Status of the resource","Status of the resource","","","","","","","","","",,"preferred","HL7 Observation status","","",,,,"EHDSDataSet.header.status",1,1,"",""
"EHDSLaboratoryObservation.header.statusReason[x]","EHDSLaboratoryObservation.header.statusReason[x]","","","",0,1,"","","","CodeableConcept {[]} {[]}
string {[]} {[]}","Reason for the current status of the resource.","Reason for the current status of the resource.","","","","","","","","","",,,,,"",,,,"EHDSDataSet.header.statusReason[x]",0,1,"",""
"EHDSLaboratoryObservation.header.language","EHDSLaboratoryObservation.header.language","","","",0,1,"","","","CodeableConcept {[]} {[]}
","Language","Language in which the resource is written. Language is expressed by the IETF language tag.","","","","","","","","","",,"preferred","BCP 47","","",,,,"EHDSDataSet.header.language",0,1,"",""
"EHDSLaboratoryObservation.header.version","EHDSLaboratoryObservation.header.version","","","",0,1,"","","","string {[]} {[]}
","Version","Business version of the resource.","","","","","","","","","",,,,,"",,,,"EHDSDataSet.header.version",0,1,"",""
"EHDSLaboratoryObservation.presentedForm","EHDSLaboratoryObservation.presentedForm","","","",0,*,"","","","https://www.xt-ehr.eu/specifications/fhir/StructureDefinition/EHDSAttachment {[]} {[]}
","A narrative easy-to-read representation of the full data set, e.g. PDF-version of a document","A narrative easy-to-read representation of the full data set, e.g. PDF-version of a document","","","","","","","","","",,,,,"",,,,"EHDSDataSet.presentedForm",0,*,"",""
"EHDSLaboratoryObservation.header.directSubject[x]","EHDSLaboratoryObservation.header.directSubject[x]","","","",0,1,"","","","https://www.xt-ehr.eu/specifications/fhir/StructureDefinition/EHDSPatient {[]} {[]}
https://www.xt-ehr.eu/specifications/fhir/StructureDefinition/EHDSPatientAnimal {[]} {[]}https://www.xt-ehr.eu/specifications/fhir/StructureDefinition/EHDSLocation {[]} {[]}https://www.xt-ehr.eu/specifications/fhir/StructureDefinition/EHDSDevice {[]} {[]}https://www.xt-ehr.eu/specifications/fhir/StructureDefinition/EHDSHealthProfessional {[]} {[]}https://www.xt-ehr.eu/specifications/fhir/StructureDefinition/EHDSOrganisation {[]} {[]}https://www.xt-ehr.eu/specifications/fhir/StructureDefinition/EHDSProcedure {[]} {[]}","The direct subject of the observation if different from the patient (subject of care), e.g. an observation of an implanted device","The direct subject of the observation if different from the patient (subject of care), e.g. an observation of an implanted device","","","","","","","","","",,,,,"",,,,"EHDSObservation.header.directSubject[x]",0,1,"",""
"EHDSLaboratoryObservation.observationDate[x]","EHDSLaboratoryObservation.observationDate[x]","","","",1,1,"","","","dateTime {[]} {[]}
Period {[]} {[]}","Clinically relevant time or time period for the observation","Clinically relevant time or time period for the observation","","","","","","","","","",,,,,"",,,,"EHDSObservation.observationDate[x]",1,1,"",""
"EHDSLaboratoryObservation.code","EHDSLaboratoryObservation.code","","","",1,1,"","","","CodeableConcept {[]} {[]}
","Observation code","Code representing the observation using the agreed code systems.","","","","","","","","","",,"preferred","LOINC, NPU","","",,,,"EHDSObservation.code",1,1,"",""
"EHDSLaboratoryObservation.originalName","EHDSLaboratoryObservation.originalName","","","",0,1,"","","","string {[]} {[]}
","Original (conventional) name of the observation","Original (conventional) name of the observation","","","","","","","","","",,,,,"",,,,"EHDSObservation.originalName",0,1,"",""
"EHDSLaboratoryObservation.method","EHDSLaboratoryObservation.method","","","",0,1,"","","","CodeableConcept {[]} {[]}
","Observation method","Observation method (measurement principle) to obtain the result.","","","","","","","","","",,"preferred","SNOMED CT","","",,,,"EHDSObservation.method",0,1,"",""
"EHDSLaboratoryObservation.order","EHDSLaboratoryObservation.order","","","",0,1,"","","","https://www.xt-ehr.eu/specifications/fhir/StructureDefinition/EHDSServiceRequest {[]} {[]}
","Identifies order and order placer this observation belongs to","Identifies order and order placer this observation belongs to","","","","","","","","","",,,,,"",,,,"EHDSObservation.order",0,1,"",""
"EHDSLaboratoryObservation.performer[x]","EHDSLaboratoryObservation.performer[x]","","","",0,1,"","","","https://www.xt-ehr.eu/specifications/fhir/StructureDefinition/EHDSHealthProfessional {[]} {[]}
https://www.xt-ehr.eu/specifications/fhir/StructureDefinition/EHDSPatient {[]} {[]}https://www.xt-ehr.eu/specifications/fhir/StructureDefinition/EHDSRelatedPerson {[]} {[]}","Performer of the observation. Some test could be performed by the patient himself or by a care giver. Those are in the scope of this deliverable under specified conditions.","Performer of the observation. Some test could be performed by the patient himself or by a care giver. Those are in the scope of this deliverable under specified conditions.","","","","","","","","","",,,,,"",,,,"EHDSObservation.performer[x]",0,1,"",""
"EHDSLaboratoryObservation.anatomicLocation","EHDSLaboratoryObservation.anatomicLocation","","","",0,1,"","","","https://www.xt-ehr.eu/specifications/fhir/StructureDefinition/EHDSBodyStructure {[]} {[]}
","Anatomic location and laterality where the observation was performed.","Anatomic location and laterality where the observation was performed.","","","","","","","","","",,,,,"",,,,"EHDSObservation.anatomicLocation",0,1,"",""
"EHDSLaboratoryObservation.result","EHDSLaboratoryObservation.result","","","",0,1,"","","","Base {[]} {[]}
","Result of the observation including text, numeric and coded results of the measurement and measurement uncertainty. Content of the observation result will vary according to the type of the observation.","Result of the observation including text, numeric and coded results of the measurement and measurement uncertainty. Content of the observation result will vary according to the type of the observation.","","","","","","","","","",,,,,"",,,,"EHDSObservation.result",0,1,"",""
"EHDSLaboratoryObservation.result.value[x]","EHDSLaboratoryObservation.result.value[x]","","","",1,1,"","","","string {[]} {[]}
Quantity {[]} {[]}Range {[]} {[]}CodeableConcept {[]} {[]}","Observation result value according to the type of observation","Observation result value according to the type of observation","","","","","","","","","",,"preferred","UCUM for units, SNOMED CT for coded results","","",,,,"EHDSObservation.result.value[x]",1,1,"",""
"EHDSLaboratoryObservation.result.uncertainty","EHDSLaboratoryObservation.result.uncertainty","","","",0,1,"","","","Base {[]} {[]}
","Measurement uncertainty type and interval if needed.","Measurement uncertainty type and interval if needed.","","","","","","","","","",,,,,"",,,,"EHDSObservation.result.uncertainty",0,1,"",""
"EHDSLaboratoryObservation.dataAbsentReason","EHDSLaboratoryObservation.dataAbsentReason","","","",0,1,"","","","CodeableConcept {[]} {[]}
","Provides a reason why the expected value in the element Observation.value[x] is missing.","Provides a reason why the expected value in the element Observation.value[x] is missing.","","","","","","","","","",,"preferred","HL7 Data absent reason","","",,,,"EHDSObservation.dataAbsentReason",0,1,"",""
"EHDSLaboratoryObservation.referenceRange","EHDSLaboratoryObservation.referenceRange","","","",0,*,"","","","Base {[]} {[]}
","Reference range, multiple reference ranges of different types culd by provided. Provides guide for interpretation of result.","Reference range, multiple reference ranges of different types culd by provided. Provides guide for interpretation of result.","Reference ranges are usually implied only for a numeric scale type. Use of the same units for reference range and value is implied.","","","","","","","","",,,,,"",,,,"EHDSObservation.referenceRange",0,*,"",""
"EHDSLaboratoryObservation.interpretation","EHDSLaboratoryObservation.interpretation","","","",0,*,"","","","CodeableConcept {[]} {[]}
","Information about reference intervals and result interpretation.","Information about reference intervals and result interpretation.","","","","","","","","","",,"preferred","SNOMED CT, HL7 ObservationInterpretation","","",,,,"EHDSObservation.interpretation",0,*,"",""
"EHDSLaboratoryObservation.resultDescription","EHDSLaboratoryObservation.resultDescription","","","",0,1,"","","","string {[]} {[]}
","Comments and narrative representation of the observation result and findings.","Comments and narrative representation of the observation result and findings.","","","","","","","","","",,,,,"",,,,"EHDSObservation.resultDescription",0,1,"",""
"EHDSLaboratoryObservation.component","EHDSLaboratoryObservation.component","","","",0,*,"","","","Base {[]} {[]}
","Component in case the observation consists of multiple sub-observations (e.g. blood pressure).","Component in case the observation consists of multiple sub-observations (e.g. blood pressure).","","","","","","","","","",,,,,"",,,,"EHDSObservation.component",0,*,"",""
"EHDSLaboratoryObservation.component.code","EHDSLaboratoryObservation.component.code","","","",1,1,"","","","CodeableConcept {[]} {[]}
","Code representing the observation using the agreed code systems.","Code representing the observation using the agreed code systems.","","","","","","","","","",,"preferred","LOINC, NPU, SNOMED CT","","",,,,"EHDSObservation.component.code",1,1,"",""
"EHDSLaboratoryObservation.component.result","EHDSLaboratoryObservation.component.result","","","",0,1,"","","","Base {[]} {[]}
","Result of the observation including text, numeric and coded results of the measurement and measurement uncertainty. Content of the observation result will vary according to the type of the observation.","Result of the observation including text, numeric and coded results of the measurement and measurement uncertainty. Content of the observation result will vary according to the type of the observation.","","","","","","","","","",,,,,"",,,,"EHDSObservation.component.result",0,1,"",""
"EHDSLaboratoryObservation.component.result.value[x]","EHDSLaboratoryObservation.component.result.value[x]","","","",1,1,"","","","string {[]} {[]}
Quantity {[]} {[]}Range {[]} {[]}CodeableConcept {[]} {[]}","Observation result value according to the type of observation","Observation result value according to the type of observation","","","","","","","","","",,,,,"",,,,"EHDSObservation.component.result.value[x]",1,1,"",""
"EHDSLaboratoryObservation.component.result.uncertainty","EHDSLaboratoryObservation.component.result.uncertainty","","","",0,1,"","","","Base {[]} {[]}
","Measurement uncertainty type and interval if needed.","Measurement uncertainty type and interval if needed.","","","","","","","","","",,,,,"",,,,"EHDSObservation.component.result.uncertainty",0,1,"",""
"EHDSLaboratoryObservation.component.dataAbsentReason","EHDSLaboratoryObservation.component.dataAbsentReason","","","",0,1,"","","","CodeableConcept {[]} {[]}
","Provides a reason why the expected value in the element Observation.value[x] is missing.","Provides a reason why the expected value in the element Observation.value[x] is missing.","","","","","","","","","",,"preferred","HL7 Data absent reason","","",,,,"EHDSObservation.component.dataAbsentReason",0,1,"",""
"EHDSLaboratoryObservation.component.referenceRange","EHDSLaboratoryObservation.component.referenceRange","","","",0,*,"","","","Base {[]} {[]}
","Reference range, multiple reference ranges of different types culd by provided. Provides guide for interpretation of result.","Reference range, multiple reference ranges of different types culd by provided. Provides guide for interpretation of result.","Reference ranges are usually implied only for a numeric scale type. Use of the same units for reference range and value is implied.","","","","","","","","",,,,,"",,,,"EHDSObservation.component.referenceRange",0,*,"",""
"EHDSLaboratoryObservation.component.interpretation","EHDSLaboratoryObservation.component.interpretation","","","",0,*,"","","","CodeableConcept {[]} {[]}
","Information about reference intervals and result interpretation.","Information about reference intervals and result interpretation.","","","","","","","","","",,"preferred","SNOMED CT, HL7 ObservationInterpretation","","",,,,"EHDSObservation.component.interpretation",0,*,"",""
"EHDSLaboratoryObservation.derivedFrom[x]","EHDSLaboratoryObservation.derivedFrom[x]","","","",0,*,"","","","https://www.xt-ehr.eu/specifications/fhir/StructureDefinition/EHDSObservation {[]} {[]}
https://www.xt-ehr.eu/specifications/fhir/StructureDefinition/EHDSLaboratoryObservation {[]} {[]}https://www.xt-ehr.eu/specifications/fhir/StructureDefinition/EHDSImagingStudy {[]} {[]}","Reference to the related resource from which the observation has been made. For example, a calculated anion gap or a fetal measurement based on an ultrasound image.","Reference to the related resource from which the observation has been made. For example, a calculated anion gap or a fetal measurement based on an ultrasound image.","","","","","","","","","",,,,,"",,,,"EHDSObservation.derivedFrom[x]",0,*,"",""
"EHDSLaboratoryObservation.triggeredBy[x]","EHDSLaboratoryObservation.triggeredBy[x]","","","",0,*,"","","","https://www.xt-ehr.eu/specifications/fhir/StructureDefinition/EHDSLaboratoryObservation {[]} {[]}
https://www.xt-ehr.eu/specifications/fhir/StructureDefinition/EHDSObservation {[]} {[]}","References to the observation(s) that triggered the performance of this observation.","References to the observation(s) that triggered the performance of this observation.","","","","","","","","","",,,,,"",,,,"EHDSObservation.triggeredBy[x]",0,*,"",""
"EHDSLaboratoryObservation.hasMember[x]","EHDSLaboratoryObservation.hasMember[x]","","","",0,*,"","","","https://www.xt-ehr.eu/specifications/fhir/StructureDefinition/EHDSLaboratoryObservation {[]} {[]}
https://www.xt-ehr.eu/specifications/fhir/StructureDefinition/EHDSObservation {[]} {[]}","This observation is a group observation (e.g. a battery, a panel of tests, a set of vital sign measurements) that includes the target as a member of the group.","This observation is a group observation (e.g. a battery, a panel of tests, a set of vital sign measurements) that includes the target as a member of the group.","","","","","","","","","",,,,,"",,,,"EHDSObservation.hasMember[x]",0,*,"",""
"EHDSLaboratoryObservation.testKit","EHDSLaboratoryObservation.testKit","","","",0,1,"","","","https://www.xt-ehr.eu/specifications/fhir/StructureDefinition/EHDSDevice {[]} {[]}
","Laboratory test kit used during measurement.","Laboratory test kit used during measurement.","","","","","","","","","",,,,,"",,,,"EHDSLaboratoryObservation.testKit",0,1,"",""
"EHDSLaboratoryObservation.calibrator","EHDSLaboratoryObservation.calibrator","","","",0,1,"","","","Identifier {[]} {[]}
","Information about which end-user calibrator the laboratory used for the measurement to indicate the metrological traceability chain. ","Information about which end-user calibrator the laboratory used for the measurement to indicate the metrological traceability chain. ","","","","","","","","","",,,,,"",,,,"EHDSLaboratoryObservation.calibrator",0,1,"",""
"EHDSLaboratoryObservation.accreditationStatus","EHDSLaboratoryObservation.accreditationStatus","","","",0,1,"","","","boolean {[]} {[]}
","Accreditation status of the laboratory for the observation.","Accreditation status of the laboratory for the observation.","","","","","","","","","",,,,,"",,,,"EHDSLaboratoryObservation.accreditationStatus",0,1,"",""
"EHDSLaboratoryObservation.previousResults","EHDSLaboratoryObservation.previousResults","","","",0,*,"","","","https://www.xt-ehr.eu/specifications/fhir/StructureDefinition/EHDSLaboratoryObservation {[]} {[]}
","Previous results of the same observation","Previous results of the same observation","","","","","","","","","",,,,,"",,,,"EHDSLaboratoryObservation.previousResults",0,*,"",""
"EHDSLaboratoryObservation.pointOfCareTest","EHDSLaboratoryObservation.pointOfCareTest","","","",0,1,"","","","boolean {[]} {[]}
","Examination performed near or at the site of a patient.","Indicates if the observation is a point-of-care test (POCT), i.e. an examination performed near or at the site of a patient.","","","","","","","","","",,,,,"",,,,"EHDSLaboratoryObservation.pointOfCareTest",0,1,"",""
