"Id","Path","Slice Name","Alias(s)","Label","Min","Max","Must Support?","Is Modifier?","Is Summary?","Type(s)","Short","Definition","Comments","Requirements","Default Value","Meaning When Missing","Fixed Value","Pattern","Example","Minimum Value","Maximum Value","Maximum Length","Binding Strength","Binding Description","Binding Value Set","Code","Slicing Discriminator","Slicing Description","Slicing Ordered","Slicing Rules","Base Path","Base Min","Base Max","Condition(s)","Constraint(s)","Mapping: RIM Mapping"
"EHDSPatient","EHDSPatient","","","",0,*,"","","","null {[]} {[]}
","Patient model","EHDS refined base model for patient (subject of care) information","","","","","","","","","",,,,,"",,,,"Base",0,*,"","","n/a"
"EHDSPatient.identifier","EHDSPatient.identifier","","","",1,*,"","","","Identifier {[]} {[]}
","An identifier of the patient that is unique within a defined scope (typically a national patient identifier, but it can also be a temporary identifier issued by the EHR).","An identifier of the patient that is unique within a defined scope (typically a national patient identifier, but it can also be a temporary identifier issued by the EHR).","","","","","","","","","",,,,,"",,,,"EHDSPatient.identifier",1,*,"",""
"EHDSPatient.name","EHDSPatient.name","","","",0,*,"","","","http://www.xt-ehr.eu/fhir/models/StructureDefinition/EHDSHumanName {[]} {[]}
","Name associated with the patient/subject.","Name might consist of name parts, e.g. Given name or names, family name/surname, name prefix etc.","","","","","","","","","",,,,,"",,,,"EHDSPatient.name",0,*,"",""
"EHDSPatient.dateOfBirth","EHDSPatient.dateOfBirth","","","",0,1,"","","","dateTime {[]} {[]}
","Date of birth","Date of birth","","","","","","","","","",,,,,"",,,,"EHDSPatient.dateOfBirth",0,1,"",""
"EHDSPatient.deceased[x]","EHDSPatient.deceased[x]","","","",0,1,"","","","boolean {[]} {[]}
dateTime {[]} {[]}","Whether the patient is deceased or date of death.","Whether the patient is deceased or date of death.","","","","","","","","","",,,,,"",,,,"EHDSPatient.deceased[x]",0,1,"",""
"EHDSPatient.administrativeGender","EHDSPatient.administrativeGender","","","",0,1,"","","","CodeableConcept {[]} {[]}
","Administrative gender","This field must contain a recognised valid value for ""administrative gender"". If different, ""physiological gender"" should be communicated elsewhere.","","","","","","","","","",,"preferred","HL7 Administrative Gender","","",,,,"EHDSPatient.administrativeGender",0,1,"",""
"EHDSPatient.address","EHDSPatient.address","","","",0,*,"","","","http://www.xt-ehr.eu/fhir/models/StructureDefinition/EHDSAddress {[]} {[]}
","Mailing and home or office addresses.","The addresses are always sequences of address parts (e.g. street address line, country, postal code, city) even if postal address formats may vary depending on the country. An address may or may not include a specific use code; if this attribute is not present it is assumed to be the default address useful for any purpose.","","","","","","","","","",,,,,"",,,,"EHDSPatient.address",0,*,"",""
"EHDSPatient.telecom","EHDSPatient.telecom","","","",0,*,"","","","http://www.xt-ehr.eu/fhir/models/StructureDefinition/EHDSTelecom {[]} {[]}
","Contact information.","Contact information.","","","","","","","","","",,,,,"",,,,"EHDSPatient.telecom",0,*,"",""
