"Id","Path","Slice Name","Alias(s)","Label","Min","Max","Must Support?","Is Modifier?","Is Summary?","Type(s)","Short","Definition","Comments","Requirements","Default Value","Meaning When Missing","Fixed Value","Pattern","Example","Minimum Value","Maximum Value","Maximum Length","Binding Strength","Binding Description","Binding Value Set","Code","Slicing Discriminator","Slicing Description","Slicing Ordered","Slicing Rules","Base Path","Base Min","Base Max","Condition(s)","Constraint(s)","Mapping: RIM Mapping"
"EHDSAllergyIntolerance","EHDSAllergyIntolerance","","","",0,*,"","","","null {[]} {[]}
","Allergy intolerance model","EHDS refined base model for allergy/intolerance","","","","","","","","","",,,,,"",,,,"Base",0,*,"","","n/a"
"EHDSAllergyIntolerance.identifier","EHDSAllergyIntolerance.identifier","","","",0,*,"","","","Identifier {[]} {[]}
","Identifier for the allergy/intolerance record","Identifier for the allergy/intolerance record","","","","","","","","","",,,,,"",,,,"EHDSAllergyIntolerance.identifier",0,*,"",""
"EHDSAllergyIntolerance.subject","EHDSAllergyIntolerance.subject","","","",1,1,"","","","https://www.xt-ehr.eu/specifications/fhir/StructureDefinition/EHDSPatient {[]} {[]}
","The patient who has the allergy or intolerance","The patient who has the allergy or intolerance","","","","","","","","","",,,,,"",,,,"EHDSAllergyIntolerance.subject",1,1,"",""
"EHDSAllergyIntolerance.status","EHDSAllergyIntolerance.status","","","",0,1,"","","","CodeableConcept {[]} {[]}
","Current status of the allergy or intolerance (e.g. active, in remission, resolved)","Current status of the allergy or intolerance (e.g. active, in remission, resolved)","","","","","","","","","",,"preferred","SNOMED CT","","",,,,"EHDSAllergyIntolerance.status",0,1,"",""
"EHDSAllergyIntolerance.allergyDescription","EHDSAllergyIntolerance.allergyDescription","","","",0,1,"","","","string {[]} {[]}
","Textual description of the allergy or intolerance","Textual description of the allergy or intolerance","","","","","","","","","",,,,,"",,,,"EHDSAllergyIntolerance.allergyDescription",0,1,"",""
"EHDSAllergyIntolerance.typeOfPropensity","EHDSAllergyIntolerance.typeOfPropensity","","","",0,1,"","","","CodeableConcept {[]} {[]}
","Type of propensity describes whether this condition refers to an allergy, non-allergy intolerance, or unknown class of intolerance (not known to be allergy or intolerance)","Type of propensity describes whether this condition refers to an allergy, non-allergy intolerance, or unknown class of intolerance (not known to be allergy or intolerance)","","","","","","","","","",,"preferred","SNOMED CT","","",,,,"EHDSAllergyIntolerance.typeOfPropensity",0,1,"",""
"EHDSAllergyIntolerance.allergyManifestation","EHDSAllergyIntolerance.allergyManifestation","","","",0,*,"","","","Base {[]} {[]}
","Description of the clinical manifestation of the allergic reaction including date of manifestation and severity. Example: anaphylactic shock, angioedema (the clinical manifestation also gives information about the severity of the observed reaction).","Description of the clinical manifestation of the allergic reaction including date of manifestation and severity. Example: anaphylactic shock, angioedema (the clinical manifestation also gives information about the severity of the observed reaction).","","","","","","","","","",,,,,"",,,,"EHDSAllergyIntolerance.allergyManifestation",0,*,"",""
"EHDSAllergyIntolerance.allergyManifestation.date","EHDSAllergyIntolerance.allergyManifestation.date","","","",0,1,"","","","dateTime {[]} {[]}
","Date and time of allergy manifestation","Date and time of allergy manifestation","","","","","","","","","",,,,,"",,,,"EHDSAllergyIntolerance.allergyManifestation.date",0,1,"",""
"EHDSAllergyIntolerance.allergyManifestation.severity","EHDSAllergyIntolerance.allergyManifestation.severity","","","",0,1,"","","","CodeableConcept {[]} {[]}
","Severity of the clinical manifestation of the allergic reaction.","Severity of the clinical manifestation of the allergic reaction.","","","","","","","","","",,"preferred","SNOMED CT","","",,,,"EHDSAllergyIntolerance.allergyManifestation.severity",0,1,"",""
"EHDSAllergyIntolerance.allergyManifestation.description","EHDSAllergyIntolerance.allergyManifestation.description","","","",0,1,"","","","string {[]} {[]}
","Description of the event as a whole","Description of the event as a whole","","","","","","","","","",,,,,"",,,,"EHDSAllergyIntolerance.allergyManifestation.description",0,1,"",""
"EHDSAllergyIntolerance.allergyManifestation.manifestation","EHDSAllergyIntolerance.allergyManifestation.manifestation","","","",0,*,"","","","CodeableConcept {[]} {[]}
","Clinical symptoms/signs associated with the event","Clinical symptoms/signs associated with the event","","","","","","","","","",,"preferred","SNOMED CT","","",,,,"EHDSAllergyIntolerance.allergyManifestation.manifestation",0,*,"",""
"EHDSAllergyIntolerance.criticality","EHDSAllergyIntolerance.criticality","","","",0,1,"","","","CodeableConcept {[]} {[]}
","Potential risk for future life-threatening adverse reactions when exposed to a substance known to cause an adverse reaction.","Potential risk for future life-threatening adverse reactions when exposed to a substance known to cause an adverse reaction.","","","","","","","","","",,"preferred","SNOMED CT","","",,,,"EHDSAllergyIntolerance.criticality",0,1,"",""
"EHDSAllergyIntolerance.onsetDate","EHDSAllergyIntolerance.onsetDate","","","",0,1,"","","","dateTime {[]} {[]}
","Date of onset of allergy, e.g., date of the first observation of the reaction. Partial date could be used.","Date of onset of allergy, e.g., date of the first observation of the reaction. Partial date could be used.","","","","","","","","","",,,,,"",,,,"EHDSAllergyIntolerance.onsetDate",0,1,"",""
"EHDSAllergyIntolerance.onsetLifePeriod","EHDSAllergyIntolerance.onsetLifePeriod","","","",0,1,"","","","CodeableConcept {[]} {[]}
","Onset life period (childhood, adolescence, etc.).","Onset life period (childhood, adolescence, etc.).","","","","","","","","","",,"preferred","SNOMED CT","","",,,,"EHDSAllergyIntolerance.onsetLifePeriod",0,1,"",""
"EHDSAllergyIntolerance.endDate","EHDSAllergyIntolerance.endDate","","","",0,1,"","","","dateTime {[]} {[]}
","Date of resolution of the allergy (e.g. when the clinician deemed there is no longer any need to track the underlying condition)","Date of resolution of the allergy (e.g. when the clinician deemed there is no longer any need to track the underlying condition)","","","","","","","","","",,,,,"",,,,"EHDSAllergyIntolerance.endDate",0,1,"",""
"EHDSAllergyIntolerance.endDateLifePeriod","EHDSAllergyIntolerance.endDateLifePeriod","","","",0,1,"","","","CodeableConcept {[]} {[]}
","Life period of resolution of the allergy (e.g. childhood, adolescence)","Life period of resolution of the allergy (e.g. childhood, adolescence)","","","","","","","","","",,"preferred","SNOMED CT","","",,,,"EHDSAllergyIntolerance.endDateLifePeriod",0,1,"",""
"EHDSAllergyIntolerance.certainty","EHDSAllergyIntolerance.certainty","","","",0,1,"","","","CodeableConcept {[]} {[]}
","Assertion about the certainty associated with a propensity, or potential risk, of a reaction to the identified substance. Diagnostic and/or clinical evidence of condition.","Assertion about the certainty associated with a propensity, or potential risk, of a reaction to the identified substance. Diagnostic and/or clinical evidence of condition.","","","","","","","","","",,"preferred","SNOMED CT","","",,,,"EHDSAllergyIntolerance.certainty",0,1,"",""
"EHDSAllergyIntolerance.agentOrAllergen","EHDSAllergyIntolerance.agentOrAllergen","","","",1,1,"","","","CodeableConcept {[]} {[]}
","A specific allergen or other agent/substance (drug, food, chemical agent, etc.) to which the patient has an adverse reaction propensity.","A specific allergen or other agent/substance (drug, food, chemical agent, etc.) to which the patient has an adverse reaction propensity.","","","","","","","","","",,"preferred","SNOMED CT, ATC, EMA SPOR SMS","","",,,,"EHDSAllergyIntolerance.agentOrAllergen",1,1,"",""
