"Id","Path","Slice Name","Alias(s)","Label","Min","Max","Must Support?","Is Modifier?","Is Summary?","Type(s)","Short","Definition","Comments","Requirements","Default Value","Meaning When Missing","Fixed Value","Pattern","Example","Minimum Value","Maximum Value","Maximum Length","Binding Strength","Binding Description","Binding Value Set","Code","Slicing Discriminator","Slicing Description","Slicing Ordered","Slicing Rules","Base Path","Base Min","Base Max","Condition(s)","Constraint(s)","Mapping: RIM Mapping"
"EHDSCondition","EHDSCondition","","","",0,*,"","","","null {[]} {[]}
","Condition model","C.15 - EHDS refined base model for A clinical condition, problem, diagnosis, or other event, situation, issue, or clinical concept that has risen to a level of concern.","","","","","","","","","",,,,,"",,,,"Base",0,*,"","","n/a"
"EHDSCondition.identifier","EHDSCondition.identifier","","","",0,*,"","","","Identifier {[]} {[]}
","C.15.1 - Identifier","Condition identifier","","","","","","","","","",,,,,"",,,,"EHDSCondition.identifier",0,*,"",""
"EHDSCondition.description","EHDSCondition.description","","","",0,1,"","","","Narrative {[]} {[]}
","C.15.2 - Description","Condition specification in narrative form","","","","","","","","","",,,,,"",,,,"EHDSCondition.description",0,1,"",""
"EHDSCondition.code","EHDSCondition.code","","","",0,1,"","","","CodeableConcept {[]} {[]}
","C.15.3 - Code","Code identifying the condition, problem or diagnosis","","","","","","","","","",,"preferred","ICD-10*, SNOMED CT, Orphacode if rare disease is diagnosed","","",,,,"EHDSCondition.code",0,1,"",""
"EHDSCondition.onsetDate","EHDSCondition.onsetDate","","","",0,1,"","","","dateTime {[]} {[]}
","C.15.4 - Onset date","Onset date of a problem/condition","","","","","","","","","",,,,,"",,,,"EHDSCondition.onsetDate",0,1,"",""
"EHDSCondition.endDate","EHDSCondition.endDate","","","",0,1,"","","","dateTime {[]} {[]}
","C.15.5 - End date","The date or estimated date that the condition resolved or went into remission.","","","","","","","","","",,,,,"",,,,"EHDSCondition.endDate",0,1,"",""
"EHDSCondition.category","EHDSCondition.category","","","",0,*,"","","","CodeableConcept {[]} {[]}
","C.15.6 - Category","Category or categories of the problem.","","","","","","","","","",,,,,"",,,,"EHDSCondition.category",0,*,"",""
"EHDSCondition.clinicalStatus","EHDSCondition.clinicalStatus","","","",0,1,"","","","CodeableConcept {[]} {[]}
","C.15.7 - Clinical status","Status of the condition/problem (active, resolved, inactive, ...)","","","","","","","","","",,"preferred","HL7 Condtion-clinical","","",,,,"EHDSCondition.clinicalStatus",0,1,"",""
"EHDSCondition.resolutionCircumstances","EHDSCondition.resolutionCircumstances","","","",0,*,"","","","CodeableReference {[]} {[CanonicalType[http://hl7.org/fhir/StructureDefinition/Resource]]}
","C.15.8 - Resolution circumstances","Describes the reason for which the status of the problem changed from current to inactive (e.g. surgical procedure, medical treatment, etc.). This field includes ""free text"" if the resolution circumstances are not already included in other fields such as surgical procedure, medical device, etc., e.g. hepatic cystectomy (this will be the resolution circumstances for the problem ""hepatic cyst"" and will be included in surgical procedures).","","","","","","","","","",,,,,"",,,,"EHDSCondition.resolutionCircumstances",0,*,"",""
"EHDSCondition.severity","EHDSCondition.severity","","","",0,1,"","","","CodeableConcept {[]} {[]}
","C.15.9 - Severity","A subjective assessment of the severity of the condition as evaluated by the clinician.","","","","","","","","","",,"preferred","HL7 Condtion-severity","","",,,,"EHDSCondition.severity",0,1,"",""
"EHDSCondition.anatomicLocation","EHDSCondition.anatomicLocation","","","",0,*,"","","","CodeableReference {[]} {[CanonicalType[https://www.xt-ehr.eu/specifications/fhir/StructureDefinition/EHDSBodyStructure]]}
","C.15.10 - Anatomic location","The anatomical location including laterality where this condition manifests itself.","","","","","","","","","",,"preferred","SNOMED CT","","",,,,"EHDSCondition.anatomicLocation",0,*,"",""
"EHDSCondition.stage","EHDSCondition.stage","","","",0,*,"","","","CodeableConcept {[]} {[]}
","C.15.11 - Stage","Stage/grade usually assessed formally using a specific staging/grading system. Multiple assessment systems could be used.","","","","","","","","","",,"preferred","e.g. TNM, ICD-O-3, Bi-Rads, Li-Rads, …","","",,,,"EHDSCondition.stage",0,*,"",""
"EHDSCondition.patient","EHDSCondition.patient","","","",1,1,"","","","Reference {[]} {[CanonicalType[https://www.xt-ehr.eu/specifications/fhir/StructureDefinition/EHDSPatient], CanonicalType[https://www.xt-ehr.eu/specifications/fhir/StructureDefinition/EHDSGroup]]}
","C.15.12 - Subject","Indicates the patient or group who the condition record is associated with.","","","","","","","","","",,,,,"",,,,"EHDSCondition.patient",1,1,"",""
"EHDSCondition.participant","EHDSCondition.participant","","","",0,*,"","","","Base {[]} {[]}
","C.15.13 - Participant","Who or what participated in the activities related to the condition and how they were involved.","","","","","","","","","",,,,,"",,,,"EHDSCondition.participant",0,*,"",""
"EHDSCondition.participant.function","EHDSCondition.participant.function","","","",0,1,"","","","CodeableConcept {[]} {[]}
","C.15.13.1 - Function","Type of participant involvement.","","","","","","","","","",,"preferred","To be specified","","",,,,"EHDSCondition.participant.function",0,1,"",""
"EHDSCondition.participant.actor","EHDSCondition.participant.actor","","","",1,1,"","","","Reference {[]} {[CanonicalType[https://www.xt-ehr.eu/specifications/fhir/StructureDefinition/EHDSHealthProfessional]]}
","C.15.13.2 - Actor","Identify the Health Professional who may be specifically related to the condition, e.g., as a preferred contact.","","","","","","","","","",,,,,"",,,,"EHDSCondition.participant.actor",1,1,"",""
"EHDSCondition.externalResourceRelatedWith","EHDSCondition.externalResourceRelatedWith","","","",0,*,"","","","uri {[]} {[]}
","C.15.14 - External Resourcerelated with","Identify the External Resource which may be specifically relatedto the problem, for example a link between a rare disease problemand the corresponding guidelines.","","","","","","","","","",,,,,"",,,,"EHDSCondition.externalResourceRelatedWith",0,*,"",""
"EHDSCondition.diagnosisAssertionStatus","EHDSCondition.diagnosisAssertionStatus","","","",0,1,"","","","CodeableConcept {[]} {[]}
","C.15.15 - Diagnosis assertion status","Assertion about the certainty associated with a diagnosis. Diagnostic and/or clinical evidence of condition.","","","","","","","","","",,"preferred","HL7 Condition-ver-status","","",,,,"EHDSCondition.diagnosisAssertionStatus",0,1,"",""
