{"resourceType":"ActorDefinition","id":"actor-prescribing-system","text":{"status":"generated","div":"<div xmlns=\"http://www.w3.org/1999/xhtml\"><p class=\"res-header-id\"><b>Generated Narrative: ActorDefinition actor-prescribing-system</b></p><a name=\"actor-prescribing-system\"> </a><a name=\"hcactor-prescribing-system\"> </a><a name=\"actor-prescribing-system-en-US\"> </a><table class=\"grid\"><tr><td><b>Actor: Prescribing System </b></td><td/><td>Type: system </td></tr><tr><td colspan=\"3\"/></tr></table></div>"},"url":"https://www.xt-ehr.eu/specifications/fhir/actor-prescribing-system","version":"0.1.0","name":"Prescribing System","status":"active","date":"2025-04-17T17:12:41+00:00","publisher":"Xt-EHR","contact":[{"name":"Xt-EHR","telecom":[{"system":"url","value":"http://Xt-EHR.eu"}]}],"type":"system"}