"Id","Path","Slice Name","Alias(s)","Label","Min","Max","Must Support?","Is Modifier?","Is Summary?","Type(s)","Short","Definition","Comments","Requirements","Default Value","Meaning When Missing","Fixed Value","Pattern","Example","Minimum Value","Maximum Value","Maximum Length","Binding Strength","Binding Description","Binding Value Set","Code","Slicing Discriminator","Slicing Description","Slicing Ordered","Slicing Rules","Base Path","Base Min","Base Max","Condition(s)","Constraint(s)","Mapping: RIM Mapping"
"EHDSDischargeReport","EHDSDischargeReport","","","",0,*,"","","","null {[]} {[]}
","Discharge Report model","EHDS refined base model for Discharge Report","","","","","","","","","",,,,,"",,,,"Base",0,*,"","","n/a"
"EHDSDischargeReport.header","EHDSDischargeReport.header","","","",1,1,"","","","https://www.xt-ehr.eu/specifications/fhir/StructureDefinition/EHDSDischargeReportHeader {[]} {[]}
","Discharge Report header","Discharge Report header","","","","","","","","","",,,,,"",,,,"EHDSDischargeReport.header",1,1,"",""
"EHDSDischargeReport.body","EHDSDischargeReport.body","","","",0,1,"","","","https://www.xt-ehr.eu/specifications/fhir/StructureDefinition/EHDSDischargeReportBody {[]} {[]}
","Discharge Report body","Discharge Report body","","","","","","","","","",,,,,"",,,,"EHDSDischargeReport.body",0,1,"",""
"EHDSDischargeReport.presentedForms","EHDSDischargeReport.presentedForms","","","",0,*,"","","","https://www.xt-ehr.eu/specifications/fhir/StructureDefinition/EHDSAttachment {[]} {[]}
","Entire report as issued. Various formats could be provided,  PDF format is recommended.","Entire report as issued. Various formats could be provided,  PDF format is recommended.","","","","","","","","","",,,,,"",,,,"EHDSDischargeReport.presentedForms",0,*,"",""
"EHDSDischargeReport.attachments[x]","EHDSDischargeReport.attachments[x]","","","",0,*,"","","","https://www.xt-ehr.eu/specifications/fhir/StructureDefinition/EHDSAttachment {[]} {[]}
https://www.xt-ehr.eu/specifications/fhir/StructureDefinition/EHDSMedia {[]} {[]}","Report attachments data elements","Report attachments data elements","","","","","","","","","",,,,,"",,,,"EHDSDischargeReport.attachments[x]",0,*,"",""
