"Id","Path","Slice Name","Alias(s)","Label","Min","Max","Must Support?","Is Modifier?","Is Summary?","Type(s)","Short","Definition","Comments","Requirements","Default Value","Meaning When Missing","Fixed Value","Pattern","Example","Minimum Value","Maximum Value","Maximum Length","Binding Strength","Binding Description","Binding Value Set","Code","Slicing Discriminator","Slicing Description","Slicing Ordered","Slicing Rules","Base Path","Base Min","Base Max","Condition(s)","Constraint(s)","Mapping: RIM Mapping"
"EHDSServiceRequest","EHDSServiceRequest","","","",0,*,"","","","null {[]} {[]}
","Service request model","EHDS refined base model for Specification of requested service or services","","","","","","","","","",,,,,"",,,,"Base",0,*,"","","n/a"
"EHDSServiceRequest.serviceText","EHDSServiceRequest.serviceText","","","",0,1,"","","","string {[]} {[]}
","Service text","Textual description of the requested service","","","","","","","","","",,,,,"",,,,"EHDSServiceRequest.serviceText",0,1,"",""
"EHDSServiceRequest.serviceCode","EHDSServiceRequest.serviceCode","","","",0,1,"","","","CodeableConcept {[]} {[]}
","Service code","A code that identifies a particular service (i.e., procedure, diagnostic investigation, or panel of investigations) that have been requested.","","","","","","","","","",,"preferred","LOINC, NPU, SNOMED CT","","",,,,"EHDSServiceRequest.serviceCode",0,1,"",""
"EHDSServiceRequest.reasonCode","EHDSServiceRequest.reasonCode","","","",0,*,"","","","CodeableConcept {[]} {[]}
","Reason code","Health conditions affecting the health of the patient and are important to be known for a health professional during a health encounter. Clinical conditions of the subject relevant for the results interpretation.","","","","","","","","","",,"preferred","ICD-10 (ICD-11 when available), SNOMED CT, Orphacode","","",,,,"EHDSServiceRequest.reasonCode",0,*,"",""
"EHDSServiceRequest.quantity","EHDSServiceRequest.quantity","","","",0,1,"","","","Quantity {[]} {[]}
","Quantity","Amount of requested services of the same type","","","","","","","","","",,,,,"",,,,"EHDSServiceRequest.quantity",0,1,"",""
"EHDSServiceRequest.anatomicLocation","EHDSServiceRequest.anatomicLocation","","","",0,*,"","","","CodeableConcept {[]} {[]}
","Anatomic location","Anatomic location and laterality where the procedure should be performed. This is the target site.","","","","","","","","","",,"preferred","SNOMED CT","","",,,,"EHDSServiceRequest.anatomicLocation",0,*,"",""
"EHDSServiceRequest.reasonReference","EHDSServiceRequest.reasonReference","","","",0,*,"","","","Reference {[]} {[CanonicalType[https://www.xt-ehr.eu/specifications/fhir/StructureDefinition/EHDSObservation], CanonicalType[https://www.xt-ehr.eu/specifications/fhir/StructureDefinition/EHDSCondition], CanonicalType[https://www.xt-ehr.eu/specifications/fhir/StructureDefinition/EHDSMedication], CanonicalType[http://hl7.org/fhir/StructureDefinition/DocumentReference], CanonicalType[http://hl7.org/fhir/StructureDefinition/DiagnosticReport]]}
","Reason reference","Indicates another resource that provides a justification for why this service is being requested.","","","","","","","","","",,,,,"",,,,"EHDSServiceRequest.reasonReference",0,*,"",""
"EHDSServiceRequest.priority","EHDSServiceRequest.priority","","","",0,1,"","","","CodeableConcept {[]} {[]}
","Priority","Indicates how quickly the ServiceRequest should be addressed with respect to other requests.","","","","","","","","","",,"preferred","HL7 Request priority","","",,,,"EHDSServiceRequest.priority",0,1,"",""
"EHDSServiceRequest.supportingInformation","EHDSServiceRequest.supportingInformation","","","",0,*,"","","","Reference {[]} {[CanonicalType[https://www.xt-ehr.eu/specifications/fhir/StructureDefinition/EHDSObservation], CanonicalType[https://www.xt-ehr.eu/specifications/fhir/StructureDefinition/EHDSCondition], CanonicalType[https://www.xt-ehr.eu/specifications/fhir/StructureDefinition/EHDSProcedure], CanonicalType[https://www.xt-ehr.eu/specifications/fhir/StructureDefinition/EHDSMedicationAdministration], CanonicalType[http://hl7.org/fhir/StructureDefinition/Resource]]}
","Supporting information","Health conditions relevant for the results interpretation, e.g. fasting status, sex for clinical use, etc.","","","","","","","","","",,,,,"",,,,"EHDSServiceRequest.supportingInformation",0,*,"",""
"EHDSServiceRequest.specimen","EHDSServiceRequest.specimen","","","",0,*,"","","","Reference {[]} {[CanonicalType[https://www.xt-ehr.eu/specifications/fhir/StructureDefinition/EHDSSpecimen]]}
","Specimen","Specimens to be used by the laboratory procedure","","","","","","","","","",,,,,"",,,,"EHDSServiceRequest.specimen",0,*,"",""
"EHDSServiceRequest.subject","EHDSServiceRequest.subject","","","",1,1,"","","","Reference {[]} {[CanonicalType[https://www.xt-ehr.eu/specifications/fhir/StructureDefinition/EHDSPatient], CanonicalType[https://www.xt-ehr.eu/specifications/fhir/StructureDefinition/EHDSGroup], CanonicalType[https://www.xt-ehr.eu/specifications/fhir/StructureDefinition/EHDSLocation], CanonicalType[https://www.xt-ehr.eu/specifications/fhir/StructureDefinition/EHDSDevice]]}
","Subject","Individual or Entity the service is ordered for","","","","","","","","","",,,,,"",,,,"EHDSServiceRequest.subject",1,1,"",""
"EHDSServiceRequest.encounter","EHDSServiceRequest.encounter","","","",0,1,"","","","https://www.xt-ehr.eu/specifications/fhir/StructureDefinition/EHDSEncounter {[]} {[]}
","Encounter","An encounter that provides additional information about the healthcare context in which this request is made.","","","","","","","","","",,,,,"",,,,"EHDSServiceRequest.encounter",0,1,"",""
"EHDSServiceRequest.occurrence[x]","EHDSServiceRequest.occurrence[x]","","","",0,1,"","","","dateTime {[]} {[]}
Period {[]} {[]}","Occurrence","When service should occur","","","","","","","","","",,,,,"",,,,"EHDSServiceRequest.occurrence[x]",0,1,"",""
"EHDSServiceRequest.patientInstructions","EHDSServiceRequest.patientInstructions","","","",0,1,"","","","string {[]} {[]}
","Patient instructions","Patient or consumer-oriented instructions","","","","","","","","","",,,,,"",,,,"EHDSServiceRequest.patientInstructions",0,1,"",""
"EHDSServiceRequest.coverage","EHDSServiceRequest.coverage","","","",0,*,"","","","Reference {[]} {[CanonicalType[https://www.xt-ehr.eu/specifications/fhir/StructureDefinition/EHDSCoverage]]}
","Coverage","Insurance or medical plan or a payment agreement.","","","","","","","","","",,,,,"",,,,"EHDSServiceRequest.coverage",0,*,"",""
