"Id","Path","Slice Name","Alias(s)","Label","Min","Max","Must Support?","Is Modifier?","Is Summary?","Type(s)","Short","Definition","Comments","Requirements","Default Value","Meaning When Missing","Fixed Value","Pattern","Example","Minimum Value","Maximum Value","Maximum Length","Binding Strength","Binding Description","Binding Value Set","Code","Slicing Discriminator","Slicing Description","Slicing Ordered","Slicing Rules","Base Path","Base Min","Base Max","Condition(s)","Constraint(s)","Mapping: RIM Mapping"
"EHDSDischargeReportBody","EHDSDischargeReportBody","","","",0,*,"","","","null {[]} {[]}
","Discharge Report body model","EHDS refined base model for Discharge Report body","","","","","","","","","",,,,,"",,,,"Base",0,*,"","","n/a"
"EHDSDischargeReportBody.advanceDirectives","EHDSDischargeReportBody.advanceDirectives","","","",0,1,"","","","Base {[]} {[]}
","Section: Advance Directives.","Provision for healthcare decisions if, in the future, a person is unable to make those decisions.","","eHN Guideline HDR (v1.1): A.2.2","","","","","","","",,,,,"",,,,"EHDSDischargeReportBody.advanceDirectives",0,1,"",""
"EHDSDischargeReportBody.advanceDirectives.narrative","EHDSDischargeReportBody.advanceDirectives.narrative","","","",0,1,"","","","string {[]} {[]}
","Narrative, potentially formatted, content of the section","Narrative, potentially formatted, content of the section","","","","","","","","","",,,,,"",,,,"EHDSDischargeReportBody.advanceDirectives.narrative",0,1,"",""
"EHDSDischargeReportBody.advanceDirectives.advanceDirective","EHDSDischargeReportBody.advanceDirectives.advanceDirective","","","",0,*,"","","","https://www.xt-ehr.eu/specifications/fhir/StructureDefinition/EHDSAdvanceDirective {[]} {[]}
","Provision for healthcare decisions if, in the future, a person is unable to make those decisions","Provision for healthcare decisions if, in the future, a person is unable to make those decisions","","","","","","","","","",,,,,"",,,,"EHDSDischargeReportBody.advanceDirectives.advanceDirective",0,*,"",""
"EHDSDischargeReportBody.alerts","EHDSDischargeReportBody.alerts","","","",0,1,"","","","Base {[]} {[]}
","Section: Alerts.","Information about substantial alerts or warnings that health professionals should be aware of.","","eHN Guideline HDR (v1.1): A.2.2","","","","","","","",,,,,"",,,,"EHDSDischargeReportBody.alerts",0,1,"",""
"EHDSDischargeReportBody.alerts.narrative","EHDSDischargeReportBody.alerts.narrative","","","",0,1,"","","","string {[]} {[]}
","Narrative, potentially formatted, content of the section","Narrative, potentially formatted, content of the section","","","","","","","","","",,,,,"",,,,"EHDSDischargeReportBody.alerts.narrative",0,1,"",""
"EHDSDischargeReportBody.alerts.medicalAlert","EHDSDischargeReportBody.alerts.medicalAlert","","","",0,*,"","","","https://www.xt-ehr.eu/specifications/fhir/StructureDefinition/EHDSAlert {[]} {[]}
","Description of medical alerts in textual format: any clinical information that is imperative to know so that the life or health of the patient does not come under threat.","Description of medical alerts in textual format: any clinical information that is imperative to know so that the life or health of the patient does not come under threat.","","eHN Guideline HDR (v1.1): A.2.2.2","","","","","","","",,,,,"",,,,"EHDSDischargeReportBody.alerts.medicalAlert",0,*,"",""
"EHDSDischargeReportBody.alerts.allergyAndIntolerance","EHDSDischargeReportBody.alerts.allergyAndIntolerance","","","",0,*,"","","","https://www.xt-ehr.eu/specifications/fhir/StructureDefinition/EHDSAllergyIntolerance {[]} {[]}
","Allergy and Intolerance. A record of allergies and intolerances (primarily to be used for new allergies or intolerances that occurred during the hospital stay).","Allergy and Intolerance. A record of allergies and intolerances (primarily to be used for new allergies or intolerances that occurred during the hospital stay).","","eHN Guideline HDR (v1.1): A.2.2.1","","","","","","","",,,,,"",,,,"EHDSDischargeReportBody.alerts.allergyAndIntolerance",0,*,"",""
"EHDSDischargeReportBody.encounterInformation","EHDSDischargeReportBody.encounterInformation","","","",1,1,"","","","Base {[]} {[]}
","Section: Encounter information.","Section: Encounter information.","","eHN Guideline HDR (v1.1): A.2.2","","","","","","","",,,,,"",,,,"EHDSDischargeReportBody.encounterInformation",1,1,"",""
"EHDSDischargeReportBody.encounterInformation.narrative","EHDSDischargeReportBody.encounterInformation.narrative","","","",1,1,"","","","string {[]} {[]}
","Narrative, potentially formatted, content of the section","Narrative, potentially formatted, content of the section","","","","","","","","","",,,,,"",,,,"EHDSDischargeReportBody.encounterInformation.narrative",1,1,"",""
"EHDSDischargeReportBody.encounterInformation.encounter","EHDSDischargeReportBody.encounterInformation.encounter","","","",0,1,"","","","https://www.xt-ehr.eu/specifications/fhir/StructureDefinition/EHDSEncounter {[]} {[]}
","Encounter information","Encounter information","","eHN Guideline HDR (v1.1): A.2.3","","","","","","","",,,,,"",,,,"EHDSDischargeReportBody.encounterInformation.encounter",0,1,"",""
"EHDSDischargeReportBody.admissionEvaluation","EHDSDischargeReportBody.admissionEvaluation","","","",0,1,"","","","Base {[]} {[]}
","Section: Admission evaluation","Admission evaluation section should be reported exceptionally only if it is relevant to ensure continuity of care.","","eHN Guideline HDR (v1.1): A.2.4","","","","","","","",,,,,"",,,,"EHDSDischargeReportBody.admissionEvaluation",0,1,"",""
"EHDSDischargeReportBody.admissionEvaluation.narrative","EHDSDischargeReportBody.admissionEvaluation.narrative","","","",0,1,"","","","string {[]} {[]}
","Narrative content of the section. This narrative shell containing either summary narrative description of all subsections, or similar narrative sub-section elements should be provided.","Narrative content of the section. This narrative shell containing either summary narrative description of all subsections, or similar narrative sub-section elements should be provided.","","","","","","","","","",,,,,"",,,,"EHDSDischargeReportBody.admissionEvaluation.narrative",0,1,"",""
"EHDSDischargeReportBody.admissionEvaluation.objectiveFindings","EHDSDischargeReportBody.admissionEvaluation.objectiveFindings","","","",0,1,"","","","Base {[]} {[]}
","Objective findings","Sub-section with objective findings.","","","","","","","","","",,,,,"",,,,"EHDSDischargeReportBody.admissionEvaluation.objectiveFindings",0,1,"",""
"EHDSDischargeReportBody.admissionEvaluation.objectiveFindings.narrative","EHDSDischargeReportBody.admissionEvaluation.objectiveFindings.narrative","","","",0,1,"","","","string {[]} {[]}
","Narrative content of the section. This narrative shell containing either summary narrative description of all subsections, or similar narrative sub-section elements should be provided.","Narrative content of the section. This narrative shell containing either summary narrative description of all subsections, or similar narrative sub-section elements should be provided.","","","","","","","","","",,,,,"",,,,"EHDSDischargeReportBody.admissionEvaluation.objectiveFindings.narrative",0,1,"",""
"EHDSDischargeReportBody.admissionEvaluation.objectiveFindings.anthropometricObservations","EHDSDischargeReportBody.admissionEvaluation.objectiveFindings.anthropometricObservations","","","",0,*,"","","","https://www.xt-ehr.eu/specifications/fhir/StructureDefinition/EHDSObservation {[]} {[]}
","Anthropometric observations, such as body weight and height of the patient, BMI, circumference of head, waist, hip, limbs and skin fold thickness.","Anthropometric observations, such as body weight and height of the patient, BMI, circumference of head, waist, hip, limbs and skin fold thickness.","","eHN Guideline HDR (v1.1): A.2.4.1.2","","","","","","","",,,,,"",,,,"EHDSDischargeReportBody.admissionEvaluation.objectiveFindings.anthropometricObservations",0,*,"",""
"EHDSDischargeReportBody.admissionEvaluation.objectiveFindings.vitalSigns","EHDSDischargeReportBody.admissionEvaluation.objectiveFindings.vitalSigns","","","",0,*,"","","","https://www.xt-ehr.eu/specifications/fhir/StructureDefinition/EHDSObservation {[]} {[]}
","Vital signs observations. Mandatory: pulse rate, respiratory rate, systolic and diastolic blood pressure with site information; optional: 02 saturation","Vital signs observations. Mandatory: pulse rate, respiratory rate, systolic and diastolic blood pressure with site information; optional: 02 saturation","","eHN Guideline HDR (v1.1): A.2.4.1.3","","","","","","","",,,,,"",,,,"EHDSDischargeReportBody.admissionEvaluation.objectiveFindings.vitalSigns",0,*,"",""
"EHDSDischargeReportBody.admissionEvaluation.objectiveFindings.physicalExamination","EHDSDischargeReportBody.admissionEvaluation.objectiveFindings.physicalExamination","","","",0,*,"","","","https://www.xt-ehr.eu/specifications/fhir/StructureDefinition/EHDSObservation {[]} {[]}
","Physical examination","Physical examination is the process of evaluating objective anatomical findings. It is typically the first diagnostic measure performed after taking the patient's history, which allows an initial assessment of symptoms and is useful for determining the differential diagnoses and further steps. Physical examination can be performed through observation, palpation, percussion, and auscultation.","","eHN Guideline HDR (v1.1): A.2.4.1.4","","","","","","","",,,,,"",,,,"EHDSDischargeReportBody.admissionEvaluation.objectiveFindings.physicalExamination",0,*,"",""
"EHDSDischargeReportBody.admissionEvaluation.functionalStatus","EHDSDischargeReportBody.admissionEvaluation.functionalStatus","","","",0,1,"","","","Base {[]} {[]}
","Section: Functional status","Functional status can be assessed in several different ways, usually with a focus on the person’s abilities to perform basic activities of daily living (ADL), which include basic self-care such as bathing, feeding, and toileting and instrumental activities of daily living (IADL), which includes activities such as cooking, shopping, and managing one’s own affairs.For details see: https://paciowg.github.io/functional-status-ig/","","eHN Guideline HDR (v1.1): A.2.4.2","","","","","","","",,,,,"",,,,"EHDSDischargeReportBody.admissionEvaluation.functionalStatus",0,1,"",""
"EHDSDischargeReportBody.admissionEvaluation.functionalStatus.narrative","EHDSDischargeReportBody.admissionEvaluation.functionalStatus.narrative","","","",0,1,"","","","string {[]} {[]}
","Narrative, potentially formatted, content of the section","Narrative, potentially formatted, content of the section","","","","","","","","","",,,,,"",,,,"EHDSDischargeReportBody.admissionEvaluation.functionalStatus.narrative",0,1,"",""
"EHDSDischargeReportBody.admissionEvaluation.functionalStatusAssessment","EHDSDischargeReportBody.admissionEvaluation.functionalStatusAssessment","","","",0,*,"","","","https://www.xt-ehr.eu/specifications/fhir/StructureDefinition/EHDSFunctionalStatus {[]} {[]}
","An individual's ability to perform normal daily activities required to meet basic needs, fulfil usual roles and maintain health and well-being","An individual's ability to perform normal daily activities required to meet basic needs, fulfil usual roles and maintain health and well-being","","","","","","","","","",,,,,"",,,,"EHDSDischargeReportBody.admissionEvaluation.functionalStatusAssessment",0,*,"",""
"EHDSDischargeReportBody.patientHistory","EHDSDischargeReportBody.patientHistory","","","",0,1,"","","","Base {[]} {[]}
","Section: Patient health history (anamnesis).","Section: Patient health history (anamnesis).","","eHN Guideline HDR (v1.1): A.2.5","","","","","","","",,,,,"",,,,"EHDSDischargeReportBody.patientHistory",0,1,"",""
"EHDSDischargeReportBody.patientHistory.narrative","EHDSDischargeReportBody.patientHistory.narrative","","","",0,1,"","","","string {[]} {[]}
","Narrative content of the section. This narrative shell containing either summary narrative description of all subsections, or similar narrative subsection elements should be provided.","Narrative content of the section. This narrative shell containing either summary narrative description of all subsections, or similar narrative subsection elements should be provided.","","","","","","","","","",,,,,"",,,,"EHDSDischargeReportBody.patientHistory.narrative",0,1,"",""
"EHDSDischargeReportBody.patientHistory.medicalHistory","EHDSDischargeReportBody.patientHistory.medicalHistory","","","",1,1,"","","","Base {[]} {[]}
","Medical history subsection.","Medical history subsection.","","eHN Guideline HDR (v1.1): A.2.5.1","","","","","","","",,,,,"",,,,"EHDSDischargeReportBody.patientHistory.medicalHistory",1,1,"",""
"EHDSDischargeReportBody.patientHistory.medicalHistory.narrative","EHDSDischargeReportBody.patientHistory.medicalHistory.narrative","","","",0,1,"","","","string {[]} {[]}
","Narrative content of the section. This narrative shell containing either summary narrative description of all subsections, or similar narrative subsection elements should be provided.","Narrative content of the section. This narrative shell containing either summary narrative description of all subsections, or similar narrative subsection elements should be provided.","","","","","","","","","",,,,,"",,,,"EHDSDischargeReportBody.patientHistory.medicalHistory.narrative",0,1,"",""
"EHDSDischargeReportBody.patientHistory.medicalHistory.pastProblems","EHDSDischargeReportBody.patientHistory.medicalHistory.pastProblems","","","",1,*,"","","","https://www.xt-ehr.eu/specifications/fhir/StructureDefinition/EHDSCondition {[]} {[]}
","Past problems","A list of conditions of a patient that the patient suffered in the past or still suffers. Unlike diagnostic summary, medical history is not only a list of problems, but could contain broader description of the condition and its progress, details about treatment including medication and patient response to treatment. Past problem section (unlike the same section of the patient summary) should include only conditions that are important for continuity of care. This section, if provided, complements the diagnostic summary section of the discharge report.","","eHN Guideline HDR (v1.1): A.2.5.1.1","","","","","","","",,,,,"",,,,"EHDSDischargeReportBody.patientHistory.medicalHistory.pastProblems",1,*,"",""
"EHDSDischargeReportBody.patientHistory.medicalHistory.devicesAndImplants","EHDSDischargeReportBody.patientHistory.medicalHistory.devicesAndImplants","","","",1,*,"","","","https://www.xt-ehr.eu/specifications/fhir/StructureDefinition/EHDSDeviceUse {[]} {[]}
","Devices and Implants","Devices and implants in patient anamnesis. Negative statement must be explicitly stated.","","eHN Guideline HDR (v1.1): A.2.5.1.2","","","","","","","",,,,,"",,,,"EHDSDischargeReportBody.patientHistory.medicalHistory.devicesAndImplants",1,*,"",""
"EHDSDischargeReportBody.patientHistory.medicalHistory.historyOfProcedures","EHDSDischargeReportBody.patientHistory.medicalHistory.historyOfProcedures","","","",0,*,"","","","https://www.xt-ehr.eu/specifications/fhir/StructureDefinition/EHDSProcedure {[]} {[]}
","History of procedures","Historical procedures performed on or for a patient, relevant for the current encounter.Examples include surgical procedures, diagnostic procedures, endoscopic procedures, biopsies, counselling, physiotherapy, personal support services, adult day care services, etc.","","eHN Guideline HDR (v1.1): A.2.5.1.3","","","","","","","",,,,,"",,,,"EHDSDischargeReportBody.patientHistory.medicalHistory.historyOfProcedures",0,*,"",""
"EHDSDischargeReportBody.patientHistory.medicalHistory.vaccination","EHDSDischargeReportBody.patientHistory.medicalHistory.vaccination","","","",0,*,"","","","https://www.xt-ehr.eu/specifications/fhir/StructureDefinition/EHDSImmunisation {[]} {[]}
","Vaccination history of the patient.","Vaccination history of the patient.","","eHN Guideline HDR (v1.1): A.2.5.1.4","","","","","","","",,,,,"",,,,"EHDSDischargeReportBody.patientHistory.medicalHistory.vaccination",0,*,"",""
"EHDSDischargeReportBody.patientHistory.medicalHistory.epidemiologicalHistory","EHDSDischargeReportBody.patientHistory.medicalHistory.epidemiologicalHistory","","","",0,1,"","","","Base {[]} {[]}
","Epidemiological history","Travel history and infectious contacts","","eHN Guideline HDR (v1.1): A.2.5.1.5","","","","","","","",,,,,"",,,,"EHDSDischargeReportBody.patientHistory.medicalHistory.epidemiologicalHistory",0,1,"",""
"EHDSDischargeReportBody.patientHistory.medicalHistory.epidemiologicalHistory.infectiousContacts","EHDSDischargeReportBody.patientHistory.medicalHistory.epidemiologicalHistory.infectiousContacts","","","",0,*,"","","","Base {[]} {[]}
","Infectious contacts","Infectious contacts of the patient","","eHN Guideline HDR (v1.1): A.2.5.1.5.1","","","","","","","",,,,,"",,,,"EHDSDischargeReportBody.patientHistory.medicalHistory.epidemiologicalHistory.infectiousContacts",0,*,"",""
"EHDSDischargeReportBody.patientHistory.medicalHistory.epidemiologicalHistory.infectiousContacts.timePeriod","EHDSDischargeReportBody.patientHistory.medicalHistory.epidemiologicalHistory.infectiousContacts.timePeriod","","","",0,1,"","","","dateTime {[]} {[]}
","A date and duration or date time interval of contact. Partial dates are allowed.","A date and duration or date time interval of contact. Partial dates are allowed.","","","","","","","","","",,,,,"",,,,"EHDSDischargeReportBody.patientHistory.medicalHistory.epidemiologicalHistory.infectiousContacts.timePeriod",0,1,"",""
"EHDSDischargeReportBody.patientHistory.medicalHistory.epidemiologicalHistory.infectiousContacts.infectiousAgent","EHDSDischargeReportBody.patientHistory.medicalHistory.epidemiologicalHistory.infectiousContacts.infectiousAgent","","","",0,*,"","","","CodeableConcept {[]} {[]}
","Infectious agent","Information about a suspected infectious agent or agents the person was exposed to.","","","","","","","","","",,"preferred","ICD-10, SNOMED CT","","",,,,"EHDSDischargeReportBody.patientHistory.medicalHistory.epidemiologicalHistory.infectiousContacts.infectiousAgent",0,*,"",""
"EHDSDischargeReportBody.patientHistory.medicalHistory.epidemiologicalHistory.infectiousContacts.proximity[x]","EHDSDischargeReportBody.patientHistory.medicalHistory.epidemiologicalHistory.infectiousContacts.proximity[x]","","","",0,1,"","","","CodeableConcept {[]} {[]}
Quantity {[]} {[]}","Proximity to the source/carrier of the infectious agent during exposure. Proximity could be expressed by text, code (direct, indirect) or value specifying distance from the InfectiousAgentCarrier.","Proximity to the source/carrier of the infectious agent during exposure. Proximity could be expressed by text, code (direct, indirect) or value specifying distance from the InfectiousAgentCarrier.","","","","","","","","","",,,,,"",,,,"EHDSDischargeReportBody.patientHistory.medicalHistory.epidemiologicalHistory.infectiousContacts.proximity[x]",0,1,"",""
"EHDSDischargeReportBody.patientHistory.medicalHistory.epidemiologicalHistory.infectiousContacts.country","EHDSDischargeReportBody.patientHistory.medicalHistory.epidemiologicalHistory.infectiousContacts.country","","","",0,1,"","","","CodeableConcept {[]} {[]}
","Country in which the person was potentially exposed to an infectious agent.","Country in which the person was potentially exposed to an infectious agent.","","","","","","","","","",,"preferred","ISO 3166-1 alpha-2","","",,,,"EHDSDischargeReportBody.patientHistory.medicalHistory.epidemiologicalHistory.infectiousContacts.country",0,1,"",""
"EHDSDischargeReportBody.patientHistory.medicalHistory.epidemiologicalHistory.infectiousContacts.additionalInformation","EHDSDischargeReportBody.patientHistory.medicalHistory.epidemiologicalHistory.infectiousContacts.additionalInformation","","","",0,1,"","","","string {[]} {[]}
","A textual note with additional information about infectious contact.","A textual note with additional information about infectious contact.","","","","","","","","","",,,,,"",,,,"EHDSDischargeReportBody.patientHistory.medicalHistory.epidemiologicalHistory.infectiousContacts.additionalInformation",0,1,"",""
"EHDSDischargeReportBody.patientHistory.medicalHistory.epidemiologicalHistory.travelHistory","EHDSDischargeReportBody.patientHistory.medicalHistory.epidemiologicalHistory.travelHistory","","","",0,1,"","","","Base {[]} {[]}
","Travel history reported by the patient. Multiple records could be provided.","Travel history reported by the patient. Multiple records could be provided.","","eHN Guideline HDR (v1.1): A.2.5.1.5.2","","","","","","","",,,,,"",,,,"EHDSDischargeReportBody.patientHistory.medicalHistory.epidemiologicalHistory.travelHistory",0,1,"",""
"EHDSDischargeReportBody.patientHistory.medicalHistory.epidemiologicalHistory.travelHistory.travelHistory","EHDSDischargeReportBody.patientHistory.medicalHistory.epidemiologicalHistory.travelHistory.travelHistory","","","",0,*,"","","","https://www.xt-ehr.eu/specifications/fhir/StructureDefinition/EHDSTravelHistory {[]} {[]}
","Travel history for one country","Travel history for one country","","","","","","","","","",,,,,"",,,,"EHDSDischargeReportBody.patientHistory.medicalHistory.epidemiologicalHistory.travelHistory.travelHistory",0,*,"",""
"EHDSDischargeReportBody.patientHistory.familyHistorySection","EHDSDischargeReportBody.patientHistory.familyHistorySection","","","",0,1,"","","","Base {[]} {[]}
","Family history section","Relevant family history section.","","eHN Guideline HDR (v1.1): A.2.5.2","","","","","","","",,,,,"",,,,"EHDSDischargeReportBody.patientHistory.familyHistorySection",0,1,"",""
"EHDSDischargeReportBody.patientHistory.familyHistorySection.narrative","EHDSDischargeReportBody.patientHistory.familyHistorySection.narrative","","","",0,1,"","","","string {[]} {[]}
","Narrative content of the section. This narrative shell containing either summary narrative description of all subsections, or similar narrative subsection elements should be provided.","Narrative content of the section. This narrative shell containing either summary narrative description of all subsections, or similar narrative subsection elements should be provided.","","","","","","","","","",,,,,"",,,,"EHDSDischargeReportBody.patientHistory.familyHistorySection.narrative",0,1,"",""
"EHDSDischargeReportBody.patientHistory.familyHistorySection.familyHistory","EHDSDischargeReportBody.patientHistory.familyHistorySection.familyHistory","","","",0,*,"","","","https://www.xt-ehr.eu/specifications/fhir/StructureDefinition/EHDSFamilyMemberHistory {[]} {[]}
","Family history","Information about serious illnesses in close blood relatives with known or suspected genetic potential or with possible impact on patient care.","","","","","","","","","",,,,,"",,,,"EHDSDischargeReportBody.patientHistory.familyHistorySection.familyHistory",0,*,"",""
"EHDSDischargeReportBody.patientHistory.socialDeterminantsOfHealth","EHDSDischargeReportBody.patientHistory.socialDeterminantsOfHealth","","","",0,1,"","","","Base {[]} {[]}
","Social determinants of health","Information about social determinants of health.","","eHN Guideline HDR (v1.1): A.2.5.3","","","","","","","",,,,,"",,,,"EHDSDischargeReportBody.patientHistory.socialDeterminantsOfHealth",0,1,"",""
"EHDSDischargeReportBody.patientHistory.socialDeterminantsOfHealth.narrative","EHDSDischargeReportBody.patientHistory.socialDeterminantsOfHealth.narrative","","","",0,1,"","","","string {[]} {[]}
","Sub-section narrative","Narrative content of the section. This narrative shell containing either summary narrative description of all subsections, or similar narrative subsection elements should be provided.","","","","","","","","","",,,,,"",,,,"EHDSDischargeReportBody.patientHistory.socialDeterminantsOfHealth.narrative",0,1,"",""
"EHDSDischargeReportBody.patientHistory.socialDeterminantsOfHealth.participationInSociety","EHDSDischargeReportBody.patientHistory.socialDeterminantsOfHealth.participationInSociety","","","",0,1,"","","","Base {[]} {[]}
","Participation in society","Participation in society details.","","eHN Guideline HDR (v1.1): A.2.5.3.1","","","","","","","",,,,,"",,,,"EHDSDischargeReportBody.patientHistory.socialDeterminantsOfHealth.participationInSociety",0,1,"",""
"EHDSDischargeReportBody.patientHistory.socialDeterminantsOfHealth.participationInSociety.workSituation","EHDSDischargeReportBody.patientHistory.socialDeterminantsOfHealth.participationInSociety.workSituation","","","",0,1,"","","","string {[]} {[]}
","Work situation","Work Situation describes the extent to which and in what way the patient participates in the workforce. Work is meant in the broadest sense of the word: activities that contribute to the person themselves, their environment or society. This includes both paid and unpaid work.","","","","","","","","","",,,,,"",,,,"EHDSDischargeReportBody.patientHistory.socialDeterminantsOfHealth.participationInSociety.workSituation",0,1,"",""
"EHDSDischargeReportBody.patientHistory.socialDeterminantsOfHealth.participationInSociety.hobby","EHDSDischargeReportBody.patientHistory.socialDeterminantsOfHealth.participationInSociety.hobby","","","",0,1,"","","","string {[]} {[]}
","An activity the patient enjoys doing in their free time.","An activity the patient enjoys doing in their free time.","","","","","","","","","",,,,,"",,,,"EHDSDischargeReportBody.patientHistory.socialDeterminantsOfHealth.participationInSociety.hobby",0,1,"",""
"EHDSDischargeReportBody.patientHistory.socialDeterminantsOfHealth.participationInSociety.socialNetwork","EHDSDischargeReportBody.patientHistory.socialDeterminantsOfHealth.participationInSociety.socialNetwork","","","",0,1,"","","","string {[]} {[]}
","Social network","A description of the patient’s social network, such as family, neighbours and friends.","","","","","","","","","",,,,,"",,,,"EHDSDischargeReportBody.patientHistory.socialDeterminantsOfHealth.participationInSociety.socialNetwork",0,1,"",""
"EHDSDischargeReportBody.patientHistory.socialDeterminantsOfHealth.educationSection","EHDSDischargeReportBody.patientHistory.socialDeterminantsOfHealth.educationSection","","","",0,1,"","","","Base {[]} {[]}
","Education section","Information about patient education level.","","eHN Guideline HDR (v1.1): A.2.5.3.2","","","","","","","",,,,,"",,,,"EHDSDischargeReportBody.patientHistory.socialDeterminantsOfHealth.educationSection",0,1,"",""
"EHDSDischargeReportBody.patientHistory.socialDeterminantsOfHealth.educationSection.educationLevel","EHDSDischargeReportBody.patientHistory.socialDeterminantsOfHealth.educationSection.educationLevel","","","",0,1,"","","","CodeableConcept {[]} {[]}
","Education level","Indication of the highest level of education achieved.","","","","","","","","","",,"preferred","hl7:v3.EducationLevel","","",,,,"EHDSDischargeReportBody.patientHistory.socialDeterminantsOfHealth.educationSection.educationLevel",0,1,"",""
"EHDSDischargeReportBody.patientHistory.socialDeterminantsOfHealth.educationSection.comment","EHDSDischargeReportBody.patientHistory.socialDeterminantsOfHealth.educationSection.comment","","","",0,1,"","","","string {[]} {[]}
","If deemed relevant, a specification of the degree program can be provided by means of an explanation (e.g.: patient is in medical school).","If deemed relevant, a specification of the degree program can be provided by means of an explanation (e.g.: patient is in medical school).","","","","","","","","","",,,,,"",,,,"EHDSDischargeReportBody.patientHistory.socialDeterminantsOfHealth.educationSection.comment",0,1,"",""
"EHDSDischargeReportBody.patientHistory.socialDeterminantsOfHealth.livingSituation","EHDSDischargeReportBody.patientHistory.socialDeterminantsOfHealth.livingSituation","","","",0,1,"","","","Base {[]} {[]}
","Living situation - household type and other related living situation information.","Living situation - household type and other related living situation information.","","eHN Guideline HDR (v1.1): A.2.5.3.3","","","","","","","",,,,,"",,,,"EHDSDischargeReportBody.patientHistory.socialDeterminantsOfHealth.livingSituation",0,1,"",""
"EHDSDischargeReportBody.patientHistory.socialDeterminantsOfHealth.livingSituation.houseType","EHDSDischargeReportBody.patientHistory.socialDeterminantsOfHealth.livingSituation.houseType","","","",0,1,"","","","CodeableConcept {[]} {[]}
","Type of home the patient lives in.","Type of home the patient lives in.","","","","","","","","","",,"preferred","SNOMED CT","","",,,,"EHDSDischargeReportBody.patientHistory.socialDeterminantsOfHealth.livingSituation.houseType",0,1,"",""
"EHDSDischargeReportBody.patientHistory.socialDeterminantsOfHealth.livingSituation.homeAdaption","EHDSDischargeReportBody.patientHistory.socialDeterminantsOfHealth.livingSituation.homeAdaption","","","",0,*,"","","","CodeableConcept {[]} {[]}
","Home adaptions present in the home that have been made in the context of the illness or disability to make the functioning of the patient safer and more comfortable and to enable independent living. Multiple data elements could be provided.","Home adaptions present in the home that have been made in the context of the illness or disability to make the functioning of the patient safer and more comfortable and to enable independent living. Multiple data elements could be provided.","","","","","","","","","",,"preferred","SNOMED CT","","",,,,"EHDSDischargeReportBody.patientHistory.socialDeterminantsOfHealth.livingSituation.homeAdaption",0,*,"",""
"EHDSDischargeReportBody.patientHistory.socialDeterminantsOfHealth.livingSituation.livingConditions","EHDSDischargeReportBody.patientHistory.socialDeterminantsOfHealth.livingSituation.livingConditions","","","",0,*,"","","","CodeableConcept {[]} {[]}
","Living conditions that affect the accessibility of the home or the stay in the home.","Living conditions that affect the accessibility of the home or the stay in the home.","","","","","","","","","",,"preferred","SNOMED CT","","",,,,"EHDSDischargeReportBody.patientHistory.socialDeterminantsOfHealth.livingSituation.livingConditions",0,*,"",""
"EHDSDischargeReportBody.patientHistory.socialDeterminantsOfHealth.familySituation","EHDSDischargeReportBody.patientHistory.socialDeterminantsOfHealth.familySituation","","","",0,1,"","","","Base {[]} {[]}
","Family situation","Family situation","","eHN Guideline HDR (v1.1): A.2.5.3.4","","","","","","","",,,,,"",,,,"EHDSDischargeReportBody.patientHistory.socialDeterminantsOfHealth.familySituation",0,1,"",""
"EHDSDischargeReportBody.patientHistory.socialDeterminantsOfHealth.familySituation.comment","EHDSDischargeReportBody.patientHistory.socialDeterminantsOfHealth.familySituation.comment","","","",0,1,"","","","string {[]} {[]}
","Comment on the family situation.","Comment on the family situation.","","","","","","","","","",,,,,"",,,,"EHDSDischargeReportBody.patientHistory.socialDeterminantsOfHealth.familySituation.comment",0,1,"",""
"EHDSDischargeReportBody.patientHistory.socialDeterminantsOfHealth.familySituation.familyComposition","EHDSDischargeReportBody.patientHistory.socialDeterminantsOfHealth.familySituation.familyComposition","","","",0,1,"","","","CodeableConcept {[]} {[]}
","Family composition","The family composition describes the patient’s home situation and the form of cohabitation. A family can consist of one or more people.","","","","","","","","","",,"preferred","SNOMED CT","","",,,,"EHDSDischargeReportBody.patientHistory.socialDeterminantsOfHealth.familySituation.familyComposition",0,1,"",""
"EHDSDischargeReportBody.patientHistory.socialDeterminantsOfHealth.familySituation.maritalStatus","EHDSDischargeReportBody.patientHistory.socialDeterminantsOfHealth.familySituation.maritalStatus","","","",0,1,"","","","CodeableConcept {[]} {[]}
","Person’s marital status according to the terms and definition in the national civil code.","Person’s marital status according to the terms and definition in the national civil code.","","","","","","","","","",,"preferred","hl7:marital-status","","",,,,"EHDSDischargeReportBody.patientHistory.socialDeterminantsOfHealth.familySituation.maritalStatus",0,1,"",""
"EHDSDischargeReportBody.patientHistory.socialDeterminantsOfHealth.familySituation.numberOfChildren","EHDSDischargeReportBody.patientHistory.socialDeterminantsOfHealth.familySituation.numberOfChildren","","","",0,1,"","","","Quantity {[]} {[]}
","Number of children","The number of children the patient has. Children in the context of this information model include step children, foster children, biological and adopted children.","","","","","","","","","",,,,,"",,,,"EHDSDischargeReportBody.patientHistory.socialDeterminantsOfHealth.familySituation.numberOfChildren",0,1,"",""
"EHDSDischargeReportBody.patientHistory.socialDeterminantsOfHealth.familySituation.numberOfChildrenAtHome","EHDSDischargeReportBody.patientHistory.socialDeterminantsOfHealth.familySituation.numberOfChildrenAtHome","","","",0,1,"","","","Quantity {[]} {[]}
","Number of children living at home with the patient.","Number of children living at home with the patient.","","","","","","","","","",,,,,"",,,,"EHDSDischargeReportBody.patientHistory.socialDeterminantsOfHealth.familySituation.numberOfChildrenAtHome",0,1,"",""
"EHDSDischargeReportBody.patientHistory.socialDeterminantsOfHealth.familySituation.childDetails","EHDSDischargeReportBody.patientHistory.socialDeterminantsOfHealth.familySituation.childDetails","","","",0,*,"","","","Base {[]} {[]}
","Child details (age, co-living status and comment).","Child details (age, co-living status and comment).","","","","","","","","","",,,,,"",,,,"EHDSDischargeReportBody.patientHistory.socialDeterminantsOfHealth.familySituation.childDetails",0,*,"",""
"EHDSDischargeReportBody.patientHistory.socialDeterminantsOfHealth.familySituation.childDetails.livingAtHome","EHDSDischargeReportBody.patientHistory.socialDeterminantsOfHealth.familySituation.childDetails.livingAtHome","","","",0,1,"","","","boolean {[]} {[]}
","Living at home. An indication stating whether the child lives at home.","Living at home. An indication stating whether the child lives at home.","","","","","","","","","",,,,,"",,,,"EHDSDischargeReportBody.patientHistory.socialDeterminantsOfHealth.familySituation.childDetails.livingAtHome",0,1,"",""
"EHDSDischargeReportBody.patientHistory.socialDeterminantsOfHealth.familySituation.childDetails.dateOfBirth","EHDSDischargeReportBody.patientHistory.socialDeterminantsOfHealth.familySituation.childDetails.dateOfBirth","","","",0,1,"","","","date {[]} {[]}
","Child’s date of birth.","Child’s date of birth.","","","","","","","","","",,,,,"",,,,"EHDSDischargeReportBody.patientHistory.socialDeterminantsOfHealth.familySituation.childDetails.dateOfBirth",0,1,"",""
"EHDSDischargeReportBody.patientHistory.socialDeterminantsOfHealth.familySituation.childDetails.comment","EHDSDischargeReportBody.patientHistory.socialDeterminantsOfHealth.familySituation.childDetails.comment","","","",0,1,"","","","string {[]} {[]}
","A comment on the child's family situation.","A comment on the child's family situation.","","","","","","","","","",,,,,"",,,,"EHDSDischargeReportBody.patientHistory.socialDeterminantsOfHealth.familySituation.childDetails.comment",0,1,"",""
"EHDSDischargeReportBody.patientHistory.socialDeterminantsOfHealth.familySituation.careResponsibility","EHDSDischargeReportBody.patientHistory.socialDeterminantsOfHealth.familySituation.careResponsibility","","","",0,*,"","","","CodeableConcept {[]} {[]}
","Care responsibility. The activities the patient carries out to care for a dependent family member.","Care responsibility. The activities the patient carries out to care for a dependent family member.","","","","","","","","","",,"preferred","SNOMED CT","","",,,,"EHDSDischargeReportBody.patientHistory.socialDeterminantsOfHealth.familySituation.careResponsibility",0,*,"",""
"EHDSDischargeReportBody.patientHistory.useOfSubstances","EHDSDischargeReportBody.patientHistory.useOfSubstances","","","",0,1,"","","","Base {[]} {[]}
","Use of substances","Information about use and/or abuse of specific substances.","","eHN Guideline HDR (v1.1): A.2.5.4","","","","","","","",,,,,"",,,,"EHDSDischargeReportBody.patientHistory.useOfSubstances",0,1,"",""
"EHDSDischargeReportBody.patientHistory.useOfSubstances.narrative","EHDSDischargeReportBody.patientHistory.useOfSubstances.narrative","","","",0,1,"","","","string {[]} {[]}
","Narrative content of the section. This narrative shell containing either summary narrative description of all subsections, or similar narrative subsection elements should be provided.","Narrative content of the section. This narrative shell containing either summary narrative description of all subsections, or similar narrative subsection elements should be provided.","","","","","","","","","",,,,,"",,,,"EHDSDischargeReportBody.patientHistory.useOfSubstances.narrative",0,1,"",""
"EHDSDischargeReportBody.patientHistory.useOfSubstances.alcoholUse","EHDSDischargeReportBody.patientHistory.useOfSubstances.alcoholUse","","","",0,*,"","","","Base {[]} {[]}
","Alcohol consumption by the patient. Multiple records on alcohol use could be provided.","Alcohol consumption by the patient. Multiple records on alcohol use could be provided.","","eHN Guideline HDR (v1.1): A.2.5.4.1","","","","","","","",,,,,"",,,,"EHDSDischargeReportBody.patientHistory.useOfSubstances.alcoholUse",0,*,"",""
"EHDSDischargeReportBody.patientHistory.useOfSubstances.alcoholUse.status","EHDSDischargeReportBody.patientHistory.useOfSubstances.alcoholUse.status","","","",0,1,"","","","CodeableConcept {[]} {[]}
","Status of the patient’s alcohol use.","Status of the patient’s alcohol use.","","","","","","","","","",,"preferred","SNOMED CT","","",,,,"EHDSDischargeReportBody.patientHistory.useOfSubstances.alcoholUse.status",0,1,"",""
"EHDSDischargeReportBody.patientHistory.useOfSubstances.alcoholUse.periodAndQuantity","EHDSDischargeReportBody.patientHistory.useOfSubstances.alcoholUse.periodAndQuantity","","","",0,1,"","","","Base {[]} {[]}
","Period of use and amount observation (The extent of the patient’s alcohol use in units of alcohol per time period.)","Period of use and amount observation (The extent of the patient’s alcohol use in units of alcohol per time period.)","","","","","","","","","",,,,,"",,,,"EHDSDischargeReportBody.patientHistory.useOfSubstances.alcoholUse.periodAndQuantity",0,1,"",""
"EHDSDischargeReportBody.patientHistory.useOfSubstances.alcoholUse.periodAndQuantity.period","EHDSDischargeReportBody.patientHistory.useOfSubstances.alcoholUse.periodAndQuantity.period","","","",0,1,"","","","Period {[]} {[]}
","Time period of alcohol use.","Time period of alcohol use.","","","","","","","","","",,,,,"",,,,"EHDSDischargeReportBody.patientHistory.useOfSubstances.alcoholUse.periodAndQuantity.period",0,1,"",""
"EHDSDischargeReportBody.patientHistory.useOfSubstances.alcoholUse.periodAndQuantity.quantity","EHDSDischargeReportBody.patientHistory.useOfSubstances.alcoholUse.periodAndQuantity.quantity","","","",1,1,"","","","Quantity {[]} {[]}
","Quantity (volume per time unit).","Quantity (volume per time unit).","","","","","","","","","",,,,,"",,,,"EHDSDischargeReportBody.patientHistory.useOfSubstances.alcoholUse.periodAndQuantity.quantity",1,1,"",""
"EHDSDischargeReportBody.patientHistory.useOfSubstances.alcoholUse.comment","EHDSDischargeReportBody.patientHistory.useOfSubstances.alcoholUse.comment","","","",0,1,"","","","string {[]} {[]}
","Textual comment.","Textual comment.","","","","","","","","","",,,,,"",,,,"EHDSDischargeReportBody.patientHistory.useOfSubstances.alcoholUse.comment",0,1,"",""
"EHDSDischargeReportBody.patientHistory.useOfSubstances.tobaccoUse","EHDSDischargeReportBody.patientHistory.useOfSubstances.tobaccoUse","","","",0,*,"","","","Base {[]} {[]}
","Tobacco use","Represent smoking or tobacco habits. Multiple records on tobacco use could be provided.","","eHN Guideline HDR (v1.1): A.2.5.4.2","","","","","","","",,,,,"",,,,"EHDSDischargeReportBody.patientHistory.useOfSubstances.tobaccoUse",0,*,"",""
"EHDSDischargeReportBody.patientHistory.useOfSubstances.tobaccoUse.status","EHDSDischargeReportBody.patientHistory.useOfSubstances.tobaccoUse.status","","","",0,1,"","","","CodeableConcept {[]} {[]}
","Status of the patient’s tobacco use.","Status of the patient’s tobacco use.","","","","","","","","","",,"preferred","SNOMED CT","","",,,,"EHDSDischargeReportBody.patientHistory.useOfSubstances.tobaccoUse.status",0,1,"",""
"EHDSDischargeReportBody.patientHistory.useOfSubstances.tobaccoUse.periodAndQuantity","EHDSDischargeReportBody.patientHistory.useOfSubstances.tobaccoUse.periodAndQuantity","","","",0,1,"","","","Base {[]} {[]}
","Period of use and amount (The extent of the patient’s tobacco use in units per time period.)","Period of use and amount (The extent of the patient’s tobacco use in units per time period.)","","","","","","","","","",,,,,"",,,,"EHDSDischargeReportBody.patientHistory.useOfSubstances.tobaccoUse.periodAndQuantity",0,1,"",""
"EHDSDischargeReportBody.patientHistory.useOfSubstances.tobaccoUse.periodAndQuantity.period","EHDSDischargeReportBody.patientHistory.useOfSubstances.tobaccoUse.periodAndQuantity.period","","","",0,1,"","","","Period {[]} {[]}
","Time period of tobacco usage.","Time period of tobacco usage.","","","","","","","","","",,,,,"",,,,"EHDSDischargeReportBody.patientHistory.useOfSubstances.tobaccoUse.periodAndQuantity.period",0,1,"",""
"EHDSDischargeReportBody.patientHistory.useOfSubstances.tobaccoUse.periodAndQuantity.quantity","EHDSDischargeReportBody.patientHistory.useOfSubstances.tobaccoUse.periodAndQuantity.quantity","","","",1,1,"","","","Quantity {[]} {[]}
","The number of cigarettes, cigars or grams of rolling tobacco consumed per day, week, month or year.","The number of cigarettes, cigars or grams of rolling tobacco consumed per day, week, month or year.","","","","","","","","","",,,,,"",,,,"EHDSDischargeReportBody.patientHistory.useOfSubstances.tobaccoUse.periodAndQuantity.quantity",1,1,"",""
"EHDSDischargeReportBody.patientHistory.useOfSubstances.tobaccoUse.comment","EHDSDischargeReportBody.patientHistory.useOfSubstances.tobaccoUse.comment","","","",0,1,"","","","string {[]} {[]}
","Textual comment.","Textual comment.","","","","","","","","","",,,,,"",,,,"EHDSDischargeReportBody.patientHistory.useOfSubstances.tobaccoUse.comment",0,1,"",""
"EHDSDischargeReportBody.patientHistory.useOfSubstances.drugConsumption","EHDSDischargeReportBody.patientHistory.useOfSubstances.drugConsumption","","","",0,*,"","","","Base {[]} {[]}
","Consumption of drugs and other substances (in terms of abuse).","Consumption of drugs and other substances (in terms of abuse).","","eHN Guideline HDR (v1.1): A.2.5.4.3","","","","","","","",,,,,"",,,,"EHDSDischargeReportBody.patientHistory.useOfSubstances.drugConsumption",0,*,"",""
"EHDSDischargeReportBody.patientHistory.useOfSubstances.drugConsumption.status","EHDSDischargeReportBody.patientHistory.useOfSubstances.drugConsumption.status","","","",0,1,"","","","CodeableConcept {[]} {[]}
","The status of the patient’s drug consumption.","The status of the patient’s drug consumption.","","","","","","","","","",,"preferred","SNOMED CT","","",,,,"EHDSDischargeReportBody.patientHistory.useOfSubstances.drugConsumption.status",0,1,"",""
"EHDSDischargeReportBody.patientHistory.useOfSubstances.drugConsumption.periodAndQuantity","EHDSDischargeReportBody.patientHistory.useOfSubstances.drugConsumption.periodAndQuantity","","","",0,1,"","","","Base {[]} {[]}
","Period of use and amount (The extent of the patient’s drug use in units per time period.)","Period of use and amount (The extent of the patient’s drug use in units per time period.)","","","","","","","","","",,,,,"",,,,"EHDSDischargeReportBody.patientHistory.useOfSubstances.drugConsumption.periodAndQuantity",0,1,"",""
"EHDSDischargeReportBody.patientHistory.useOfSubstances.drugConsumption.periodAndQuantity.period","EHDSDischargeReportBody.patientHistory.useOfSubstances.drugConsumption.periodAndQuantity.period","","","",0,1,"","","","Period {[]} {[]}
","Time period of drug use.","Time period of drug use.","","","","","","","","","",,,,,"",,,,"EHDSDischargeReportBody.patientHistory.useOfSubstances.drugConsumption.periodAndQuantity.period",0,1,"",""
"EHDSDischargeReportBody.patientHistory.useOfSubstances.drugConsumption.periodAndQuantity.quantity","EHDSDischargeReportBody.patientHistory.useOfSubstances.drugConsumption.periodAndQuantity.quantity","","","",1,1,"","","","Quantity {[]} {[]}
","The number of units (pills, joints, shots etc.) per day, week, month, or year; or the frequency of use.","The number of units (pills, joints, shots etc.) per day, week, month, or year; or the frequency of use.","","","","","","","","","",,,,,"",,,,"EHDSDischargeReportBody.patientHistory.useOfSubstances.drugConsumption.periodAndQuantity.quantity",1,1,"",""
"EHDSDischargeReportBody.patientHistory.useOfSubstances.drugConsumption.periodAndQuantity.drugOrMedicationType","EHDSDischargeReportBody.patientHistory.useOfSubstances.drugConsumption.periodAndQuantity.drugOrMedicationType","","","",0,1,"","","","CodeableConcept {[]} {[]}
","Drug or medication type","Drug or medication type","","","","","","","","","",,"preferred","SNOMED CT","","",,,,"EHDSDischargeReportBody.patientHistory.useOfSubstances.drugConsumption.periodAndQuantity.drugOrMedicationType",0,1,"",""
"EHDSDischargeReportBody.patientHistory.useOfSubstances.drugConsumption.periodAndQuantity.routeOfAdministration","EHDSDischargeReportBody.patientHistory.useOfSubstances.drugConsumption.periodAndQuantity.routeOfAdministration","","","",0,*,"","","","CodeableConcept {[]} {[]}
","Route or routes of administration ","Route or routes of administration","","","","","","","","","",,"preferred","EDQM","","",,,,"EHDSDischargeReportBody.patientHistory.useOfSubstances.drugConsumption.periodAndQuantity.routeOfAdministration",0,*,"",""
"EHDSDischargeReportBody.patientHistory.useOfSubstances.drugConsumption.comment","EHDSDischargeReportBody.patientHistory.useOfSubstances.drugConsumption.comment","","","",0,1,"","","","string {[]} {[]}
","Textual comment.","Textual comment.","","","","","","","","","",,,,,"",,,,"EHDSDischargeReportBody.patientHistory.useOfSubstances.drugConsumption.comment",0,1,"",""
"EHDSDischargeReportBody.courseOfHospitalisation","EHDSDischargeReportBody.courseOfHospitalisation","","","",1,1,"","","","Base {[]} {[]}
","Course of hospital stay.","Course of hospital stay.","","eHN Guideline HDR (v1.1): A.2.6","","","","","","","",,,,,"",,,,"EHDSDischargeReportBody.courseOfHospitalisation",1,1,"",""
"EHDSDischargeReportBody.courseOfHospitalisation.diagnosticSummary","EHDSDischargeReportBody.courseOfHospitalisation.diagnosticSummary","","","",1,1,"","","","Base {[]} {[]}
","Diagnostic summary. All problems/diagnoses that affect care during the inpatient case or are important to be recorded to ensure continuity of care.","The diagnostic summary differentiates, in accordance with the international recommendation, between problems treated during hospital stay and other (untreated) problems. Treated problems are problems that were the subject of diagnostics, therapy, nursing, or (continuous) monitoring during the hospitalisation. Furthermore problems could be divided into three categories: problems present on admission (POA), conditions acquired during hospital stay (HAC) and problems that cannot be classified as being of any of the two (N/A). The diagnostic summary contains all conditions as they were recognised at the end of hospitalisation, after all examinations. This section contains concise, well specified, codeable, summary of problems. Problems are ordered by importance (main problems first) during hospital stay. Description of the problem might be completed with additional details in the medical history section and/or in the Synthesis section.","","eHN Guideline HDR (v1.1): A.2.6.1","","","","","","","",,,,,"",,,,"EHDSDischargeReportBody.courseOfHospitalisation.diagnosticSummary",1,1,"",""
"EHDSDischargeReportBody.courseOfHospitalisation.diagnosticSummary.problemDescription","EHDSDischargeReportBody.courseOfHospitalisation.diagnosticSummary.problemDescription","","","",0,1,"","","","string {[]} {[]}
","Problem specification in narrative form.","Problem specification in narrative form.","","","","","","","","","",,,,,"",,,,"EHDSDischargeReportBody.courseOfHospitalisation.diagnosticSummary.problemDescription",0,1,"",""
"EHDSDischargeReportBody.courseOfHospitalisation.diagnosticSummary.problemDetails","EHDSDischargeReportBody.courseOfHospitalisation.diagnosticSummary.problemDetails","","","",0,*,"","","","https://www.xt-ehr.eu/specifications/fhir/StructureDefinition/EHDSConditionHdr {[]} {[]}
","Problem details include code that identifies problem, specification of the body structure, laterality, and other aspects of the problem.","Problem details include code that identifies problem, specification of the body structure, laterality, and other aspects of the problem.","","","","","","","","","",,,,,"",,,,"EHDSDischargeReportBody.courseOfHospitalisation.diagnosticSummary.problemDetails",0,*,"",""
"EHDSDischargeReportBody.courseOfHospitalisation.significantProcedures","EHDSDischargeReportBody.courseOfHospitalisation.significantProcedures","","","",0,1,"","","","Base {[]} {[]}
","Significant procedures section","Significant surgical and non-surgical procedures performed during hospitalisation which are significant for continuity of care, e.g. surgeries and other ""instrumental"" interventions (endoscopic, intravascular), chemotherapy, radiotherapy, purification methods (dialysis, hemoperfusion), circulation support methods (counterpulsation, etc.), administration of blood derivatives or others. This section does not include purely diagnostic procedures (MRI, CT, etc.). If no significant performance has been performed, this fact must be explicitly stated using the IPS Absent and Unknown Data.","","eHN Guideline HDR (v1.1): A.2.6.2","","","","","","","",,,,,"",,,,"EHDSDischargeReportBody.courseOfHospitalisation.significantProcedures",0,1,"",""
"EHDSDischargeReportBody.courseOfHospitalisation.significantProcedures.narrative","EHDSDischargeReportBody.courseOfHospitalisation.significantProcedures.narrative","","","",0,1,"","","","string {[]} {[]}
","Narrative content of the section. This narrative shell containing either summary narrative description of all subsections, or similar narrative subsection elements should be provided.","Narrative content of the section. This narrative shell containing either summary narrative description of all subsections, or similar narrative subsection elements should be provided.","","","","","","","","","",,,,,"",,,,"EHDSDischargeReportBody.courseOfHospitalisation.significantProcedures.narrative",0,1,"",""
"EHDSDischargeReportBody.courseOfHospitalisation.significantProcedures.procedureEntry","EHDSDischargeReportBody.courseOfHospitalisation.significantProcedures.procedureEntry","","","",0,*,"","","","https://www.xt-ehr.eu/specifications/fhir/StructureDefinition/EHDSProcedure {[]} {[]}
","Structured procedure entry.","Structured procedure entry.","","","","","","","","","",,,,,"",,,,"EHDSDischargeReportBody.courseOfHospitalisation.significantProcedures.procedureEntry",0,*,"",""
"EHDSDischargeReportBody.courseOfHospitalisation.medicalDevicesAndImplants","EHDSDischargeReportBody.courseOfHospitalisation.medicalDevicesAndImplants","","","",1,1,"","","","Base {[]} {[]}
","Medical devices and implants section","Implants and used medical devices that affected or may affect the provision of health services (diagnosis and treatment). Also medical devices explanted, or its use was stopped during hospitalisation. If the section is blank, the reason must be explicitly stated using the IPS Absent and Unknown Data coding system","","eHN Guideline HDR (v1.1): A.2.6.3","","","","","","","",,,,,"",,,,"EHDSDischargeReportBody.courseOfHospitalisation.medicalDevicesAndImplants",1,1,"",""
"EHDSDischargeReportBody.courseOfHospitalisation.medicalDevicesAndImplants.narrative","EHDSDischargeReportBody.courseOfHospitalisation.medicalDevicesAndImplants.narrative","","","",0,1,"","","","string {[]} {[]}
","Narrative content of the section. This narrative shell containing either summary narrative description of all subsections, or similar narrative subsection elements should be provided.","Narrative content of the section. This narrative shell containing either summary narrative description of all subsections, or similar narrative subsection elements should be provided.","","","","","","","","","",,,,,"",,,,"EHDSDischargeReportBody.courseOfHospitalisation.medicalDevicesAndImplants.narrative",0,1,"",""
"EHDSDischargeReportBody.courseOfHospitalisation.medicalDevicesAndImplants.medicalDevicesAndImplants","EHDSDischargeReportBody.courseOfHospitalisation.medicalDevicesAndImplants.medicalDevicesAndImplants","","","",1,*,"","","","https://www.xt-ehr.eu/specifications/fhir/StructureDefinition/EHDSDeviceUse {[]} {[]}
","Medical devices and implants","Medical devices and implants","","","","","","","","","",,,,,"",,,,"EHDSDischargeReportBody.courseOfHospitalisation.medicalDevicesAndImplants.medicalDevicesAndImplants",1,*,"",""
"EHDSDischargeReportBody.courseOfHospitalisation.pharmacotherapy","EHDSDischargeReportBody.courseOfHospitalisation.pharmacotherapy","","","",0,1,"","","","Base {[]} {[]}
","Pharmacotherapy section","Selected drug treatment during hospitalisation. Medicinal products that were administered during hospitalisation and whose administration has already been discontinued before discharge. Only products which are important for continuity of care (antibiotics other than completely routine, corticosteroids in high doses, etc.) will be listed. Products which administration will continue after discharge will be also recorder in the Medication summary section. Medicinal products, the administration of which was started during hospitalisation, but is also recommended after discharge, will be listed in the summary table in the recommendation section.","","eHN Guideline HDR (v1.1): A.2.6.5","","","","","","","",,,,,"",,,,"EHDSDischargeReportBody.courseOfHospitalisation.pharmacotherapy",0,1,"",""
"EHDSDischargeReportBody.courseOfHospitalisation.pharmacotherapy.narrative","EHDSDischargeReportBody.courseOfHospitalisation.pharmacotherapy.narrative","","","",0,1,"","","","string {[]} {[]}
","Narrative content of the section. This narrative shell containing either summary narrative description of all subsections, or similar narrative subsection elements should be provided.","Narrative content of the section. This narrative shell containing either summary narrative description of all subsections, or similar narrative subsection elements should be provided.","","","","","","","","","",,,,,"",,,,"EHDSDischargeReportBody.courseOfHospitalisation.pharmacotherapy.narrative",0,1,"",""
"EHDSDischargeReportBody.courseOfHospitalisation.pharmacotherapy.pharmacotherapy","EHDSDischargeReportBody.courseOfHospitalisation.pharmacotherapy.pharmacotherapy","","","",0,*,"","","","https://www.xt-ehr.eu/specifications/fhir/StructureDefinition/EHDSMedicationStatement {[]} {[]}
","Pharmacotherapy structured entry.","Pharmacotherapy structured entry.","","","","","","","","","",,,,,"",,,,"EHDSDischargeReportBody.courseOfHospitalisation.pharmacotherapy.pharmacotherapy",0,*,"",""
"EHDSDischargeReportBody.courseOfHospitalisation.significantObservationResults","EHDSDischargeReportBody.courseOfHospitalisation.significantObservationResults","","","",0,1,"","","","Base {[]} {[]}
","Significant Observation Results","Results of significant functional, diagnostic, and imaging examinations to ensure continuity of care, performed during hospitalisation. Results of examinations ordered but not yet delivered should be presented separately from results already delivered.","","eHN Guideline HDR (v1.1): A.2.6.6","","","","","","","",,,,,"",,,,"EHDSDischargeReportBody.courseOfHospitalisation.significantObservationResults",0,1,"",""
"EHDSDischargeReportBody.courseOfHospitalisation.significantObservationResults.narrative","EHDSDischargeReportBody.courseOfHospitalisation.significantObservationResults.narrative","","","",0,1,"","","","string {[]} {[]}
","Narrative content of the section. This narrative shell containing either summary narrative description of all subsections, or similar narrative subsection elements should be provided.","Narrative content of the section. This narrative shell containing either summary narrative description of all subsections, or similar narrative subsection elements should be provided.","","","","","","","","","",,,,,"",,,,"EHDSDischargeReportBody.courseOfHospitalisation.significantObservationResults.narrative",0,1,"",""
"EHDSDischargeReportBody.courseOfHospitalisation.significantObservationResults.significantObservationResult[x]","EHDSDischargeReportBody.courseOfHospitalisation.significantObservationResults.significantObservationResult[x]","","","",0,*,"","","","https://www.xt-ehr.eu/specifications/fhir/StructureDefinition/EHDSObservation {[]} {[]}
https://www.xt-ehr.eu/specifications/fhir/StructureDefinition/EHDSLaboratoryObservation {[]} {[]}","Significant Observation Result","Structured significant observation entry.","","","","","","","","","",,,,,"",,,,"EHDSDischargeReportBody.courseOfHospitalisation.significantObservationResults.significantObservationResult[x]",0,*,"",""
"EHDSDischargeReportBody.courseOfHospitalisation.synthesis","EHDSDischargeReportBody.courseOfHospitalisation.synthesis","","","",1,1,"","","","Base {[]} {[]}
","Synthesis","This section provides clinical synthesis (e.g. description of reasons and course of hospital stay) clustered by managed conditions, Clinical synthesis may include clinical reasoning (differential diagnostics, explanation of clinical context) in clinically complex conditions.","","eHN Guideline HDR (v1.1): A.2.6.7","","","","","","","",,,,,"",,,,"EHDSDischargeReportBody.courseOfHospitalisation.synthesis",1,1,"",""
"EHDSDischargeReportBody.courseOfHospitalisation.synthesis.problemSynthesis","EHDSDischargeReportBody.courseOfHospitalisation.synthesis.problemSynthesis","","","",1,*,"","","","string {[]} {[]}
","Summary description of the reason and course of hospitalisation for a specific problem.","Summary description of the reason and course of hospitalisation for a specific problem.","","","","","","","","","",,,,,"",,,,"EHDSDischargeReportBody.courseOfHospitalisation.synthesis.problemSynthesis",1,*,"",""
"EHDSDischargeReportBody.courseOfHospitalisation.synthesis.clinicalReasoning","EHDSDischargeReportBody.courseOfHospitalisation.synthesis.clinicalReasoning","","","",0,1,"","","","string {[]} {[]}
","Clinical reasoning","The clinical summary can be concluded with a clinical consideration (diff. diagnosis, explanation of context, etc.) for clinically complex conditions.","","","","","","","","","",,,,,"",,,,"EHDSDischargeReportBody.courseOfHospitalisation.synthesis.clinicalReasoning",0,1,"",""
"EHDSDischargeReportBody.dischargeDetails","EHDSDischargeReportBody.dischargeDetails","","","",1,1,"","","","Base {[]} {[]}
","Discharge details","Structured information should be provided, however if not available, at least a section narrative should be present.","","eHN Guideline HDR (v1.1): A.2.7","","","","","","","",,,,,"",,,,"EHDSDischargeReportBody.dischargeDetails",1,1,"",""
"EHDSDischargeReportBody.dischargeDetails.narrative","EHDSDischargeReportBody.dischargeDetails.narrative","","","",0,1,"","","","string {[]} {[]}
","Narrative content of the section. This narrative shell containing either summary narrative description of all subsections, or similar narrative sub-section elements should be provided.","Narrative content of the section. This narrative shell containing either summary narrative description of all subsections, or similar narrative sub-section elements should be provided.","","","","","","","","","",,,,,"",,,,"EHDSDischargeReportBody.dischargeDetails.narrative",0,1,"",""
"EHDSDischargeReportBody.dischargeDetails.objectiveFindings","EHDSDischargeReportBody.dischargeDetails.objectiveFindings","","","",0,1,"","","","Base {[]} {[]}
","Objective findings","Sub-section with objective findings.","","eHN Guideline HDR (v1.1): A.2.7.1","","","","","","","",,,,,"",,,,"EHDSDischargeReportBody.dischargeDetails.objectiveFindings",0,1,"",""
"EHDSDischargeReportBody.dischargeDetails.objectiveFindings.narrative","EHDSDischargeReportBody.dischargeDetails.objectiveFindings.narrative","","","",0,1,"","","","string {[]} {[]}
","Narrative content of the section.","Narrative content of the section.","","","","","","","","","",,,,,"",,,,"EHDSDischargeReportBody.dischargeDetails.objectiveFindings.narrative",0,1,"",""
"EHDSDischargeReportBody.dischargeDetails.objectiveFindings.anthropometricObservations","EHDSDischargeReportBody.dischargeDetails.objectiveFindings.anthropometricObservations","","","",0,*,"","","","https://www.xt-ehr.eu/specifications/fhir/StructureDefinition/EHDSObservation {[]} {[]}
","Anthropometric observations, such as body weight and height of the patient, BMI, circumference of head, waist, hip, limbs and skin fold thickness.","Anthropometric observations, such as body weight and height of the patient, BMI, circumference of head, waist, hip, limbs and skin fold thickness.","","eHN Guideline HDR (v1.1): A.2.7.1.3","","","","","","","",,,,,"",,,,"EHDSDischargeReportBody.dischargeDetails.objectiveFindings.anthropometricObservations",0,*,"",""
"EHDSDischargeReportBody.dischargeDetails.objectiveFindings.vitalSigns","EHDSDischargeReportBody.dischargeDetails.objectiveFindings.vitalSigns","","","",0,*,"","","","https://www.xt-ehr.eu/specifications/fhir/StructureDefinition/EHDSObservation {[]} {[]}
","Vital signs observations. Mandatory: pulse rate, respiratory rate, systolic and diastolic blood pressure with site information; optional: 02 saturation","Vital signs observations. Mandatory: pulse rate, respiratory rate, systolic and diastolic blood pressure with site information; optional: 02 saturation","","eHN Guideline HDR (v1.1): A.2.7.1.4","","","","","","","",,,,,"",,,,"EHDSDischargeReportBody.dischargeDetails.objectiveFindings.vitalSigns",0,*,"",""
"EHDSDischargeReportBody.dischargeDetails.objectiveFindings.physicalExamination","EHDSDischargeReportBody.dischargeDetails.objectiveFindings.physicalExamination","","","",0,*,"","","","https://www.xt-ehr.eu/specifications/fhir/StructureDefinition/EHDSObservation {[]} {[]}
","Physical examination","Physical examination is the process of evaluating objective anatomical findings. It is typically the first diagnostic measure performed after taking the patient's history, which allows an initial assessment of symptoms and is useful for determining the differential diagnoses and further steps. Physical examination can be performed through observation, palpation, percussion, and auscultation.","","eHN Guideline HDR (v1.1): A.2.7.1.5","","","","","","","",,,,,"",,,,"EHDSDischargeReportBody.dischargeDetails.objectiveFindings.physicalExamination",0,*,"",""
"EHDSDischargeReportBody.functionalStatus","EHDSDischargeReportBody.functionalStatus","","","",0,1,"","","","Base {[]} {[]}
","Section: Functional status","Functional status can be assessed in several different ways, usually with a focus on the person’s abilities to perform basic activities of daily living (ADL), which include basic self-care such as bathing, feeding, and toileting and instrumental activities of daily living (IADL), which includes activities such as cooking, shopping, and managing one’s own affairs.For details see: https://paciowg.github.io/functional-status-ig/","","eHN Guideline HDR (v1.1): A.2.7.2","","","","","","","",,,,,"",,,,"EHDSDischargeReportBody.functionalStatus",0,1,"",""
"EHDSDischargeReportBody.functionalStatus.narrative","EHDSDischargeReportBody.functionalStatus.narrative","","","",0,1,"","","","string {[]} {[]}
","Narrative, potentially formatted, content of the section","Narrative, potentially formatted, content of the section","","","","","","","","","",,,,,"",,,,"EHDSDischargeReportBody.functionalStatus.narrative",0,1,"",""
"EHDSDischargeReportBody.functionalStatus.functionalStatusAssessment","EHDSDischargeReportBody.functionalStatus.functionalStatusAssessment","","","",0,*,"","","","https://www.xt-ehr.eu/specifications/fhir/StructureDefinition/EHDSFunctionalStatus {[]} {[]}
","An individual's ability to perform normal daily activities required to meet basic needs, fulfil usual roles and maintain health and well-being","An individual's ability to perform normal daily activities required to meet basic needs, fulfil usual roles and maintain health and well-being","","","","","","","","","",,,,,"",,,,"EHDSDischargeReportBody.functionalStatus.functionalStatusAssessment",0,*,"",""
"EHDSDischargeReportBody.medicationSummary","EHDSDischargeReportBody.medicationSummary","","","",0,1,"","","","Base {[]} {[]}
","Medication summary. Summary information on the medication recommended for the period after discharge, indicating whether the medication is changed or newly started. Compared to previous practices, the overview is supplemented with medication that has been discontinued.","Medication summary. Summary information on the medication recommended for the period after discharge, indicating whether the medication is changed or newly started. Compared to previous practices, the overview is supplemented with medication that has been discontinued.","","eHN Guideline HDR (v1.1): A.2.8.1","","","","","","","",,,,,"",,,,"EHDSDischargeReportBody.medicationSummary",0,1,"",""
"EHDSDischargeReportBody.medicationSummary.narrative","EHDSDischargeReportBody.medicationSummary.narrative","","","",0,1,"","","","string {[]} {[]}
","Narrative content of the section.","Narrative content of the section.","","","","","","","","","",,,,,"",,,,"EHDSDischargeReportBody.medicationSummary.narrative",0,1,"",""
"EHDSDischargeReportBody.medicationSummary.medicationDetails","EHDSDischargeReportBody.medicationSummary.medicationDetails","","","",0,*,"","","","https://www.xt-ehr.eu/specifications/fhir/StructureDefinition/EHDSMedicationStatement {[]} {[]}
","Medication details","Structured medication entry.","","","","","","","","","",,,,,"",,,,"EHDSDischargeReportBody.medicationSummary.medicationDetails",0,*,"",""
"EHDSDischargeReportBody.carePlan","EHDSDischargeReportBody.carePlan","","","",0,*,"","","","Base {[]} {[]}
","Care plan and other recommendations after discharge.","Care plan and other recommendations after discharge section.","","eHN Guideline HDR (v1.1): A.2.8.3","","","","","","","",,,,,"",,,,"EHDSDischargeReportBody.carePlan",0,*,"",""
"EHDSDischargeReportBody.carePlan.narrative","EHDSDischargeReportBody.carePlan.narrative","","","",0,1,"","","","string {[]} {[]}
","Narrative content of the section.","Narrative content of the section.","","","","","","","","","",,,,,"",,,,"EHDSDischargeReportBody.carePlan.narrative",0,1,"",""
"EHDSDischargeReportBody.carePlan.carePlan","EHDSDischargeReportBody.carePlan.carePlan","","","",0,*,"","","","https://www.xt-ehr.eu/specifications/fhir/StructureDefinition/EHDSCarePlan {[]} {[]}
","Structured care plan after discharge. Multiple care plans could be provided.","Structured care plan after discharge. Multiple care plans could be provided.","","","","","","","","","",,,,,"",,,,"EHDSDischargeReportBody.carePlan.carePlan",0,*,"",""
"EHDSDischargeReportBody.carePlan.otherRecommendations","EHDSDischargeReportBody.carePlan.otherRecommendations","","","",0,1,"","","","string {[]} {[]}
","Other recommendations (advice) after discharge. E.g., recommendation to suggest hip replacement, reduce number of cigarettes, stop smoking, increase physical exercises, etc.","Other recommendations (advice) after discharge. E.g., recommendation to suggest hip replacement, reduce number of cigarettes, stop smoking, increase physical exercises, etc.","","","","","","","","","",,,,,"",,,,"EHDSDischargeReportBody.carePlan.otherRecommendations",0,1,"",""
