"Id","Path","Slice Name","Alias(s)","Label","Min","Max","Must Support?","Is Modifier?","Is Summary?","Type(s)","Short","Definition","Comments","Requirements","Default Value","Meaning When Missing","Fixed Value","Pattern","Example","Minimum Value","Maximum Value","Maximum Length","Binding Strength","Binding Description","Binding Value Set","Code","Slicing Discriminator","Slicing Description","Slicing Ordered","Slicing Rules","Base Path","Base Min","Base Max","Condition(s)","Constraint(s)","Mapping: RIM Mapping"
"EHDSAdvanceDirective","EHDSAdvanceDirective","","","",0,*,"","","","null {[]} {[]}
","Advance directive model","Healthcare directives concerning life or after life wishes of the patient","","","","","","","","","",,,,,"",,,,"Base",0,*,"","","n/a"
"EHDSAdvanceDirective.header","EHDSAdvanceDirective.header","","","",1,1,"","","","Base {[]} {[]}
","Common header for all patient-related data","Common header for all patient-related data","","","","","","","","","",,,,,"",,,,"EHDSDataSet.header",1,1,"",""
"EHDSAdvanceDirective.header.subject","EHDSAdvanceDirective.header.subject","","","",1,1,"","","","http://www.xt-ehr.eu/fhir/models/StructureDefinition/EHDSPatient {[]} {[]}
","Patient/subject information","Patient/subject information","","","","","","","","","",,,,,"",,,,"EHDSDataSet.header.subject",1,1,"",""
"EHDSAdvanceDirective.header.identifier","EHDSAdvanceDirective.header.identifier","","","",0,*,"","","","Identifier {[]} {[]}
","Business identifier for the object, unique within its system. Supporting disambiguation between different contexts (systems/countries).","Business identifier for the object, unique within its system. Supporting disambiguation between different contexts (systems/countries).","","","","","","","","","",,,,,"",,,,"EHDSDataSet.header.identifier",0,*,"",""
"EHDSAdvanceDirective.header.authorship","EHDSAdvanceDirective.header.authorship","","","",0,*,"","","","Base {[]} {[]}
","Resource authoring details. Multiple authors can be provided.","Resource authoring details. Multiple authors can be provided.","","","","","","","","","",,,,,"",,,,"EHDSDataSet.header.authorship",0,*,"",""
"EHDSAdvanceDirective.header.authorship.author[x]","EHDSAdvanceDirective.header.authorship.author[x]","","","",1,1,"","","","http://www.xt-ehr.eu/fhir/models/StructureDefinition/EHDSHealthProfessional {[]} {[]}
http://www.xt-ehr.eu/fhir/models/StructureDefinition/EHDSOrganisation {[]} {[]}http://www.xt-ehr.eu/fhir/models/StructureDefinition/EHDSDevice {[]} {[]}","Author responsible for the provided information. The exact role of the responsible author varies across use cases and is often specified in individual models.","Author responsible for the provided information. The exact role of the responsible author varies across use cases and is often specified in individual models.","","","","","","","","","",,,,,"",,,,"EHDSDataSet.header.authorship.author[x]",1,1,"",""
"EHDSAdvanceDirective.header.authorship.datetime","EHDSAdvanceDirective.header.authorship.datetime","","","",1,1,"","","","dateTime {[]} {[]}
","Date and time of authoring/issuing","Date and time of authoring/issuing","","","","","","","","","",,,,,"",,,,"EHDSDataSet.header.authorship.datetime",1,1,"",""
"EHDSAdvanceDirective.header.status","EHDSAdvanceDirective.header.status","","","",1,1,"","","","CodeableConcept {[]} {[]}
","Status of the resource or document","Status of the resource or document","","","","","","","","","",,,,,"",,,,"EHDSDataSet.header.status",1,1,"",""
"EHDSAdvanceDirective.header.language","EHDSAdvanceDirective.header.language","","","",0,1,"","","","CodeableConcept {[]} {[]}
","Language in which the resource is written. Language is expressed by the IETF language tag.","Language in which the resource is written. Language is expressed by the IETF language tag.","","","","","","","","","",,"preferred","BCP 47","","",,,,"EHDSDataSet.header.language",0,1,"",""
"EHDSAdvanceDirective.category","EHDSAdvanceDirective.category","","","",0,*,"","","","CodeableConcept {[]} {[]}
","Categories of Directives related to decisions prior and after death","Categories of Directives related to decisions prior and after death","Examples:
Intubation,
Tube Feedings,
Life Support,
Cardiopulmonary resuscitation,
Antibiotics,
Resuscitation,
Artificial respiration,
Administration of medication,
Transfusion,
Transfer of care to hospital,
Dialysis procedure,
Negative declaration,
Organ donation,
Body donation,
Intravenous infusion","ISO IPS","","","","","","","",,"preferred","SNOMED CT","","",,,,"EHDSAdvanceDirective.category",0,*,"",""
"EHDSAdvanceDirective.narrative","EHDSAdvanceDirective.narrative","","","",0,1,"","","","string {[]} {[]}
","Textual description of the directive","Textual description of the directive","","eHN PS and HDR Guidelines, MyHealth@EU, ISO IPS","","","","","","","",,,,,"",,,,"EHDSAdvanceDirective.narrative",0,1,"",""
"EHDSAdvanceDirective.effectivePeriod","EHDSAdvanceDirective.effectivePeriod","","","",0,1,"","","","Period {[]} {[]}
","Time period during which the directive is effective","Time period during which the directive is effective","","eHN HDR Guideline, ISO IPS","","","","","","","",,,,,"",,,,"EHDSAdvanceDirective.effectivePeriod",0,1,"",""
"EHDSAdvanceDirective.authorisingEntity[x]","EHDSAdvanceDirective.authorisingEntity[x]","","","",0,1,"","","","http://www.xt-ehr.eu/fhir/models/StructureDefinition/EHDSPatient {[]} {[]}
http://www.xt-ehr.eu/fhir/models/StructureDefinition/EHDSHealthProfessional {[]} {[]}http://www.xt-ehr.eu/fhir/models/StructureDefinition/EHDSRelatedPerson {[]} {[]}http://www.xt-ehr.eu/fhir/models/StructureDefinition/EHDSOrganisation {[]} {[]}","Person or organisation that authorizes the directive","Person or organisation that authorizes the directive","","ISO IPS","","","","","","","",,,,,"",,,,"EHDSAdvanceDirective.authorisingEntity[x]",0,1,"",""
"EHDSAdvanceDirective.relatedConditions[x]","EHDSAdvanceDirective.relatedConditions[x]","","","",0,*,"","","","CodeableConcept {[]} {[]}
","The problem or disorder to which the living will applies. Multiple fields could be provided.","The problem or disorder to which the living will applies. Multiple fields could be provided.","","ISO IPS","","","","","","","",,"preferred","ICD-10, SNOMED CT, Orphacode","","",,,,"EHDSAdvanceDirective.relatedConditions[x]",0,*,"",""
"EHDSAdvanceDirective.advanceDirectiveDocument","EHDSAdvanceDirective.advanceDirectiveDocument","","","",0,1,"","","","http://www.xt-ehr.eu/fhir/models/StructureDefinition/EHDSAttachment {[]} {[]}
","Scanned source document with the living will and the patient's signature, such as a PDF.","Scanned source document with the living will and the patient's signature, such as a PDF.","","eHN HDR Guideline, ISO IPS","","","","","","","",,,,,"",,,,"EHDSAdvanceDirective.advanceDirectiveDocument",0,1,"",""
