"Id","Path","Slice Name","Alias(s)","Label","Min","Max","Must Support?","Is Modifier?","Is Summary?","Type(s)","Short","Definition","Comments","Requirements","Default Value","Meaning When Missing","Fixed Value","Pattern","Example","Minimum Value","Maximum Value","Maximum Length","Binding Strength","Binding Description","Binding Value Set","Code","Slicing Discriminator","Slicing Description","Slicing Ordered","Slicing Rules","Base Path","Base Min","Base Max","Condition(s)","Constraint(s)","Mapping: RIM Mapping"
"EHDSAppointment","EHDSAppointment","","","",0,*,"","","","null {[]} {[]}
","Appointment model","EHDS refined base model for Appointment. This is a simplified model with minimal information - it is not intended to cover the full functionality of booking systems.","","","","","","","","","",,,,,"",,,,"Base",0,*,"","","n/a"
"EHDSAppointment.identifier","EHDSAppointment.identifier","","","",0,*,"","","","Identifier {[]} {[]}
","Appointment identifier","Appointment identifier","","","","","","","","","",,,,,"",,,,"EHDSAppointment.identifier",0,*,"",""
"EHDSAppointment.subject","EHDSAppointment.subject","","","",0,1,"","","","https://www.xt-ehr.eu/specifications/fhir/StructureDefinition/EHDSPatient {[]} {[]}
","The patient associated with the appointment.","The patient associated with the appointment.","","","","","","","","","",,,,,"",,,,"EHDSAppointment.subject",0,1,"",""
"EHDSAppointment.status","EHDSAppointment.status","","","",1,1,"","","","CodeableConcept {[]} {[]}
","The overall status of the Appointment.","The overall status of the Appointment.","","","","","","","","","",,"preferred","HL7 Appointment status","","",,,,"EHDSAppointment.status",1,1,"",""
"EHDSAppointment.class","EHDSAppointment.class","","","",0,*,"","","","CodeableConcept {[]} {[]}
","Classification of patient encounter (e.g. inpatient, outpatient, emergency).","Classification of patient encounter (e.g. inpatient, outpatient, emergency).","","","","","","","","","",,"preferred","HL7 Encounter class","","",,,,"EHDSAppointment.class",0,*,"",""
"EHDSAppointment.serviceType","EHDSAppointment.serviceType","","","",0,*,"","","","CodeableConcept {[]} {[]}
","The specific service that is to be performed during this appointment.","The specific service that is to be performed during this appointment.","","","","","","","","","",,"preferred","SNOMED CT","","",,,,"EHDSAppointment.serviceType",0,*,"",""
"EHDSAppointment.specialty","EHDSAppointment.specialty","","","",0,*,"","","","CodeableConcept {[]} {[]}
","The specialty of a practitioner that would be required to perform the service requested in this appointment","The specialty of a practitioner that would be required to perform the service requested in this appointment","","","","","","","","","",,"preferred","SNOMED CT","","",,,,"EHDSAppointment.specialty",0,*,"",""
"EHDSAppointment.start","EHDSAppointment.start","","","",0,1,"","","","dateTime {[]} {[]}
","Date and time that the appointment is to take place.","Date and time that the appointment is to take place.","","","","","","","","","",,,,,"",,,,"EHDSAppointment.start",0,1,"",""
"EHDSAppointment.end","EHDSAppointment.end","","","",0,1,"","","","dateTime {[]} {[]}
","Date and time that the appointment is to conclude.","Date and time that the appointment is to conclude.","","","","","","","","","",,,,,"",,,,"EHDSAppointment.end",0,1,"",""
"EHDSAppointment.note","EHDSAppointment.note","","","",0,*,"","","","string {[]} {[]}
","Additional notes/comments about the appointment.","Additional notes/comments about the appointment.","","","","","","","","","",,,,,"",,,,"EHDSAppointment.note",0,*,"",""
