"Id","Path","Slice Name","Alias(s)","Label","Min","Max","Must Support?","Is Modifier?","Is Summary?","Type(s)","Short","Definition","Comments","Requirements","Default Value","Meaning When Missing","Fixed Value","Pattern","Example","Minimum Value","Maximum Value","Maximum Length","Binding Strength","Binding Description","Binding Value Set","Code","Slicing Discriminator","Slicing Description","Slicing Ordered","Slicing Rules","Base Path","Base Min","Base Max","Condition(s)","Constraint(s)","Mapping: RIM Mapping"
"EHDSMedicationPrescription","EHDSMedicationPrescription","","","",0,*,"","","","null {[]} {[]}
","Medication prescription model","Logical model for medication prescription body. A prescription contains one or more prescription items.","","","","","","","","","",,,,,"",,,,"Base",0,*,"","","n/a"
"EHDSMedicationPrescription.medicationPrescriptionHeader","EHDSMedicationPrescription.medicationPrescriptionHeader","","","",1,1,"","","","https://www.xt-ehr.eu/specifications/fhir/StructureDefinition/EHDSMedicationPrescriptionHeader {[]} {[]}
","Prescription header","Prescription header data elements","","","","","","","","","",,,,,"",,,,"EHDSMedicationPrescription.medicationPrescriptionHeader",1,1,"",""
"EHDSMedicationPrescription.medicationPrescriptionBody","EHDSMedicationPrescription.medicationPrescriptionBody","","","",1,1,"","","","https://www.xt-ehr.eu/specifications/fhir/StructureDefinition/EHDSMedicationPrescriptionBody {[]} {[]}
","Prescription body","Prescription body data elements","","","","","","","","","",,,,,"",,,,"EHDSMedicationPrescription.medicationPrescriptionBody",1,1,"",""
"EHDSMedicationPrescription.presentedForm","EHDSMedicationPrescription.presentedForm","","","",0,*,"","","","https://www.xt-ehr.eu/specifications/fhir/StructureDefinition/EHDSAttachment {[]} {[]}
","Presented Form","Entire prescription as issued. Various formats could be provided, pdf format is recommended.","","","","","","","","","",,,,,"",,,,"EHDSMedicationPrescription.presentedForm",0,*,"",""
