"Id","Path","Slice Name","Alias(s)","Label","Min","Max","Must Support?","Is Modifier?","Is Summary?","Type(s)","Short","Definition","Comments","Requirements","Default Value","Meaning When Missing","Fixed Value","Pattern","Example","Minimum Value","Maximum Value","Maximum Length","Binding Strength","Binding Description","Binding Value Set","Code","Slicing Discriminator","Slicing Description","Slicing Ordered","Slicing Rules","Base Path","Base Min","Base Max","Condition(s)","Constraint(s)","Mapping: RIM Mapping"
"EHDSLaboratoryObservation","EHDSLaboratoryObservation","","","",0,*,"","","","null {[]} {[]}
","Laboratory observation model","C.11 - EHDS refined base model for Observation performed by laboratory","","","","","","","","","",,,,,"",,,,"Base",0,*,"","","n/a"
"EHDSLaboratoryObservation.observationDate[x]","EHDSLaboratoryObservation.observationDate[x]","","","",1,1,"","","","dateTime {[]} {[]}
Period {[]} {[]}","C.10.1 - Observation date","Clinically relevant time or time period for the observation.","","","","","","","","","",,,,,"",,,,"EHDSObservation.observationDate[x]",1,1,"",""
"EHDSLaboratoryObservation.observationCode","EHDSLaboratoryObservation.observationCode","","","",1,1,"","","","CodeableConcept {[]} {[]}
","C.10.2 - Observation code","Code representing the observation using the agreed code systems.","","","","","","","","","",,"preferred","LOINC, NPU","","",,,,"EHDSObservation.observationCode",1,1,"",""
"EHDSLaboratoryObservation.observationName","EHDSLaboratoryObservation.observationName","","","",1,1,"","","","string {[]} {[]}
","C.10.3 - Observation name","Full name of the observation according to the used test coding standard.","","","","","","","","","",,,,,"",,,,"EHDSObservation.observationName",1,1,"",""
"EHDSLaboratoryObservation.observationOriginalName","EHDSLaboratoryObservation.observationOriginalName","","","",0,1,"","","","string {[]} {[]}
","C.10.4 - Observation original name","Original (conventional) name of the observation ","","","","","","","","","",,,,,"",,,,"EHDSObservation.observationOriginalName",0,1,"",""
"EHDSLaboratoryObservation.observationMethod","EHDSLaboratoryObservation.observationMethod","","","",0,1,"","","","CodeableConcept {[]} {[]}
","C.10.5 - Observation method","Observation method (measurement principle) to obtain the result.","","","","","","","","","",,"preferred","SNOMED CT","","",,,,"EHDSObservation.observationMethod",0,1,"",""
"EHDSLaboratoryObservation.observationDevice","EHDSLaboratoryObservation.observationDevice","","","",0,1,"","","","https://www.xt-ehr.eu/specifications/fhir/StructureDefinition/EHDSDevice {[]} {[]}
","C.10.6 - Observation device","Device (e.g. analyser) that generates the measurements","","","","","","","","","",,"preferred","SNOMED CT, EMDN","","",,,,"EHDSObservation.observationDevice",0,1,"",""
"EHDSLaboratoryObservation.order","EHDSLaboratoryObservation.order","","","",0,1,"","","","Reference {[]} {[CanonicalType[https://www.xt-ehr.eu/specifications/fhir/StructureDefinition/EHDSServiceRequest]]}
","C.10.7 - Order","Identifies order and order placer this observation belongs to. ","","","","","","","","","",,,,,"",,,,"EHDSObservation.order",0,1,"",""
"EHDSLaboratoryObservation.performer","EHDSLaboratoryObservation.performer","","","",0,1,"","","","https://www.xt-ehr.eu/specifications/fhir/StructureDefinition/EHDSHealthProfessional {[]} {[]}
","C.10.8 - Performer","Identifies the originator/author and provides provenance information about the source of the results data that may have not originated with the source of the whole Laboratory Report document. ","","","","","","","","","",,,,,"",,,,"EHDSObservation.performer",0,1,"",""
"EHDSLaboratoryObservation.reporter","EHDSLaboratoryObservation.reporter","","","",0,1,"","","","https://www.xt-ehr.eu/specifications/fhir/StructureDefinition/EHDSHealthProfessional {[]} {[]}
","C.10.9 - Reporter","With certain observation results, e.g. there may also be an interpreter or a person responsible for validation.","","","","","","","","","",,,,,"",,,,"EHDSObservation.reporter",0,1,"",""
"EHDSLaboratoryObservation.observationResult","EHDSLaboratoryObservation.observationResult","","","",1,1,"","","","Base {[]} {[]}
","C.10.10 - Observation result","Result of the observation including text, numeric and coded results of the measurement and measurement uncertainty. Content of the observation result will vary according to the type of the observation.","","","","","","","","","",,"preferred","SNOMED CT (for ordinal or nominal scale results and result interpretation), UCUM (for units)","","",,,,"EHDSObservation.observationResult",1,1,"",""
"EHDSLaboratoryObservation.observationResult.textualResult","EHDSLaboratoryObservation.observationResult.textualResult","","","",0,1,"","","","string {[]} {[]}
","C.10.10.1 - Textual Result","Narrative text result","","","","","","","","","",,,,,"",,,,"EHDSObservation.observationResult.textualResult",0,1,"",""
"EHDSLaboratoryObservation.observationResult.numericResult","EHDSLaboratoryObservation.observationResult.numericResult","","","",0,1,"","","","Base {[]} {[]}
","C.10.10.2 - Numeric Result","A numeric value or interval (open or closed) of the result, result units of the measurement should be provided Measurement uncertainty interval are provided if needed.","","","","","","","","","",,,,,"",,,,"EHDSObservation.observationResult.numericResult",0,1,"",""
"EHDSLaboratoryObservation.observationResult.numericResult.numericValue[x]","EHDSLaboratoryObservation.observationResult.numericResult.numericValue[x]","","","",0,1,"","","","Quantity {[]} {[]}
Range {[]} {[]}","C.10.10.2.1 - Numeric value","A numeric value or interval (open or closed) of the result","","","","","","","","","",,,,,"",,,,"EHDSObservation.observationResult.numericResult.numericValue[x]",0,1,"",""
"EHDSLaboratoryObservation.observationResult.numericResult.units","EHDSLaboratoryObservation.observationResult.numericResult.units","","","",0,1,"","","","CodeableConcept {[]} {[]}
","C.10.10.2.2 - Units","Result units of the measurement","","","","","","","","","",,"preferred","UCUM","","",,,,"EHDSObservation.observationResult.numericResult.units",0,1,"",""
"EHDSLaboratoryObservation.observationResult.numericResult.uncertainty","EHDSLaboratoryObservation.observationResult.numericResult.uncertainty","","","",0,1,"","","","Base {[]} {[]}
","C.10.10.2.3 - Uncertainty","Measurement uncertainty type and interval should be provided if needed.","","","","","","","","","",,,,,"",,,,"EHDSObservation.observationResult.numericResult.uncertainty",0,1,"",""
"EHDSLaboratoryObservation.observationResult.codedResult","EHDSLaboratoryObservation.observationResult.codedResult","","","",0,1,"","","","CodeableConcept {[]} {[]}
","C.10.10.3 - Coded Result","A coded result from a selected coding system(s). This could be a code describing bacteria or other microorganism identified, description of urinary concernment, code explaining technical reason why the test could not be done etc.","","","","","","","","","",,"preferred","SNOMED CT","","",,,,"EHDSObservation.observationResult.codedResult",0,1,"",""
"EHDSLaboratoryObservation.dataAbsentReason","EHDSLaboratoryObservation.dataAbsentReason","","","",0,1,"","","","CodeableConcept {[]} {[]}
","C.10.11 - dataAbsentReason","Provides a reason why the expected value in the element Observation.value[x] is missing.","","","","","","","","","",,"preferred","HL7 Data absent reason","","",,,,"EHDSObservation.dataAbsentReason",0,1,"",""
"EHDSLaboratoryObservation.referenceRange","EHDSLaboratoryObservation.referenceRange","","","",0,*,"","","","Base {[]} {[]}
","C.10.12 - Reference range","Reference range, multiple reference ranges of different types culd by providedProvides guide for interpretation of result. Reference ranges are usually implied only for a numeric scale type. Use of the same units for reference range and value is implied.","","","","","","","","","",,,,,"",,,,"EHDSObservation.referenceRange",0,*,"",""
"EHDSLaboratoryObservation.observationInterpretation","EHDSLaboratoryObservation.observationInterpretation","","","",0,*,"","","","CodeableConcept {[]} {[]}
","C.10.13 - Observation interpretation","Information about reference intervals and result interpretation.","","","","","","","","","",,"preferred","SNOMED CT, HL7 ObservationInterpretation","","",,,,"EHDSObservation.observationInterpretation",0,*,"",""
"EHDSLaboratoryObservation.triggeredBy[x]","EHDSLaboratoryObservation.triggeredBy[x]","","","",0,*,"","","","https://www.xt-ehr.eu/specifications/fhir/StructureDefinition/EHDSLaboratoryObservation {[]} {[]}
https://www.xt-ehr.eu/specifications/fhir/StructureDefinition/EHDSObservation {[]} {[]}","C.10.14 - Triggered by","Identifies the observation(s) that triggered the performance of this observation.","","","","","","","","","",,,,,"",,,,"EHDSObservation.triggeredBy[x]",0,*,"",""
"EHDSLaboratoryObservation.hasMember[x]","EHDSLaboratoryObservation.hasMember[x]","","","",0,*,"","","","https://www.xt-ehr.eu/specifications/fhir/StructureDefinition/EHDSLaboratoryObservation {[]} {[]}
https://www.xt-ehr.eu/specifications/fhir/StructureDefinition/EHDSObservation {[]} {[]}","C.10.15 - Has member","This observation is a group observation (e.g. a battery, a panel of tests, a set of vital sign measurements) that includes the target as a member of the group.","","","","","","","","","",,,,,"",,,,"EHDSObservation.hasMember[x]",0,*,"",""
"EHDSLaboratoryObservation.resultDescription","EHDSLaboratoryObservation.resultDescription","","","",0,1,"","","","string {[]} {[]}
","C.10.16 - Result description","Comments and narrative representation of the observation result and findings.","","","","","","","","","",,,,,"",,,,"EHDSObservation.resultDescription",0,1,"",""
"EHDSLaboratoryObservation.anatomicLocation","EHDSLaboratoryObservation.anatomicLocation","","","",0,1,"","","","CodeableConcept {[]} {[]}
","C.10.17 - Anatomic location","Anatomic location and laterality where the observation should be or was performed.","","","","","","","","","",,"preferred","SNOMED CT","","",,,,"EHDSObservation.anatomicLocation",0,1,"",""
"EHDSLaboratoryObservation.subject","EHDSLaboratoryObservation.subject","","","",1,1,"","","","Reference {[]} {[CanonicalType[https://www.xt-ehr.eu/specifications/fhir/StructureDefinition/EHDSPatient], CanonicalType[https://www.xt-ehr.eu/specifications/fhir/StructureDefinition/EHDSLocation], CanonicalType[https://www.xt-ehr.eu/specifications/fhir/StructureDefinition/EHDSDevice], CanonicalType[https://www.xt-ehr.eu/specifications/fhir/StructureDefinition/EHDSOrganization], CanonicalType[https://www.xt-ehr.eu/specifications/fhir/StructureDefinition/EHDSHealthProfessional], CanonicalType[https://www.xt-ehr.eu/specifications/fhir/StructureDefinition/EHDSProcedure]]}
","C.10.18 - Subject","The patient, or group of patients, location, device, organization, procedure or practitioner this observation is about.","","","","","","","","","",,,,,"",,,,"EHDSObservation.subject",1,1,"",""
"EHDSLaboratoryObservation.component","EHDSLaboratoryObservation.component","","","",0,*,"","","","Base {[]} {[]}
","C.10.19 - Component","Some observations have multiple component observations. These component observations are expressed as separate code value pairs that share the same attributes.","","","","","","","","","",,,,,"",,,,"EHDSObservation.component",0,*,"",""
"EHDSLaboratoryObservation.component.code","EHDSLaboratoryObservation.component.code","","","",1,1,"","","","CodeableConcept {[]} {[]}
","C.10.19.1 - Code","Code representing the observation using the agreed code systems.","","","","","","","","","",,"preferred","LOINC, NPU, SNOMED CT","","",,,,"EHDSObservation.component.code",1,1,"",""
"EHDSLaboratoryObservation.component.textualResult","EHDSLaboratoryObservation.component.textualResult","","","",0,1,"","","","string {[]} {[]}
","C.10.19.2 - Textual Result","Narrative text result","","","","","","","","","",,,,,"",,,,"EHDSObservation.component.textualResult",0,1,"",""
"EHDSLaboratoryObservation.component.numericResult","EHDSLaboratoryObservation.component.numericResult","","","",0,1,"","","","Base {[]} {[]}
","C.10.19.3 - Numeric Result","A numeric value or interval (open or closed) of the result, result units of the measurement should be provided Measurement uncertainty interval are provided if needed.","","","","","","","","","",,,,,"",,,,"EHDSObservation.component.numericResult",0,1,"",""
"EHDSLaboratoryObservation.component.numericResult.numericValue[x]","EHDSLaboratoryObservation.component.numericResult.numericValue[x]","","","",0,1,"","","","Quantity {[]} {[]}
Range {[]} {[]}","C.10.19.3.1 - Numeric value","A numeric value or interval (open or closed) of the result","","","","","","","","","",,,,,"",,,,"EHDSObservation.component.numericResult.numericValue[x]",0,1,"",""
"EHDSLaboratoryObservation.component.numericResult.units","EHDSLaboratoryObservation.component.numericResult.units","","","",0,1,"","","","CodeableConcept {[]} {[]}
","C.10.19.3.2 - Units","Result units of the measurement","","","","","","","","","",,"preferred","UCUM","","",,,,"EHDSObservation.component.numericResult.units",0,1,"",""
"EHDSLaboratoryObservation.component.numericResult.uncertainty","EHDSLaboratoryObservation.component.numericResult.uncertainty","","","",0,1,"","","","Base {[]} {[]}
","C.10.19.3.3 - Uncertainty","Measurement uncertainty type and interval should be provided if needed.","","","","","","","","","",,,,,"",,,,"EHDSObservation.component.numericResult.uncertainty",0,1,"",""
"EHDSLaboratoryObservation.component.codedResult","EHDSLaboratoryObservation.component.codedResult","","","",0,1,"","","","CodeableConcept {[]} {[]}
","C.10.19.4 - Coded Result","A coded result from a selected coding system(s). This could be a code describing bacteria or other microorganism identified, description of urinary concernment, code explaining technical reason why the test could not be done etc.","","","","","","","","","",,"preferred","SNOMED CT","","",,,,"EHDSObservation.component.codedResult",0,1,"",""
"EHDSLaboratoryObservation.component.dataAbsentReason","EHDSLaboratoryObservation.component.dataAbsentReason","","","",0,1,"","","","CodeableConcept {[]} {[]}
","C.10.19.5 - dataAbsentReason","Provides a reason why the expected value in the element Observation.value[x] is missing.","","","","","","","","","",,"preferred","HL7 Data absent reason","","",,,,"EHDSObservation.component.dataAbsentReason",0,1,"",""
"EHDSLaboratoryObservation.component.referenceRange","EHDSLaboratoryObservation.component.referenceRange","","","",0,*,"","","","Base {[]} {[]}
","C.10.19.6 - Reference range","Reference range, multiple reference ranges of different types culd by providedProvides guide for interpretation of result. Reference ranges are usually implied only for a numeric scale type. Use of the same units for reference range and value is implied.","","","","","","","","","",,,,,"",,,,"EHDSObservation.component.referenceRange",0,*,"",""
"EHDSLaboratoryObservation.component.observationInterpretation","EHDSLaboratoryObservation.component.observationInterpretation","","","",0,*,"","","","CodeableConcept {[]} {[]}
","C.10.19.7 - Observation interpretation","Information about reference intervals and result interpretation.","","","","","","","","","",,"preferred","SNOMED CT, HL7 ObservationInterpretation","","",,,,"EHDSObservation.component.observationInterpretation",0,*,"",""
"EHDSLaboratoryObservation.status","EHDSLaboratoryObservation.status","","","",1,1,"","","","CodeableConcept {[]} {[]}
","C.10.19.8 - Status","The status of the result value.","","","","","","","","","",,"preferred","HL7 Observation status","","",,,,"EHDSObservation.status",1,1,"",""
"EHDSLaboratoryObservation.testKit","EHDSLaboratoryObservation.testKit","","","",0,1,"","","","https://www.xt-ehr.eu/specifications/fhir/StructureDefinition/EHDSDevice {[]} {[]}
","C.11.2 - Test kit","Laboratory test kit used during measurement.","","","","","","","","","",,,,,"",,,,"EHDSLaboratoryObservation.testKit",0,1,"",""
"EHDSLaboratoryObservation.calibrator","EHDSLaboratoryObservation.calibrator","","","",0,1,"","","","Identifier {[]} {[]}
","C.11.3 - Calibrator","Information about which end-user calibrator the laboratory has been used for the measurement to indicate the metrological traceability chain. ","","","","","","","","","",,,,,"",,,,"EHDSLaboratoryObservation.calibrator",0,1,"",""
"EHDSLaboratoryObservation.accreditationStatu","EHDSLaboratoryObservation.accreditationStatu","","","",0,1,"","","","CodeableConcept {[]} {[]}
","C.11.4 - Accreditation status","Accreditation status of the laboratory for the particular observation.","","","","","","","","","",,"preferred","Code system to be specified","","",,,,"EHDSLaboratoryObservation.accreditationStatu",0,1,"",""
"EHDSLaboratoryObservation.previousResults","EHDSLaboratoryObservation.previousResults","","","",0,*,"","","","https://www.xt-ehr.eu/specifications/fhir/StructureDefinition/EHDSLaboratoryObservation {[]} {[]}
","C.11.5 - Previous results","Previous results of the same observation","","","","","","","","","",,,,,"",,,,"EHDSLaboratoryObservation.previousResults",0,*,"",""
