"Id","Path","Slice Name","Alias(s)","Label","Min","Max","Must Support?","Is Modifier?","Is Summary?","Type(s)","Short","Definition","Comments","Requirements","Default Value","Meaning When Missing","Fixed Value","Pattern","Example","Minimum Value","Maximum Value","Maximum Length","Binding Strength","Binding Description","Binding Value Set","Code","Slicing Discriminator","Slicing Description","Slicing Ordered","Slicing Rules","Base Path","Base Min","Base Max","Condition(s)","Constraint(s)","Mapping: RIM Mapping"
"EHDSHealthProfessional","EHDSHealthProfessional","","","",0,*,"","","","null {[]} {[]}
","Health professional model","EHDS refined base model for Health professional (HP)","","","","","","","","","",,,,,"",,,,"Base",0,*,"","","n/a"
"EHDSHealthProfessional.identifier","EHDSHealthProfessional.identifier","","","",0,*,"","","","Identifier {[]} {[]}
","An identifier of the health professional that is unique within a defined scope. Example: National health professional ID. Multiple identifiers could be provided.","An identifier of the health professional that is unique within a defined scope. Example: National health professional ID. Multiple identifiers could be provided.","","","","","","","","","",,,,,"",,,,"EHDSHealthProfessional.identifier",0,*,"",""
"EHDSHealthProfessional.name","EHDSHealthProfessional.name","","","",0,1,"","","","https://www.xt-ehr.eu/specifications/fhir/StructureDefinition/EHDSHumanName {[]} {[]}
","Name of the health professional that has been treating or taking responsibility for the patient.","Name of the health professional that has been treating or taking responsibility for the patient.","","","","","","","","","",,,,,"",,,,"EHDSHealthProfessional.name",0,1,"",""
"EHDSHealthProfessional.address","EHDSHealthProfessional.address","","","",0,1,"","","","https://www.xt-ehr.eu/specifications/fhir/StructureDefinition/EHDSAddress {[]} {[]}
","Mailing and office or home addresses. The addresses are always sequences of address parts (e.g. street address line, country, postcode, city) even if postal address formats may vary depending on the country. An address may or may not include a specific use code; if this attribute is not present it is assumed to be the default address useful for any purpose.","Mailing and office or home addresses. The addresses are always sequences of address parts (e.g. street address line, country, postcode, city) even if postal address formats may vary depending on the country. An address may or may not include a specific use code; if this attribute is not present it is assumed to be the default address useful for any purpose.","","","","","","","","","",,,,,"",,,,"EHDSHealthProfessional.address",0,1,"",""
"EHDSHealthProfessional.telecom","EHDSHealthProfessional.telecom","","","",0,*,"","","","https://www.xt-ehr.eu/specifications/fhir/StructureDefinition/EHDSTelecom {[]} {[]}
","Telecommunication contact information (addresses) associated with a person, such as phone number, email, or messaging service. Multiple telecommunication addresses might be provided.","Telecommunication contact information (addresses) associated with a person, such as phone number, email, or messaging service. Multiple telecommunication addresses might be provided.","","","","","","","","","",,,,,"",,,,"EHDSHealthProfessional.telecom",0,*,"",""
"EHDSHealthProfessional.role","EHDSHealthProfessional.role","","","",0,*,"","","","CodeableConcept {[]} {[]}
","Health professional role. Multiple roles could be provided.","Health professional role. Multiple roles could be provided.","","","","","","","","","",,"preferred","ISCO, SNOMED CT","","",,,,"EHDSHealthProfessional.role",0,*,"",""
"EHDSHealthProfessional.organisation","EHDSHealthProfessional.organisation","","","",0,1,"","","","https://www.xt-ehr.eu/specifications/fhir/StructureDefinition/EHDSOrganisation {[]} {[]}
","The organisation where this role is available","The organisation where this role is available","","","","","","","","","",,,,,"",,,,"EHDSHealthProfessional.organisation",0,1,"",""
"EHDSHealthProfessional.specialty","EHDSHealthProfessional.specialty","","","",0,*,"","","","CodeableConcept {[]} {[]}
","The specialty of a practitioner that describes the functional role they are practicing at a given organisation","The specialty of a practitioner that describes the functional role they are practicing at a given organisation","","","","","","","","","",,,,,"",,,,"EHDSHealthProfessional.specialty",0,*,"",""
