"Id","Path","Slice Name","Alias(s)","Label","Min","Max","Must Support?","Is Modifier?","Is Summary?","Type(s)","Short","Definition","Comments","Requirements","Default Value","Meaning When Missing","Fixed Value","Pattern","Example","Minimum Value","Maximum Value","Maximum Length","Binding Strength","Binding Description","Binding Value Set","Code","Slicing Discriminator","Slicing Description","Slicing Ordered","Slicing Rules","Base Path","Base Min","Base Max","Condition(s)","Constraint(s)","Mapping: RIM Mapping"
"EHDSCurrentPregnancy","EHDSCurrentPregnancy","","","",0,*,"","","","null {[]} {[]}
","Current pregnancy status model","Current pregnancy status","","","","","","","","","",,,,,"",,,,"Base",0,*,"","","n/a"
"EHDSCurrentPregnancy.narrative","EHDSCurrentPregnancy.narrative","","","",0,1,"","","","string {[]} {[]}
","Textual description of current pregnancy status ","Narrative description describing the status of the current pregnancy.","","eHN PS Guideline, ISO IPS","","","","","","","",,,,,"",,,,"EHDSCurrentPregnancy.narrative",0,1,"",""
"EHDSCurrentPregnancy.currentPregnancyStatus","EHDSCurrentPregnancy.currentPregnancyStatus","","","",1,1,"","","","CodeableConcept {[]} {[]}
","Current pregnancy status","Current state of the pregnancy at the date the observation was made, e.g. pregnant, not pregnant, unknown.","","eHN PS Guideline, ISO IPS","","","","","","","",,,,,"",,,,"EHDSCurrentPregnancy.currentPregnancyStatus",1,1,"",""
"EHDSCurrentPregnancy.dateOfStatus","EHDSCurrentPregnancy.dateOfStatus","","","",0,1,"","","","dateTime {[]} {[]}
","Date of status","Effective date of the current pregnancy status.","","eHN PS Guideline, ISO IPS","","","","","","","",,,,,"",,,,"EHDSCurrentPregnancy.dateOfStatus",0,1,"",""
"EHDSCurrentPregnancy.expectedDateOfDelivery","EHDSCurrentPregnancy.expectedDateOfDelivery","","","",0,1,"","","","date {[]} {[]}
","Expected date of delivery","Date in which the woman is due to give birth. Year, day and month are required.","","eHN PS Guideline, ISO IPS","","","","","","","",,,,,"",,,,"EHDSCurrentPregnancy.expectedDateOfDelivery",0,1,"",""
