"Id","Path","Slice Name","Alias(s)","Label","Min","Max","Must Support?","Is Modifier?","Is Summary?","Type(s)","Short","Definition","Comments","Requirements","Default Value","Meaning When Missing","Fixed Value","Pattern","Example","Minimum Value","Maximum Value","Maximum Length","Binding Strength","Binding Description","Binding Value Set","Code","Slicing Discriminator","Slicing Description","Slicing Ordered","Slicing Rules","Base Path","Base Min","Base Max","Condition(s)","Constraint(s)","Mapping: RIM Mapping"
"EHDSPregnancyHistory","EHDSPregnancyHistory","","","",0,*,"","","","null {[]} {[]}
","Pregnancy history model","Pregnancy history","","","","","","","","","",,,,,"",,,,"Base",0,*,"","","n/a"
"EHDSPregnancyHistory.narrative","EHDSPregnancyHistory.narrative","","","",0,1,"","","","string {[]} {[]}
","Narrative, potentially formatted, content of the section","Narrative description describing the outcome of any previous pregnancies.","","eHN PS Guideline, ISO IPS","","","","","","","",,,,,"",,,,"EHDSPregnancyHistory.narrative",0,1,"",""
"EHDSPregnancyHistory.outcomeDate","EHDSPregnancyHistory.outcomeDate","","","",0,1,"","","","dateTime {[]} {[]}
","Outcome date","Date referred to the previous pregnancies outcome.","","eHN PS Guideline, ISO IPS","","","","","","","",,,,,"",,,,"EHDSPregnancyHistory.outcomeDate",0,1,"",""
"EHDSPregnancyHistory.outcome","EHDSPregnancyHistory.outcome","","","",0,1,"","","","CodeableConcept {[]} {[]}
","Outcome","Outcome of the previous pregnancy.","","eHN PS Guideline, ISO IPS","","","","","","","",,,,,"",,,,"EHDSPregnancyHistory.outcome",0,1,"",""
"EHDSPregnancyHistory.numberOfChildren","EHDSPregnancyHistory.numberOfChildren","","","",0,1,"","","","integer {[]} {[]}
","Number of children/fetuses in this specific pregnancy","Number of children/fetuses in this specific pregnancy","","eHN PS Guideline, ISO IPS","","","","","","","",,,,,"",,,,"EHDSPregnancyHistory.numberOfChildren",0,1,"",""
