{
  "resourceType" : "ActorDefinition",
  "id" : "SummaryConsumer",
  "text" : {
    "status" : "generated",
    "div" : "<div xmlns=\"http://www.w3.org/1999/xhtml\"><p class=\"res-header-id\"><b>Generated Narrative: ActorDefinition SummaryConsumer</b></p><a name=\"SummaryConsumer\"> </a><a name=\"hcSummaryConsumer\"> </a><table class=\"grid\"><tr><td><b>Actor: SummaryConsumer </b></td><td/><td>Type: system </td></tr><tr><td colspan=\"3\"/></tr></table></div>"
  },
  "url" : "https://www.xt-ehr.eu/specifications/fhir/ActorDefinition/SummaryConsumer",
  "version" : "0.1.0",
  "name" : "SummaryConsumer",
  "status" : "active",
  "date" : "2025-07-04T07:46:14+00:00",
  "publisher" : "Xt-EHR",
  "contact" : [{
    "name" : "Xt-EHR",
    "telecom" : [{
      "system" : "url",
      "value" : "http://Xt-EHR.eu"
    }]
  }],
  "type" : "system"
}