"Id","Path","Slice Name","Alias(s)","Label","Min","Max","Must Support?","Is Modifier?","Is Summary?","Type(s)","Short","Definition","Comments","Requirements","Default Value","Meaning When Missing","Fixed Value","Pattern","Example","Minimum Value","Maximum Value","Maximum Length","Binding Strength","Binding Description","Binding Value Set","Code","Slicing Discriminator","Slicing Description","Slicing Ordered","Slicing Rules","Base Path","Base Min","Base Max","Condition(s)","Constraint(s)","Mapping: RIM Mapping"
"EHDSHealthProfessionalRole","EHDSHealthProfessionalRole","","","",0,*,"","","","null {[]} {[]}
","Health professional role (model)","C.4 - EHDS refined base model for Role and location details associated with a practitioner that are applicable to the healthcare event.","","","","","","","","","",,,,,"",,,,"Base",0,*,"","","n/a"
"EHDSHealthProfessionalRole.identifier","EHDSHealthProfessionalRole.identifier","","","",0,*,"","","","Identifier {[]} {[]}
","C.4.1 - Identifier","Health professional role identifier","","","","","","","","","",,,,,"",,,,"EHDSHealthProfessionalRole.identifier",0,*,"",""
"EHDSHealthProfessionalRole.roleOfTheHp","EHDSHealthProfessionalRole.roleOfTheHp","","","",0,*,"","","","CodeableConcept {[]} {[]}
","C.4.2 - Role of the HP","Health professional role. Multiple roles could be provided.","","","","","","","","","",,"preferred","ISCO, SNOMED CT","","",,,,"EHDSHealthProfessionalRole.roleOfTheHp",0,*,"",""
"EHDSHealthProfessionalRole.healthProfessional","EHDSHealthProfessionalRole.healthProfessional","","","",0,1,"","","","Reference {[]} {[CanonicalType[https://www.xt-ehr.eu/specifications/fhir/StructureDefinition/EHDSHealthProfessional], CanonicalType[https://www.xt-ehr.eu/specifications/fhir/StructureDefinition/EHDSDevice]]}
","C.4.3 - Health professional","Practitioner that provides services for the organization","","","","","","","","","",,,,,"",,,,"EHDSHealthProfessionalRole.healthProfessional",0,1,"",""
"EHDSHealthProfessionalRole.organization","EHDSHealthProfessionalRole.organization","","","",0,1,"","","","Reference {[]} {[CanonicalType[https://www.xt-ehr.eu/specifications/fhir/StructureDefinition/EHDSOrganization]]}
","C.4.4 - Organization","The organization where this role is available","","","","","","","","","",,,,,"",,,,"EHDSHealthProfessionalRole.organization",0,1,"",""
"EHDSHealthProfessionalRole.specialty","EHDSHealthProfessionalRole.specialty","","","",0,*,"","","","CodeableConcept {[]} {[]}
","C.4.5 - Specialty","The specialty of a practitioner that describes the functional role they are practicing at a given organization","","","","","","","","","",,,,,"",,,,"EHDSHealthProfessionalRole.specialty",0,*,"",""
