{"resourceType":"ActorDefinition","id":"actor-prescriber","text":{"status":"generated","div":"<div xmlns=\"http://www.w3.org/1999/xhtml\"><p class=\"res-header-id\"><b>Generated Narrative: ActorDefinition actor-prescriber</b></p><a name=\"actor-prescriber\"> </a><a name=\"hcactor-prescriber\"> </a><table class=\"grid\"><tr><td><b>Actor: Prescriber </b></td><td/><td>Type: system </td></tr><tr><td colspan=\"3\"/></tr></table></div>"},"url":"https://www.xt-ehr.eu/specifications/fhir/actor-prescribing-system","version":"0.1.0","name":"Prescriber","status":"active","date":"2025-07-03T11:43:27+00:00","publisher":"Xt-EHR","contact":[{"name":"Xt-EHR","telecom":[{"system":"url","value":"http://Xt-EHR.eu"}]}],"type":"system"}