"Id","Path","Slice Name","Alias(s)","Label","Min","Max","Must Support?","Is Modifier?","Is Summary?","Type(s)","Short","Definition","Comments","Requirements","Default Value","Meaning When Missing","Fixed Value","Pattern","Example","Minimum Value","Maximum Value","Maximum Length","Binding Strength","Binding Description","Binding Value Set","Code","Slicing Discriminator","Slicing Description","Slicing Ordered","Slicing Rules","Base Path","Base Min","Base Max","Condition(s)","Constraint(s)","Mapping: RIM Mapping"
"EHDSLaboratoryObservation","EHDSLaboratoryObservation","","","",0,*,"","","","null {[]} {[]}
","Laboratory observation model","EHDS refined base model for Observation performed by laboratory","","","","","","","","","",,,,,"",,,,"Base",0,*,"","","n/a"
"EHDSLaboratoryObservation.header","EHDSLaboratoryObservation.header","","","",1,1,"","","","Base {[]} {[]}
","Common header for all patient-related data","Common header for all patient-related data","","","","","","","","","",,,,,"",,,,"EHDSDataSet.header",1,1,"",""
"EHDSLaboratoryObservation.header.subject","EHDSLaboratoryObservation.header.subject","","","",1,1,"","","","https://www.xt-ehr.eu/specifications/fhir/StructureDefinition/EHDSPatient {[]} {[]}
","Subject","Patient/subject information","","","","","","","","","",,,,,"",,,,"EHDSDataSet.header.subject",1,1,"",""
"EHDSLaboratoryObservation.header.identifier","EHDSLaboratoryObservation.header.identifier","","","",0,*,"","","","Identifier {[]} {[]}
","Business identifier for the object","Business identifier for the object","","","","","","","","","",,,,,"",,,,"EHDSDataSet.header.identifier",0,*,"",""
"EHDSLaboratoryObservation.header.authorship","EHDSLaboratoryObservation.header.authorship","","","",1,*,"","","","Base {[]} {[]}
","Authorship","Resource authoring details","","","","","","","","","",,,,,"",,,,"EHDSDataSet.header.authorship",1,*,"",""
"EHDSLaboratoryObservation.header.authorship.author[x]","EHDSLaboratoryObservation.header.authorship.author[x]","","","",1,1,"","","","https://www.xt-ehr.eu/specifications/fhir/StructureDefinition/EHDSHealthProfessional {[]} {[]}
https://www.xt-ehr.eu/specifications/fhir/StructureDefinition/EHDSOrganisation {[]} {[]}https://www.xt-ehr.eu/specifications/fhir/StructureDefinition/EHDSDevice {[]} {[]}","Author","Author(s) by whom the resource was/were authored. Multiple authors could be provided.","","","","","","","","","",,,,,"",,,,"EHDSDataSet.header.authorship.author[x]",1,1,"",""
"EHDSLaboratoryObservation.header.authorship.datetime","EHDSLaboratoryObservation.header.authorship.datetime","","","",1,1,"","","","dateTime {[]} {[]}
","Date and time of authoring/issuing","Date and time of the issuing the document/resource by its author.","","","","","","","","","",,,,,"",,,,"EHDSDataSet.header.authorship.datetime",1,1,"",""
"EHDSLaboratoryObservation.header.lastUpdate","EHDSLaboratoryObservation.header.lastUpdate","","","",0,1,"","","","dateTime {[]} {[]}
","Date and time of the last update to the resource","Date and time of the last update to the document/information","","","","","","","","","",,,,,"",,,,"EHDSDataSet.header.lastUpdate",0,1,"",""
"EHDSLaboratoryObservation.header.status","EHDSLaboratoryObservation.header.status","","","",1,1,"","","","CodeableConcept {[]} {[]}
","Status of the resource","Status of the resource","","","","","","","","","",,"preferred","HL7 Observation status","","",,,,"EHDSDataSet.header.status",1,1,"",""
"EHDSLaboratoryObservation.header.statusReason[x]","EHDSLaboratoryObservation.header.statusReason[x]","","","",0,1,"","","","CodeableConcept {[]} {[]}
string {[]} {[]}","Reason for the current status of the resource.","Reason for the current status of the resource.","","","","","","","","","",,,,,"",,,,"EHDSDataSet.header.statusReason[x]",0,1,"",""
"EHDSLaboratoryObservation.header.language","EHDSLaboratoryObservation.header.language","","","",0,1,"","","","CodeableConcept {[]} {[]}
","Language","Language in which the resource is written. Language is expressed by the IETF language tag.","","","","","","","","","",,"preferred","BCP 47","","",,,,"EHDSDataSet.header.language",0,1,"",""
"EHDSLaboratoryObservation.header.version","EHDSLaboratoryObservation.header.version","","","",0,1,"","","","string {[]} {[]}
","Version","Business version of the resource.","","","","","","","","","",,,,,"",,,,"EHDSDataSet.header.version",0,1,"",""
"EHDSLaboratoryObservation.presentedForm","EHDSLaboratoryObservation.presentedForm","","","",0,*,"","","","https://www.xt-ehr.eu/specifications/fhir/StructureDefinition/EHDSAttachment {[]} {[]}
","A narrative easy-to-read representation of the full data set, e.g. PDF-version of a document","A narrative easy-to-read representation of the full data set, e.g. PDF-version of a document","","","","","","","","","",,,,,"",,,,"EHDSDataSet.presentedForm",0,*,"",""
"EHDSLaboratoryObservation.subject","EHDSLaboratoryObservation.subject","","","",1,1,"","","","Reference {[]} {[CanonicalType[https://www.xt-ehr.eu/specifications/fhir/StructureDefinition/EHDSPatient], CanonicalType[https://www.xt-ehr.eu/specifications/fhir/StructureDefinition/EHDSLocation], CanonicalType[https://www.xt-ehr.eu/specifications/fhir/StructureDefinition/EHDSDevice], CanonicalType[https://www.xt-ehr.eu/specifications/fhir/StructureDefinition/EHDSOrganisation], CanonicalType[https://www.xt-ehr.eu/specifications/fhir/StructureDefinition/EHDSHealthProfessional], CanonicalType[https://www.xt-ehr.eu/specifications/fhir/StructureDefinition/EHDSProcedure]]}
","Subject","The patient, or group of patients, location, device, organisation, procedure or practitioner this observation is about.","","","","","","","","","",,,,,"",,,,"EHDSObservation.subject",1,1,"",""
"EHDSLaboratoryObservation.observationDate[x]","EHDSLaboratoryObservation.observationDate[x]","","","",1,1,"","","","dateTime {[]} {[]}
Period {[]} {[]}","Observation date","Clinically relevant time or time period for the observation.","","","","","","","","","",,,,,"",,,,"EHDSObservation.observationDate[x]",1,1,"",""
"EHDSLaboratoryObservation.observationCode","EHDSLaboratoryObservation.observationCode","","","",1,1,"","","","CodeableConcept {[]} {[]}
","Observation code","Code representing the observation using the agreed code systems.","","","","","","","","","",,"preferred","LOINC, NPU","","",,,,"EHDSObservation.observationCode",1,1,"",""
"EHDSLaboratoryObservation.observationOriginalName","EHDSLaboratoryObservation.observationOriginalName","","","",0,1,"","","","string {[]} {[]}
","Observation original name","Original (conventional) name of the observation ","","","","","","","","","",,,,,"",,,,"EHDSObservation.observationOriginalName",0,1,"",""
"EHDSLaboratoryObservation.observationMethod","EHDSLaboratoryObservation.observationMethod","","","",0,1,"","","","CodeableConcept {[]} {[]}
","Observation method","Observation method (measurement principle) to obtain the result.","","","","","","","","","",,"preferred","SNOMED CT","","",,,,"EHDSObservation.observationMethod",0,1,"",""
"EHDSLaboratoryObservation.order","EHDSLaboratoryObservation.order","","","",0,1,"","","","Reference {[]} {[CanonicalType[https://www.xt-ehr.eu/specifications/fhir/StructureDefinition/EHDSServiceRequest]]}
","Order","Identifies order and order placer this observation belongs to. ","","","","","","","","","",,,,,"",,,,"EHDSObservation.order",0,1,"",""
"EHDSLaboratoryObservation.performer","EHDSLaboratoryObservation.performer","","","",0,1,"","","","https://www.xt-ehr.eu/specifications/fhir/StructureDefinition/EHDSHealthProfessional {[]} {[]}
","Performer","Identifies the originator/author and provides provenance information about the source of the results data that may have not originated with the source of the whole Laboratory Report document. ","","","","","","","","","",,,,,"",,,,"EHDSObservation.performer",0,1,"",""
"EHDSLaboratoryObservation.reporter","EHDSLaboratoryObservation.reporter","","","",0,1,"","","","https://www.xt-ehr.eu/specifications/fhir/StructureDefinition/EHDSHealthProfessional {[]} {[]}
","Reporter","With certain observation results, e.g. there may also be an interpreter or a person responsible for validation.","","","","","","","","","",,,,,"",,,,"EHDSObservation.reporter",0,1,"",""
"EHDSLaboratoryObservation.observationResult","EHDSLaboratoryObservation.observationResult","","","",1,1,"","","","Base {[]} {[]}
","Observation result","Result of the observation including text, numeric and coded results of the measurement and measurement uncertainty. Content of the observation result will vary according to the type of the observation.","","","","","","","","","",,,,,"",,,,"EHDSObservation.observationResult",1,1,"",""
"EHDSLaboratoryObservation.observationResult.textualResult","EHDSLaboratoryObservation.observationResult.textualResult","","","",0,1,"","","","string {[]} {[]}
","Textual Result","Narrative text result","","","","","","","","","",,,,,"",,,,"EHDSObservation.observationResult.textualResult",0,1,"",""
"EHDSLaboratoryObservation.observationResult.numericResult","EHDSLaboratoryObservation.observationResult.numericResult","","","",0,1,"","","","Base {[]} {[]}
","Numeric Result","A numeric value or interval (open or closed) of the result, result units of the measurement should be provided Measurement uncertainty interval are provided if needed.","","","","","","","","","",,,,,"",,,,"EHDSObservation.observationResult.numericResult",0,1,"",""
"EHDSLaboratoryObservation.observationResult.numericResult.numericValue[x]","EHDSLaboratoryObservation.observationResult.numericResult.numericValue[x]","","","",0,1,"","","","Quantity {[]} {[]}
Range {[]} {[]}","Numeric value","A numeric value or interval (open or closed) of the result","","","","","","","","","",,,,,"",,,,"EHDSObservation.observationResult.numericResult.numericValue[x]",0,1,"",""
"EHDSLaboratoryObservation.observationResult.numericResult.units","EHDSLaboratoryObservation.observationResult.numericResult.units","","","",0,1,"","","","CodeableConcept {[]} {[]}
","Units","Result units of the measurement","","","","","","","","","",,"preferred","UCUM","","",,,,"EHDSObservation.observationResult.numericResult.units",0,1,"",""
"EHDSLaboratoryObservation.observationResult.numericResult.uncertainty","EHDSLaboratoryObservation.observationResult.numericResult.uncertainty","","","",0,1,"","","","Base {[]} {[]}
","Uncertainty","Measurement uncertainty type and interval should be provided if needed.","","","","","","","","","",,,,,"",,,,"EHDSObservation.observationResult.numericResult.uncertainty",0,1,"",""
"EHDSLaboratoryObservation.observationResult.codedResult","EHDSLaboratoryObservation.observationResult.codedResult","","","",0,1,"","","","CodeableConcept {[]} {[]}
","Coded Result","A coded result from a selected coding system(s). This could be a code describing bacteria or other microorganism identified, description of urinary concernment, code explaining technical reason why the test could not be done etc.","","","","","","","","","",,"preferred","SNOMED CT","","",,,,"EHDSObservation.observationResult.codedResult",0,1,"",""
"EHDSLaboratoryObservation.dataAbsentReason","EHDSLaboratoryObservation.dataAbsentReason","","","",0,1,"","","","CodeableConcept {[]} {[]}
","dataAbsentReason","Provides a reason why the expected value in the element Observation.value[x] is missing.","","","","","","","","","",,"preferred","HL7 Data absent reason","","",,,,"EHDSObservation.dataAbsentReason",0,1,"",""
"EHDSLaboratoryObservation.referenceRange","EHDSLaboratoryObservation.referenceRange","","","",0,*,"","","","Base {[]} {[]}
","Reference range","Reference range, multiple reference ranges of different types culd by providedProvides guide for interpretation of result. Reference ranges are usually implied only for a numeric scale type. Use of the same units for reference range and value is implied.","","","","","","","","","",,,,,"",,,,"EHDSObservation.referenceRange",0,*,"",""
"EHDSLaboratoryObservation.observationInterpretation","EHDSLaboratoryObservation.observationInterpretation","","","",0,*,"","","","CodeableConcept {[]} {[]}
","Observation interpretation","Information about reference intervals and result interpretation.","","","","","","","","","",,"preferred","SNOMED CT, HL7 ObservationInterpretation","","",,,,"EHDSObservation.observationInterpretation",0,*,"",""
"EHDSLaboratoryObservation.triggeredBy","EHDSLaboratoryObservation.triggeredBy","","","",0,*,"","","","Reference {[]} {[CanonicalType[https://www.xt-ehr.eu/specifications/fhir/StructureDefinition/EHDSLaboratoryObservation], CanonicalType[https://www.xt-ehr.eu/specifications/fhir/StructureDefinition/EHDSObservation]]}
","Triggered by","Identifies the observation(s) that triggered the performance of this observation.","","","","","","","","","",,,,,"",,,,"EHDSObservation.triggeredBy",0,*,"",""
"EHDSLaboratoryObservation.hasMember","EHDSLaboratoryObservation.hasMember","","","",0,*,"","","","Reference {[]} {[CanonicalType[https://www.xt-ehr.eu/specifications/fhir/StructureDefinition/EHDSLaboratoryObservation], CanonicalType[https://www.xt-ehr.eu/specifications/fhir/StructureDefinition/EHDSObservation]]}
","Has member","This observation is a group observation (e.g. a battery, a panel of tests, a set of vital sign measurements) that includes the target as a member of the group.","","","","","","","","","",,,,,"",,,,"EHDSObservation.hasMember",0,*,"",""
"EHDSLaboratoryObservation.resultDescription","EHDSLaboratoryObservation.resultDescription","","","",0,1,"","","","string {[]} {[]}
","Result description","Comments and narrative representation of the observation result and findings.","","","","","","","","","",,,,,"",,,,"EHDSObservation.resultDescription",0,1,"",""
"EHDSLaboratoryObservation.anatomicLocation","EHDSLaboratoryObservation.anatomicLocation","","","",0,1,"","","","CodeableConcept {[]} {[]}
","Anatomic location","Anatomic location and laterality where the observation should be or was performed.","","","","","","","","","",,"preferred","SNOMED CT","","",,,,"EHDSObservation.anatomicLocation",0,1,"",""
"EHDSLaboratoryObservation.component","EHDSLaboratoryObservation.component","","","",0,*,"","","","Base {[]} {[]}
","Component","Some observations have multiple component observations. These component observations are expressed as separate code value pairs that share the same attributes.","","","","","","","","","",,,,,"",,,,"EHDSObservation.component",0,*,"",""
"EHDSLaboratoryObservation.component.code","EHDSLaboratoryObservation.component.code","","","",1,1,"","","","CodeableConcept {[]} {[]}
","Code","Code representing the observation using the agreed code systems.","","","","","","","","","",,"preferred","LOINC, NPU, SNOMED CT","","",,,,"EHDSObservation.component.code",1,1,"",""
"EHDSLaboratoryObservation.component.textualResult","EHDSLaboratoryObservation.component.textualResult","","","",0,1,"","","","string {[]} {[]}
","Textual Result","Narrative text result","","","","","","","","","",,,,,"",,,,"EHDSObservation.component.textualResult",0,1,"",""
"EHDSLaboratoryObservation.component.numericResult","EHDSLaboratoryObservation.component.numericResult","","","",0,1,"","","","Base {[]} {[]}
","Numeric Result","A numeric value or interval (open or closed) of the result, result units of the measurement should be provided Measurement uncertainty interval are provided if needed.","","","","","","","","","",,,,,"",,,,"EHDSObservation.component.numericResult",0,1,"",""
"EHDSLaboratoryObservation.component.numericResult.numericValue[x]","EHDSLaboratoryObservation.component.numericResult.numericValue[x]","","","",0,1,"","","","Quantity {[]} {[]}
Range {[]} {[]}","Numeric value","A numeric value or interval (open or closed) of the result","","","","","","","","","",,,,,"",,,,"EHDSObservation.component.numericResult.numericValue[x]",0,1,"",""
"EHDSLaboratoryObservation.component.numericResult.units","EHDSLaboratoryObservation.component.numericResult.units","","","",0,1,"","","","CodeableConcept {[]} {[]}
","Units","Result units of the measurement","","","","","","","","","",,"preferred","UCUM","","",,,,"EHDSObservation.component.numericResult.units",0,1,"",""
"EHDSLaboratoryObservation.component.numericResult.uncertainty","EHDSLaboratoryObservation.component.numericResult.uncertainty","","","",0,1,"","","","Base {[]} {[]}
","Uncertainty","Measurement uncertainty type and interval should be provided if needed.","","","","","","","","","",,,,,"",,,,"EHDSObservation.component.numericResult.uncertainty",0,1,"",""
"EHDSLaboratoryObservation.component.codedResult","EHDSLaboratoryObservation.component.codedResult","","","",0,1,"","","","CodeableConcept {[]} {[]}
","Coded Result","A coded result from a selected coding system(s). This could be a code describing bacteria or other microorganism identified, description of urinary concernment, code explaining technical reason why the test could not be done etc.","","","","","","","","","",,"preferred","SNOMED CT","","",,,,"EHDSObservation.component.codedResult",0,1,"",""
"EHDSLaboratoryObservation.component.dataAbsentReason","EHDSLaboratoryObservation.component.dataAbsentReason","","","",0,1,"","","","CodeableConcept {[]} {[]}
","dataAbsentReason","Provides a reason why the expected value in the element Observation.value[x] is missing.","","","","","","","","","",,"preferred","HL7 Data absent reason","","",,,,"EHDSObservation.component.dataAbsentReason",0,1,"",""
"EHDSLaboratoryObservation.component.referenceRange","EHDSLaboratoryObservation.component.referenceRange","","","",0,*,"","","","Base {[]} {[]}
","Reference range","Reference range, multiple reference ranges of different types culd by providedProvides guide for interpretation of result. Reference ranges are usually implied only for a numeric scale type. Use of the same units for reference range and value is implied.","","","","","","","","","",,,,,"",,,,"EHDSObservation.component.referenceRange",0,*,"",""
"EHDSLaboratoryObservation.component.observationInterpretation","EHDSLaboratoryObservation.component.observationInterpretation","","","",0,*,"","","","CodeableConcept {[]} {[]}
","Observation interpretation","Information about reference intervals and result interpretation.","","","","","","","","","",,"preferred","SNOMED CT, HL7 ObservationInterpretation","","",,,,"EHDSObservation.component.observationInterpretation",0,*,"",""
"EHDSLaboratoryObservation.derivedFrom","EHDSLaboratoryObservation.derivedFrom","","","",0,*,"","","","Reference {[]} {[CanonicalType[https://www.xt-ehr.eu/specifications/fhir/StructureDefinition/EHDSObservation], CanonicalType[https://www.xt-ehr.eu/specifications/fhir/StructureDefinition/EHDSLaboratoryObservation], CanonicalType[https://www.xt-ehr.eu/specifications/fhir/StructureDefinition/EHDSImagingStudy]]}
","Derived from","Related resource from which the observation has been made. For example, a calculated anion gap or a fetal measurement based on an ultrasound image.","","","","","","","","","",,,,,"",,,,"EHDSObservation.derivedFrom",0,*,"",""
"EHDSLaboratoryObservation.testKit","EHDSLaboratoryObservation.testKit","","","",0,1,"","","","https://www.xt-ehr.eu/specifications/fhir/StructureDefinition/EHDSDevice {[]} {[]}
","Test kit","Laboratory test kit used during measurement.","","","","","","","","","",,,,,"",,,,"EHDSLaboratoryObservation.testKit",0,1,"",""
"EHDSLaboratoryObservation.calibrator","EHDSLaboratoryObservation.calibrator","","","",0,1,"","","","Identifier {[]} {[]}
","Calibrator","Information about which end-user calibrator the laboratory used for the measurement to indicate the metrological traceability chain. ","","","","","","","","","",,,,,"",,,,"EHDSLaboratoryObservation.calibrator",0,1,"",""
"EHDSLaboratoryObservation.accreditationStatus","EHDSLaboratoryObservation.accreditationStatus","","","",0,1,"","","","CodeableConcept {[]} {[]}
","Accreditation status","Accreditation status of the laboratory for the particular observation.","","","","","","","","","",,"preferred","Code system to be specified","","",,,,"EHDSLaboratoryObservation.accreditationStatus",0,1,"",""
"EHDSLaboratoryObservation.previousResults","EHDSLaboratoryObservation.previousResults","","","",0,*,"","","","https://www.xt-ehr.eu/specifications/fhir/StructureDefinition/EHDSLaboratoryObservation {[]} {[]}
","Previous results","Previous results of the same observation","","","","","","","","","",,,,,"",,,,"EHDSLaboratoryObservation.previousResults",0,*,"",""
