"Id","Path","Slice Name","Alias(s)","Label","Min","Max","Must Support?","Is Modifier?","Is Summary?","Type(s)","Short","Definition","Comments","Requirements","Default Value","Meaning When Missing","Fixed Value","Pattern","Example","Minimum Value","Maximum Value","Maximum Length","Binding Strength","Binding Description","Binding Value Set","Code","Slicing Discriminator","Slicing Description","Slicing Ordered","Slicing Rules","Base Path","Base Min","Base Max","Condition(s)","Constraint(s)","Mapping: RIM Mapping"
"EHDSAlert","EHDSAlert","","","",0,*,"","","","null {[]} {[]}
","Alert model","Alert flag","","","","","","","","","",,,,,"",,,,"Base",0,*,"","","n/a"
"EHDSAlert.header","EHDSAlert.header","","","",1,1,"","","","Base {[]} {[]}
","Common header for all patient-related data","Common header for all patient-related data","","","","","","","","","",,,,,"",,,,"EHDSDataSet.header",1,1,"",""
"EHDSAlert.header.subject","EHDSAlert.header.subject","","","",1,1,"","","","http://www.xt-ehr.eu/fhir/models/StructureDefinition/EHDSPatient {[]} {[]}
","Patient/subject information","Patient/subject information","","","","","","","","","",,,,,"",,,,"EHDSDataSet.header.subject",1,1,"",""
"EHDSAlert.header.identifier","EHDSAlert.header.identifier","","","",0,*,"","","","Identifier {[]} {[]}
","Business identifier for the object","Business identifier for the object","","","","","","","","","",,,,,"",,,,"EHDSDataSet.header.identifier",0,*,"",""
"EHDSAlert.header.authorship","EHDSAlert.header.authorship","","","",1,*,"","","","Base {[]} {[]}
","Resource authoring details","Resource authoring details","","","","","","","","","",,,,,"",,,,"EHDSDataSet.header.authorship",1,*,"",""
"EHDSAlert.header.authorship.author[x]","EHDSAlert.header.authorship.author[x]","","","",1,1,"","","","http://www.xt-ehr.eu/fhir/models/StructureDefinition/EHDSHealthProfessional {[]} {[]}
http://www.xt-ehr.eu/fhir/models/StructureDefinition/EHDSOrganisation {[]} {[]}http://www.xt-ehr.eu/fhir/models/StructureDefinition/EHDSDevice {[]} {[]}","Author(s) by whom the resource was/were authored. Multiple authors could be provided.","Author(s) by whom the resource was/were authored. Multiple authors could be provided.","","","","","","","","","",,,,,"",,,,"EHDSDataSet.header.authorship.author[x]",1,1,"",""
"EHDSAlert.header.authorship.datetime","EHDSAlert.header.authorship.datetime","","","",1,1,"","","","dateTime {[]} {[]}
","Date and time of authoring/issuing","Date and time of authoring/issuing","","","","","","","","","",,,,,"",,,,"EHDSDataSet.header.authorship.datetime",1,1,"",""
"EHDSAlert.header.lastUpdate","EHDSAlert.header.lastUpdate","","","",0,1,"","","","dateTime {[]} {[]}
","Date and time of the last update to the resource (may be used for technical corrections).","Date and time of the last update to the resource (may be used for technical corrections).","","","","","","","","","",,,,,"",,,,"EHDSDataSet.header.lastUpdate",0,1,"",""
"EHDSAlert.header.status","EHDSAlert.header.status","","","",1,1,"","","","CodeableConcept {[]} {[]}
","Status of the resource or document","Status of the resource or document","","","","","","","","","",,,,,"",,,,"EHDSDataSet.header.status",1,1,"",""
"EHDSAlert.header.statusReason[x]","EHDSAlert.header.statusReason[x]","","","",0,1,"","","","CodeableConcept {[]} {[]}
string {[]} {[]}","Reason for the current status of the resource.","Reason for the current status of the resource.","","","","","","","","","",,,,,"",,,,"EHDSDataSet.header.statusReason[x]",0,1,"",""
"EHDSAlert.header.language","EHDSAlert.header.language","","","",0,1,"","","","CodeableConcept {[]} {[]}
","Language in which the resource is written. Language is expressed by the IETF language tag.","Language in which the resource is written. Language is expressed by the IETF language tag.","","","","","","","","","",,"preferred","BCP 47","","",,,,"EHDSDataSet.header.language",0,1,"",""
"EHDSAlert.text","EHDSAlert.text","","","",0,1,"","","","string {[]} {[]}
","Text","A human-readable narrative that contains a summary of the flag and can be used to represent the content of the resource to a human. The narrative need not encode all the structured data, but is required to contain sufficient detail to make it \""clinically safe\"" for a human to just read the narrative.
Example 1: intolerance to aspirin due to gastrointestinal bleeding.
Example 2: intolerance to captopril because of cough (the patient is not allergic but can't tolerate it because of persistent cough)
Example 3: the patient has a rare disease that requires special treatment
Example 4: Airway Alert / Difficult Intubation
Example 5: Diagnoses such as malignant hyperthermia, porphyria, and bleeding disorders; special treatments like anticoagulants or immunosuppressants; implanted devices.
Example 6: transplanted organs illustrate other information that has to be taken into account in a healthcare contact.
Example 7: participation in a clinical trial that has to be taken into account in a healthcare contact.","","","","","","","","","",,,,,"",,,,"EHDSAlert.text",0,1,"",""
"EHDSAlert.priority","EHDSAlert.priority","","","",0,*,"","","","CodeableConcept {[]} {[]}
","Priority","A code that identifies the priority of the alert.","","","","","","","","","",,"preferred","hl7:Flag-priority-code","","",,,,"EHDSAlert.priority",0,*,"",""
"EHDSAlert.status","EHDSAlert.status","","","",0,1,"","","","CodeableConcept {[]} {[]}
","Status","Current status of the flag, Indicates whether this flag is active and needs to be displayed to a user, or whether it is no longer needed or was entered in error.","","","","","","","","","",,"preferred","hl7:Flag-status","","",,,,"EHDSAlert.status",0,1,"",""
"EHDSAlert.code","EHDSAlert.code","","","",1,1,"","","","CodeableConcept {[]} {[]}
","Code","A coded or textual representation of the flag.","","","","","","","","","",,"preferred","SNOMED CT","","",,,,"EHDSAlert.code",1,1,"",""
"EHDSAlert.period","EHDSAlert.period","","","",0,1,"","","","Period {[]} {[]}
","Period","Time period when flag is active. The period of time from the activation of the flag to inactivation of the flag. If the flag is active, the end of the period should be unspecified.","","","","","","","","","",,,,,"",,,,"EHDSAlert.period",0,1,"",""
