{
  "resourceType" : "ImplementationGuide",
  "id" : "hl7.eu.fhir.xt-ehr.common",
  "text" : {
    "status" : "generated",
    "div" : "<div xmlns=\"http://www.w3.org/1999/xhtml\"><p class=\"res-header-id\"><b>Generated Narrative: ImplementationGuide hl7.eu.fhir.xt-ehr.common</b></p><a name=\"hl7.eu.fhir.xt-ehr.common\"> </a><a name=\"hchl7.eu.fhir.xt-ehr.common\"> </a><a name=\"hl7.eu.fhir.xt-ehr.common-en-US\"> </a><h2>XtEHR</h2><p>The official URL for this implementation guide is: </p><pre>https://www.xt-ehr.eu/specifications/fhir/ImplementationGuide/hl7.eu.fhir.xt-ehr.common</pre><div><p>Xt-EHR</p>\n</div></div>"
  },
  "url" : "https://www.xt-ehr.eu/specifications/fhir/ImplementationGuide/hl7.eu.fhir.xt-ehr.common",
  "version" : "0.1.0",
  "name" : "XtEHR",
  "title" : "Xt-EHR",
  "status" : "draft",
  "date" : "2024-10-31T13:57:44+00:00",
  "publisher" : "Xt-EHR",
  "contact" : [{
    "name" : "Xt-EHR",
    "telecom" : [{
      "system" : "url",
      "value" : "http://Xt-EHR.eu"
    }]
  }],
  "description" : "Xt-EHR",
  "packageId" : "hl7.eu.fhir.xt-ehr.common",
  "license" : "CC0-1.0",
  "fhirVersion" : ["5.0.0"],
  "dependsOn" : [{
    "id" : "hl7tx",
    "extension" : [{
      "url" : "http://hl7.org/fhir/tools/StructureDefinition/implementationguide-dependency-comment",
      "valueMarkdown" : "Automatically added as a dependency - all IGs depend on HL7 Terminology"
    }],
    "uri" : "http://terminology.hl7.org/ImplementationGuide/hl7.terminology",
    "packageId" : "hl7.terminology.r5",
    "version" : "6.0.2"
  },
  {
    "id" : "hl7ext",
    "extension" : [{
      "url" : "http://hl7.org/fhir/tools/StructureDefinition/implementationguide-dependency-comment",
      "valueMarkdown" : "Automatically added as a dependency - all IGs depend on the HL7 Extension Pack"
    }],
    "uri" : "http://hl7.org/fhir/extensions/ImplementationGuide/hl7.fhir.uv.extensions",
    "packageId" : "hl7.fhir.uv.extensions.r5",
    "version" : "5.1.0"
  }],
  "definition" : {
    "extension" : [{
      "url" : "http://hl7.org/fhir/tools/StructureDefinition/ig-internal-dependency",
      "valueCode" : "hl7.fhir.uv.tools#0.2.0"
    }],
    "grouping" : [{
      "id" : "EHDSCommonLogicalModels",
      "name" : "EHDS Common Logical Models",
      "description" : "Information Models for implementing EEHRxF services under EHDS. Format based on ISO 13972 \"Health informatics — Clinical information models — Characteristics, structures and requirements.\""
    },
    {
      "id" : "EHDSPrescriptionDispenseLogicalModels",
      "name" : "EHDS ePrescription and eDispense Logical Models",
      "description" : "Information Models for implementing EEHRxF services for medication prescription and dispense services."
    },
    {
      "id" : "EHDSLaboratoryLogicalModels",
      "name" : "EHDS Laboratory Domain Logical Models",
      "description" : "Information Models for implementing EEHRxF services in the laboratory domain under EHDS. Format based on ISO 13972 \"Health informatics — Clinical information models — Characteristics, structures and requirements.\""
    },
    {
      "id" : "EHDSImagingLogicalModels",
      "name" : "EHDS Imaging Domain Logical Models",
      "description" : "Information Models for implementing EEHRxF services in the imaging domain under EHDS. Format based on ISO 13972 \"Health informatics — Clinical information models — Characteristics, structures and requirements.\""
    },
    {
      "id" : "eHNDataSets",
      "name" : "eHN Guidelines Data Sets",
      "description" : "Data sets from eHealth Network guidelines. eHN data sets do not have information about cardinalities."
    }],
    "resource" : [{
      "extension" : [{
        "url" : "http://hl7.org/fhir/tools/StructureDefinition/resource-information",
        "valueString" : "StructureDefinition:logical"
      }],
      "reference" : {
        "reference" : "StructureDefinition/EHDSAddress"
      },
      "name" : "Address (model)",
      "description" : "C.5 - EHDS refined base model for Address structure",
      "isExample" : false,
      "groupingId" : "EHDSCommonLogicalModels"
    },
    {
      "extension" : [{
        "url" : "http://hl7.org/fhir/tools/StructureDefinition/resource-information",
        "valueString" : "StructureDefinition:logical"
      }],
      "reference" : {
        "reference" : "StructureDefinition/EHDSAllergyIntolerance"
      },
      "name" : "Allergy Intolerance",
      "description" : "C.21 - EHDS refined base model for Allergy Intolerance",
      "isExample" : false,
      "groupingId" : "EHDSCommonLogicalModels"
    },
    {
      "extension" : [{
        "url" : "http://hl7.org/fhir/tools/StructureDefinition/resource-information",
        "valueString" : "StructureDefinition:complex-type"
      }],
      "reference" : {
        "reference" : "StructureDefinition/ANY"
      },
      "name" : "ANY",
      "description" : "An abstract type",
      "isExample" : false
    },
    {
      "extension" : [{
        "url" : "http://hl7.org/fhir/tools/StructureDefinition/resource-information",
        "valueString" : "StructureDefinition:logical"
      }],
      "reference" : {
        "reference" : "StructureDefinition/EHDSAppointment"
      },
      "name" : "Appointment (model)",
      "description" : "C.20 - EHDS refined base model for Appointment",
      "isExample" : false,
      "groupingId" : "EHDSCommonLogicalModels"
    },
    {
      "extension" : [{
        "url" : "http://hl7.org/fhir/tools/StructureDefinition/resource-information",
        "valueString" : "StructureDefinition:logical"
      }],
      "reference" : {
        "reference" : "StructureDefinition/EHDSAttachments"
      },
      "name" : "Attachements",
      "description" : "D.1 - EHDS refined base model for Document attachments",
      "isExample" : false
    },
    {
      "extension" : [{
        "url" : "http://hl7.org/fhir/tools/StructureDefinition/resource-information",
        "valueString" : "StructureDefinition:logical"
      }],
      "reference" : {
        "reference" : "StructureDefinition/EHDSAttachment"
      },
      "name" : "Attachment (model)",
      "description" : "C.7 - EHDS refined base model for This type is for containing or referencing attachments - additional data content defined in other formats. The most common use of this type is to include images or reports in some report format such as PDF. However, it can be used for any data that has a MIME type.",
      "isExample" : false,
      "groupingId" : "EHDSCommonLogicalModels"
    },
    {
      "extension" : [{
        "url" : "http://hl7.org/fhir/tools/StructureDefinition/resource-information",
        "valueString" : "StructureDefinition:logical"
      }],
      "reference" : {
        "reference" : "StructureDefinition/EHDSCarePlan"
      },
      "name" : "Care plan (model)",
      "description" : "C.19 - EHDS refined base model for Care plan",
      "isExample" : false,
      "groupingId" : "EHDSCommonLogicalModels"
    },
    {
      "extension" : [{
        "url" : "http://hl7.org/fhir/tools/StructureDefinition/resource-information",
        "valueString" : "StructureDefinition:complex-type"
      }],
      "reference" : {
        "reference" : "StructureDefinition/Coded"
      },
      "name" : "Coded",
      "description" : "Coded data element",
      "isExample" : false
    },
    {
      "extension" : [{
        "url" : "http://hl7.org/fhir/tools/StructureDefinition/resource-information",
        "valueString" : "StructureDefinition:logical"
      }],
      "reference" : {
        "reference" : "StructureDefinition/EHDSCondition"
      },
      "name" : "Condition (model)",
      "description" : "C.15 - EHDS refined base model for A clinical condition, problem, diagnosis, or other event, situation, issue, or clinical concept that has risen to a level of concern.",
      "isExample" : false,
      "groupingId" : "EHDSCommonLogicalModels"
    },
    {
      "extension" : [{
        "url" : "http://hl7.org/fhir/tools/StructureDefinition/resource-information",
        "valueString" : "StructureDefinition:logical"
      }],
      "reference" : {
        "reference" : "StructureDefinition/EHDSDevice"
      },
      "name" : "Device (model)",
      "description" : "C.12 - EHDS refined base model for Device information",
      "isExample" : false,
      "groupingId" : "EHDSCommonLogicalModels"
    },
    {
      "extension" : [{
        "url" : "http://hl7.org/fhir/tools/StructureDefinition/resource-information",
        "valueString" : "StructureDefinition:logical"
      }],
      "reference" : {
        "reference" : "StructureDefinition/EHDSDosaging"
      },
      "name" : "Dosaging (model)",
      "description" : "Logical model for usage instructions for administring the requested product. Based on FHIR Dosage complex data type. When implemented, this model may be reduced significantly according to the specific use case.",
      "isExample" : false,
      "groupingId" : "EHDSPrescriptionDispenseLogicalModels"
    },
    {
      "extension" : [{
        "url" : "http://hl7.org/fhir/tools/StructureDefinition/resource-information",
        "valueString" : "StructureDefinition:logical"
      }],
      "reference" : {
        "reference" : "StructureDefinition/EHNDocumentMetadata"
      },
      "name" : "eHN Document Metadata",
      "description" : "eHN Dataset for Document Metadata",
      "isExample" : false,
      "groupingId" : "eHNDataSets"
    },
    {
      "extension" : [{
        "url" : "http://hl7.org/fhir/tools/StructureDefinition/resource-information",
        "valueString" : "StructureDefinition:logical"
      }],
      "reference" : {
        "reference" : "StructureDefinition/EHNHealthProfessional"
      },
      "name" : "eHN Health Professional",
      "description" : "eHN Dataset for identification of the health professional",
      "isExample" : false,
      "groupingId" : "eHNDataSets"
    },
    {
      "extension" : [{
        "url" : "http://hl7.org/fhir/tools/StructureDefinition/resource-information",
        "valueString" : "StructureDefinition:logical"
      }],
      "reference" : {
        "reference" : "StructureDefinition/EHNOrganizationModel"
      },
      "name" : "eHN HP Organisation",
      "description" : "eHN Dataset for health professional organisation",
      "isExample" : false,
      "groupingId" : "eHNDataSets"
    },
    {
      "extension" : [{
        "url" : "http://hl7.org/fhir/tools/StructureDefinition/resource-information",
        "valueString" : "StructureDefinition:logical"
      }],
      "reference" : {
        "reference" : "StructureDefinition/EHNMedication"
      },
      "name" : "eHN Medication",
      "description" : "eHN Dataset for medication",
      "isExample" : false,
      "groupingId" : "eHNDataSets"
    },
    {
      "extension" : [{
        "url" : "http://hl7.org/fhir/tools/StructureDefinition/resource-information",
        "valueString" : "StructureDefinition:logical"
      }],
      "reference" : {
        "reference" : "StructureDefinition/EHNMedicationPrescription"
      },
      "name" : "eHN Medication Prescription",
      "description" : "eHN Dataset for medication prescription",
      "isExample" : false,
      "groupingId" : "eHNDataSets"
    },
    {
      "extension" : [{
        "url" : "http://hl7.org/fhir/tools/StructureDefinition/resource-information",
        "valueString" : "StructureDefinition:logical"
      }],
      "reference" : {
        "reference" : "StructureDefinition/EHNPatient"
      },
      "name" : "eHN Patient",
      "description" : "eHN Dataset for identification of the patient/subject",
      "isExample" : false,
      "groupingId" : "eHNDataSets"
    },
    {
      "extension" : [{
        "url" : "http://hl7.org/fhir/tools/StructureDefinition/resource-information",
        "valueString" : "StructureDefinition:logical"
      }],
      "reference" : {
        "reference" : "StructureDefinition/EHDSGoal"
      },
      "name" : "Goal (model)",
      "description" : "C.XX - EHDS refined base model for Goal",
      "isExample" : false,
      "groupingId" : "EHDSCommonLogicalModels"
    },
    {
      "extension" : [{
        "url" : "http://hl7.org/fhir/tools/StructureDefinition/resource-information",
        "valueString" : "StructureDefinition:logical"
      }],
      "reference" : {
        "reference" : "StructureDefinition/EHDSGroup"
      },
      "name" : "Group (model)",
      "description" : "C. - EHDS refined base model for Group",
      "isExample" : false,
      "groupingId" : "EHDSCommonLogicalModels"
    },
    {
      "extension" : [{
        "url" : "http://hl7.org/fhir/tools/StructureDefinition/resource-information",
        "valueString" : "StructureDefinition:logical"
      }],
      "reference" : {
        "reference" : "StructureDefinition/EHDSHealthProfessional"
      },
      "name" : "Health professional (model)",
      "description" : "C.2 - EHDS refined base model for Health professional. The model is designed for identifying the HP as an author of a clinical document. It is not designed for modelling a registry of health professionals.",
      "isExample" : false,
      "groupingId" : "EHDSCommonLogicalModels"
    },
    {
      "extension" : [{
        "url" : "http://hl7.org/fhir/tools/StructureDefinition/resource-information",
        "valueString" : "StructureDefinition:logical"
      }],
      "reference" : {
        "reference" : "StructureDefinition/EHDSImgCondition"
      },
      "name" : "Imaging Condition (model)",
      "description" : "C.XX - EHDS refined base model for a clinical condition, problem, diagnosis, or other event, situation, issue, or clinical concept that has risen to a level of concern.",
      "isExample" : false,
      "groupingId" : "EHDSCommonLogicalModels"
    },
    {
      "extension" : [{
        "url" : "http://hl7.org/fhir/tools/StructureDefinition/resource-information",
        "valueString" : "StructureDefinition:logical"
      }],
      "reference" : {
        "reference" : "StructureDefinition/EHDSImagingReport"
      },
      "name" : "Imaging Report (model)",
      "description" : "A - EHDS refined base model for Imaging Result Report",
      "isExample" : false,
      "groupingId" : "EHDSImagingLogicalModels"
    },
    {
      "extension" : [{
        "url" : "http://hl7.org/fhir/tools/StructureDefinition/resource-information",
        "valueString" : "StructureDefinition:logical"
      }],
      "reference" : {
        "reference" : "StructureDefinition/EHDSImagingReportBody"
      },
      "name" : "Imaging Report body",
      "description" : "B.1 - EHDS refined base model for Imaging report body",
      "isExample" : false,
      "groupingId" : "EHDSImagingLogicalModels"
    },
    {
      "extension" : [{
        "url" : "http://hl7.org/fhir/tools/StructureDefinition/resource-information",
        "valueString" : "StructureDefinition:logical"
      }],
      "reference" : {
        "reference" : "StructureDefinition/EHDSImagingReportHeader"
      },
      "name" : "Imging Report header (model)",
      "description" : "A.1 - EHDS refined base model for Imaging Report header data elements",
      "isExample" : false,
      "groupingId" : "EHDSImagingLogicalModels"
    },
    {
      "extension" : [{
        "url" : "http://hl7.org/fhir/tools/StructureDefinition/resource-information",
        "valueString" : "StructureDefinition:logical"
      }],
      "reference" : {
        "reference" : "StructureDefinition/EHDSLaboratoryObservation"
      },
      "name" : "Laboratory observation (model)",
      "description" : "C.11 - EHDS refined base model for Observation performed by laboratory",
      "isExample" : false,
      "groupingId" : "EHDSLaboratoryLogicalModels"
    },
    {
      "extension" : [{
        "url" : "http://hl7.org/fhir/tools/StructureDefinition/resource-information",
        "valueString" : "StructureDefinition:logical"
      }],
      "reference" : {
        "reference" : "StructureDefinition/EHDSLaboratoryReport"
      },
      "name" : "Laboratory Report (model)",
      "description" : "A - EHDS refined base model for Laboratory Result Report",
      "isExample" : false,
      "groupingId" : "EHDSLaboratoryLogicalModels"
    },
    {
      "extension" : [{
        "url" : "http://hl7.org/fhir/tools/StructureDefinition/resource-information",
        "valueString" : "StructureDefinition:logical"
      }],
      "reference" : {
        "reference" : "StructureDefinition/EHDSLaboratoryReportBody"
      },
      "name" : "Laboratory report body (model)",
      "description" : "B.1 - EEHRxF refined base model for Laboratory result report body",
      "isExample" : false,
      "groupingId" : "EHDSLaboratoryLogicalModels"
    },
    {
      "extension" : [{
        "url" : "http://hl7.org/fhir/tools/StructureDefinition/resource-information",
        "valueString" : "StructureDefinition:logical"
      }],
      "reference" : {
        "reference" : "StructureDefinition/EHDSLaboratoryReportHeader"
      },
      "name" : "Laboratory report header (model)",
      "description" : "A.1 - EHDS refined base model for Report header data elements",
      "isExample" : false,
      "groupingId" : "EHDSLaboratoryLogicalModels"
    },
    {
      "extension" : [{
        "url" : "http://hl7.org/fhir/tools/StructureDefinition/resource-information",
        "valueString" : "StructureDefinition:logical"
      }],
      "reference" : {
        "reference" : "StructureDefinition/EHDSLocation"
      },
      "name" : "Location (model)",
      "description" : "C.17 - EHDS refined base model for Details and position information for a place where services are provided and resources and participants may be stored, found, contained, or accommodated.",
      "isExample" : false,
      "groupingId" : "EHDSCommonLogicalModels"
    },
    {
      "extension" : [{
        "url" : "http://hl7.org/fhir/tools/StructureDefinition/resource-information",
        "valueString" : "StructureDefinition:logical"
      }],
      "reference" : {
        "reference" : "StructureDefinition/EHDSMedia"
      },
      "name" : "Media (model)",
      "description" : "C.14 - EHDS refined base model for A photo, video, or audio recording acquired or used in healthcare.",
      "isExample" : false,
      "groupingId" : "EHDSCommonLogicalModels"
    },
    {
      "extension" : [{
        "url" : "http://hl7.org/fhir/tools/StructureDefinition/resource-information",
        "valueString" : "StructureDefinition:logical"
      }],
      "reference" : {
        "reference" : "StructureDefinition/EHDSMedicationAdministration"
      },
      "name" : "Medication administration",
      "description" : "C.18 - EHDS refined base model for Medication administration",
      "isExample" : false,
      "groupingId" : "EHDSCommonLogicalModels"
    },
    {
      "extension" : [{
        "url" : "http://hl7.org/fhir/tools/StructureDefinition/resource-information",
        "valueString" : "StructureDefinition:logical"
      }],
      "reference" : {
        "reference" : "StructureDefinition/EHDSMedicationDispense"
      },
      "name" : "Medication Dispensation (model)",
      "description" : "Logical model for medication dispensation (based on request or independently)",
      "isExample" : false,
      "groupingId" : "EHDSPrescriptionDispenseLogicalModels"
    },
    {
      "extension" : [{
        "url" : "http://hl7.org/fhir/tools/StructureDefinition/resource-information",
        "valueString" : "StructureDefinition:logical"
      }],
      "reference" : {
        "reference" : "StructureDefinition/EHDSMedicationPrescription"
      },
      "name" : "Medication Prescription (model)",
      "description" : "Logical model for medication prescription. A prescription contains one or more prescription items.",
      "isExample" : false,
      "groupingId" : "EHDSPrescriptionDispenseLogicalModels"
    },
    {
      "extension" : [{
        "url" : "http://hl7.org/fhir/tools/StructureDefinition/resource-information",
        "valueString" : "StructureDefinition:logical"
      }],
      "reference" : {
        "reference" : "StructureDefinition/EHDSMedication"
      },
      "name" : "Medicinal product (model)",
      "description" : "Logical model for prescribed/dispensed medication. The model is shared by statements, requests, dispensations, and treatment lines. Each of those may have different restrictions in FHIR profile.",
      "isExample" : false,
      "groupingId" : "EHDSCommonLogicalModels"
    },
    {
      "extension" : [{
        "url" : "http://hl7.org/fhir/tools/StructureDefinition/resource-information",
        "valueString" : "StructureDefinition:logical"
      }],
      "reference" : {
        "reference" : "StructureDefinition/EHDSObservation"
      },
      "name" : "Observation (model)",
      "description" : "C.10 - EHDS refined base model for Observation information",
      "isExample" : false,
      "groupingId" : "EHDSCommonLogicalModels"
    },
    {
      "extension" : [{
        "url" : "http://hl7.org/fhir/tools/StructureDefinition/resource-information",
        "valueString" : "StructureDefinition:logical"
      }],
      "reference" : {
        "reference" : "StructureDefinition/EHDSOrganization"
      },
      "name" : "Organization (model)",
      "description" : "C.3 - EHDS refined base model for Health provider or any other type of organization",
      "isExample" : false,
      "groupingId" : "EHDSCommonLogicalModels"
    },
    {
      "extension" : [{
        "url" : "http://hl7.org/fhir/tools/StructureDefinition/resource-information",
        "valueString" : "StructureDefinition:logical"
      }],
      "reference" : {
        "reference" : "StructureDefinition/EHDSPatient"
      },
      "name" : "Patient (model)",
      "description" : "C.1 - EHDS refined base model for Patient/subject information",
      "isExample" : false,
      "groupingId" : "EHDSCommonLogicalModels"
    },
    {
      "extension" : [{
        "url" : "http://hl7.org/fhir/tools/StructureDefinition/resource-information",
        "valueString" : "StructureDefinition:logical"
      }],
      "reference" : {
        "reference" : "StructureDefinition/EHDSProcedure"
      },
      "name" : "Procedure (model)",
      "description" : "C.16 - EHDS refined base model for An action that is or was performed on or for a patient",
      "isExample" : false,
      "groupingId" : "EHDSCommonLogicalModels"
    },
    {
      "extension" : [{
        "url" : "http://hl7.org/fhir/tools/StructureDefinition/resource-information",
        "valueString" : "StructureDefinition:logical"
      }],
      "reference" : {
        "reference" : "StructureDefinition/EHDSRelatedPerson"
      },
      "name" : "Related person (model)",
      "description" : "C.13 - EHDS refined base model for Patient/subject guardian and other related person information",
      "isExample" : false,
      "groupingId" : "EHDSCommonLogicalModels"
    },
    {
      "extension" : [{
        "url" : "http://hl7.org/fhir/tools/StructureDefinition/resource-information",
        "valueString" : "StructureDefinition:logical"
      }],
      "reference" : {
        "reference" : "StructureDefinition/EHDSReportHeader"
      },
      "name" : "Report header",
      "description" : "EHDS refined base model for Report header data elements. Common for hospital discharge, laboratory and medical imaging reports.",
      "isExample" : false,
      "groupingId" : "EHDSCommonLogicalModels"
    },
    {
      "extension" : [{
        "url" : "http://hl7.org/fhir/tools/StructureDefinition/resource-information",
        "valueString" : "StructureDefinition:logical"
      }],
      "reference" : {
        "reference" : "StructureDefinition/EHDSServiceRequest"
      },
      "name" : "Service request (model)",
      "description" : "C.8 - EHDS refined base model for Specification of requested service or services",
      "isExample" : false,
      "groupingId" : "EHDSCommonLogicalModels"
    },
    {
      "extension" : [{
        "url" : "http://hl7.org/fhir/tools/StructureDefinition/resource-information",
        "valueString" : "StructureDefinition:logical"
      }],
      "reference" : {
        "reference" : "StructureDefinition/EHDSSlot"
      },
      "name" : "Slot (model)",
      "description" : "C.XX - EHDS refined base model for Slot",
      "isExample" : false,
      "groupingId" : "EHDSCommonLogicalModels"
    },
    {
      "extension" : [{
        "url" : "http://hl7.org/fhir/tools/StructureDefinition/resource-information",
        "valueString" : "StructureDefinition:logical"
      }],
      "reference" : {
        "reference" : "StructureDefinition/EHDSSpecimen"
      },
      "name" : "Specimen (model)",
      "description" : "C.9 - EHDS refined base model for Specimen information",
      "isExample" : false,
      "groupingId" : "EHDSCommonLogicalModels"
    },
    {
      "extension" : [{
        "url" : "http://hl7.org/fhir/tools/StructureDefinition/resource-information",
        "valueString" : "StructureDefinition:logical"
      }],
      "reference" : {
        "reference" : "StructureDefinition/EHDSTask"
      },
      "name" : "Task (model)",
      "description" : "C.20 - EHDS refined base model for Task",
      "isExample" : false,
      "groupingId" : "EHDSCommonLogicalModels"
    },
    {
      "extension" : [{
        "url" : "http://hl7.org/fhir/tools/StructureDefinition/resource-information",
        "valueString" : "StructureDefinition:logical"
      }],
      "reference" : {
        "reference" : "StructureDefinition/EHDSTelecom"
      },
      "name" : "Telecom (model)",
      "description" : "C.5 - EHDS refined base model for Telecommunication contact information structure",
      "isExample" : false,
      "groupingId" : "EHDSCommonLogicalModels"
    }],
    "page" : {
      "sourceUrl" : "toc.html",
      "name" : "toc.html",
      "title" : "Table of Contents",
      "generation" : "html",
      "page" : [{
        "sourceUrl" : "index.html",
        "name" : "index.html",
        "title" : "Home",
        "generation" : "markdown"
      },
      {
        "sourceUrl" : "models.html",
        "name" : "models.html",
        "title" : "Common models",
        "generation" : "markdown"
      },
      {
        "sourceUrl" : "useCasePrescription.html",
        "name" : "useCasePrescription.html",
        "title" : "ePrescription & eDispensation",
        "generation" : "markdown"
      },
      {
        "sourceUrl" : "useCasePatientSummary.html",
        "name" : "useCasePatientSummary.html",
        "title" : "Patient Summary",
        "generation" : "markdown"
      },
      {
        "sourceUrl" : "useCaseLabReport.html",
        "name" : "useCaseLabReport.html",
        "title" : "Laboratory Report",
        "generation" : "markdown"
      },
      {
        "sourceUrl" : "useCaseMedicalImages.html",
        "name" : "useCaseMedicalImages.html",
        "title" : "Medical Images",
        "generation" : "markdown"
      },
      {
        "sourceUrl" : "useCaseHospitalDischargeReport.html",
        "name" : "useCaseHospitalDischargeReport.html",
        "title" : "Hospital Discharge Report",
        "generation" : "markdown"
      }]
    },
    "parameter" : [{
      "code" : {
        "system" : "http://hl7.org/fhir/tools/CodeSystem/ig-parameters",
        "code" : "copyrightyear"
      },
      "value" : "2022+"
    },
    {
      "code" : {
        "system" : "http://hl7.org/fhir/tools/CodeSystem/ig-parameters",
        "code" : "releaselabel"
      },
      "value" : "ci-build"
    },
    {
      "code" : {
        "system" : "http://hl7.org/fhir/tools/CodeSystem/ig-parameters",
        "code" : "produce-jekyll-data"
      },
      "value" : "true"
    },
    {
      "code" : {
        "system" : "http://hl7.org/fhir/tools/CodeSystem/ig-parameters",
        "code" : "autoload-resources"
      },
      "value" : "true"
    },
    {
      "code" : {
        "system" : "http://hl7.org/fhir/guide-parameter-code",
        "code" : "path-resource"
      },
      "value" : "input/capabilities"
    },
    {
      "code" : {
        "system" : "http://hl7.org/fhir/guide-parameter-code",
        "code" : "path-resource"
      },
      "value" : "input/examples"
    },
    {
      "code" : {
        "system" : "http://hl7.org/fhir/guide-parameter-code",
        "code" : "path-resource"
      },
      "value" : "input/extensions"
    },
    {
      "code" : {
        "system" : "http://hl7.org/fhir/guide-parameter-code",
        "code" : "path-resource"
      },
      "value" : "input/models"
    },
    {
      "code" : {
        "system" : "http://hl7.org/fhir/guide-parameter-code",
        "code" : "path-resource"
      },
      "value" : "input/operations"
    },
    {
      "code" : {
        "system" : "http://hl7.org/fhir/guide-parameter-code",
        "code" : "path-resource"
      },
      "value" : "input/profiles"
    },
    {
      "code" : {
        "system" : "http://hl7.org/fhir/guide-parameter-code",
        "code" : "path-resource"
      },
      "value" : "input/resources"
    },
    {
      "code" : {
        "system" : "http://hl7.org/fhir/guide-parameter-code",
        "code" : "path-resource"
      },
      "value" : "input/vocabulary"
    },
    {
      "code" : {
        "system" : "http://hl7.org/fhir/guide-parameter-code",
        "code" : "path-resource"
      },
      "value" : "input/maps"
    },
    {
      "code" : {
        "system" : "http://hl7.org/fhir/guide-parameter-code",
        "code" : "path-resource"
      },
      "value" : "input/testing"
    },
    {
      "code" : {
        "system" : "http://hl7.org/fhir/guide-parameter-code",
        "code" : "path-resource"
      },
      "value" : "input/history"
    },
    {
      "code" : {
        "system" : "http://hl7.org/fhir/guide-parameter-code",
        "code" : "path-resource"
      },
      "value" : "fsh-generated/resources"
    },
    {
      "code" : {
        "system" : "http://hl7.org/fhir/guide-parameter-code",
        "code" : "path-pages"
      },
      "value" : "template/config"
    },
    {
      "code" : {
        "system" : "http://hl7.org/fhir/guide-parameter-code",
        "code" : "path-pages"
      },
      "value" : "input/images"
    },
    {
      "code" : {
        "system" : "http://hl7.org/fhir/tools/CodeSystem/ig-parameters",
        "code" : "path-liquid"
      },
      "value" : "template/liquid"
    },
    {
      "code" : {
        "system" : "http://hl7.org/fhir/tools/CodeSystem/ig-parameters",
        "code" : "path-liquid"
      },
      "value" : "input/liquid"
    },
    {
      "code" : {
        "system" : "http://hl7.org/fhir/tools/CodeSystem/ig-parameters",
        "code" : "path-qa"
      },
      "value" : "temp/qa"
    },
    {
      "code" : {
        "system" : "http://hl7.org/fhir/tools/CodeSystem/ig-parameters",
        "code" : "path-temp"
      },
      "value" : "temp/pages"
    },
    {
      "code" : {
        "system" : "http://hl7.org/fhir/tools/CodeSystem/ig-parameters",
        "code" : "path-output"
      },
      "value" : "output"
    },
    {
      "code" : {
        "system" : "http://hl7.org/fhir/guide-parameter-code",
        "code" : "path-tx-cache"
      },
      "value" : "input-cache/txcache"
    },
    {
      "code" : {
        "system" : "http://hl7.org/fhir/tools/CodeSystem/ig-parameters",
        "code" : "path-suppressed-warnings"
      },
      "value" : "input/ignoreWarnings.txt"
    },
    {
      "code" : {
        "system" : "http://hl7.org/fhir/tools/CodeSystem/ig-parameters",
        "code" : "path-history"
      },
      "value" : "https://www.xt-ehr.eu/specifications/fhir/history.html"
    },
    {
      "code" : {
        "system" : "http://hl7.org/fhir/tools/CodeSystem/ig-parameters",
        "code" : "template-html"
      },
      "value" : "template-page.html"
    },
    {
      "code" : {
        "system" : "http://hl7.org/fhir/tools/CodeSystem/ig-parameters",
        "code" : "template-md"
      },
      "value" : "template-page-md.html"
    },
    {
      "code" : {
        "system" : "http://hl7.org/fhir/tools/CodeSystem/ig-parameters",
        "code" : "apply-contact"
      },
      "value" : "true"
    },
    {
      "code" : {
        "system" : "http://hl7.org/fhir/tools/CodeSystem/ig-parameters",
        "code" : "apply-context"
      },
      "value" : "true"
    },
    {
      "code" : {
        "system" : "http://hl7.org/fhir/tools/CodeSystem/ig-parameters",
        "code" : "apply-copyright"
      },
      "value" : "true"
    },
    {
      "code" : {
        "system" : "http://hl7.org/fhir/tools/CodeSystem/ig-parameters",
        "code" : "apply-jurisdiction"
      },
      "value" : "true"
    },
    {
      "code" : {
        "system" : "http://hl7.org/fhir/tools/CodeSystem/ig-parameters",
        "code" : "apply-license"
      },
      "value" : "true"
    },
    {
      "code" : {
        "system" : "http://hl7.org/fhir/tools/CodeSystem/ig-parameters",
        "code" : "apply-publisher"
      },
      "value" : "true"
    },
    {
      "code" : {
        "system" : "http://hl7.org/fhir/tools/CodeSystem/ig-parameters",
        "code" : "apply-version"
      },
      "value" : "true"
    },
    {
      "code" : {
        "system" : "http://hl7.org/fhir/tools/CodeSystem/ig-parameters",
        "code" : "apply-wg"
      },
      "value" : "true"
    },
    {
      "code" : {
        "system" : "http://hl7.org/fhir/tools/CodeSystem/ig-parameters",
        "code" : "active-tables"
      },
      "value" : "true"
    },
    {
      "code" : {
        "system" : "http://hl7.org/fhir/tools/CodeSystem/ig-parameters",
        "code" : "fmm-definition"
      },
      "value" : "http://hl7.org/fhir/versions.html#maturity"
    },
    {
      "code" : {
        "system" : "http://hl7.org/fhir/tools/CodeSystem/ig-parameters",
        "code" : "propagate-status"
      },
      "value" : "true"
    },
    {
      "code" : {
        "system" : "http://hl7.org/fhir/tools/CodeSystem/ig-parameters",
        "code" : "excludelogbinaryformat"
      },
      "value" : "true"
    },
    {
      "code" : {
        "system" : "http://hl7.org/fhir/tools/CodeSystem/ig-parameters",
        "code" : "tabbed-snapshots"
      },
      "value" : "true"
    }]
  }
}