"Id","Path","Slice Name","Alias(s)","Label","Min","Max","Must Support?","Is Modifier?","Is Summary?","Type(s)","Short","Definition","Comments","Requirements","Default Value","Meaning When Missing","Fixed Value","Pattern","Example","Minimum Value","Maximum Value","Maximum Length","Binding Strength","Binding Description","Binding Value Set","Code","Slicing Discriminator","Slicing Description","Slicing Ordered","Slicing Rules","Base Path","Base Min","Base Max","Condition(s)","Constraint(s)","Mapping: RIM Mapping"
"EHDSPatientSummary","EHDSPatientSummary","","","",0,*,"","","","null {[]} {[]}
","Patient summary model","A - EHDS refined base model for Patient Summary Report","","","","","","","","","",,,,,"",,,,"Base",0,*,"","","n/a"
"EHDSPatientSummary.patientSummaryReportHeader","EHDSPatientSummary.patientSummaryReportHeader","","","",1,1,"","","","https://www.xt-ehr.eu/specifications/fhir/StructureDefinition/EHDSPatientSummaryHeader {[]} {[]}
","A.1 - Patient Summary header","Report header data elements","","","","","","","","","",,,,,"",,,,"EHDSPatientSummary.patientSummaryReportHeader",1,1,"",""
"EHDSPatientSummary.patientSummaryReportBody","EHDSPatientSummary.patientSummaryReportBody","","","",1,1,"","","","https://www.xt-ehr.eu/specifications/fhir/StructureDefinition/EHDSPatientSummaryBody {[]} {[]}
","A.2 - Patient summary body","Report body data elements","","","","","","","","","",,,,,"",,,,"EHDSPatientSummary.patientSummaryReportBody",1,1,"",""
