"Id","Path","Slice Name","Alias(s)","Label","Min","Max","Must Support?","Is Modifier?","Is Summary?","Type(s)","Short","Definition","Comments","Requirements","Default Value","Meaning When Missing","Fixed Value","Pattern","Example","Minimum Value","Maximum Value","Maximum Length","Binding Strength","Binding Description","Binding Value Set","Code","Slicing Discriminator","Slicing Description","Slicing Ordered","Slicing Rules","Base Path","Base Min","Base Max","Condition(s)","Constraint(s)","Mapping: RIM Mapping"
"EHDSPregnancyHistory","EHDSPregnancyHistory","","","",0,*,"","","","null {[]} {[]}
","Pregnancy history model","Pregnancy history for one pregnancy","","","","","","","","","",,,,,"",,,,"Base",0,*,"","","n/a"
"EHDSPregnancyHistory.header","EHDSPregnancyHistory.header","","","",1,1,"","","","Base {[]} {[]}
","Basic metadata for this information","Basic metadata for this information","","","","","","","","","",,,,,"",,,,"EHDSDataSet.header",1,1,"",""
"EHDSPregnancyHistory.header.subject","EHDSPregnancyHistory.header.subject","","","",1,1,"","","","http://www.xt-ehr.eu/fhir/models/StructureDefinition/EHDSPatient {[]} {[]}
","Patient/subject information","Patient/subject information","","","","","","","","","",,,,,"",,,,"EHDSDataSet.header.subject",1,1,"",""
"EHDSPregnancyHistory.header.identifier","EHDSPregnancyHistory.header.identifier","","","",0,*,"","","","Identifier {[]} {[]}
","Business identifier for the object, unique within its system. Supporting disambiguation between different contexts (systems/countries).","Business identifier for the object, unique within its system. Supporting disambiguation between different contexts (systems/countries).","","","","","","","","","",,,,,"",,,,"EHDSDataSet.header.identifier",0,*,"",""
"EHDSPregnancyHistory.header.author[x]","EHDSPregnancyHistory.header.author[x]","","","",0,*,"","","","http://www.xt-ehr.eu/fhir/models/StructureDefinition/EHDSHealthProfessional {[]} {[]}
http://www.xt-ehr.eu/fhir/models/StructureDefinition/EHDSOrganisation {[]} {[]}http://www.xt-ehr.eu/fhir/models/StructureDefinition/EHDSDevice {[]} {[]}","Author of this observation","Author of this observation","","","","","","","","","",,,,,"",,,,"EHDSDataSet.header.author[x]",0,*,"",""
"EHDSPregnancyHistory.header.date","EHDSPregnancyHistory.header.date","","","",0,1,"","","","dateTime {[]} {[]}
","Date and optionally time of authoring/issuing","Date and optionally time of authoring/issuing","","","","","","","","","",,,,,"",,,,"EHDSDataSet.header.date",0,1,"",""
"EHDSPregnancyHistory.header.status","EHDSPregnancyHistory.header.status","","","",1,1,"","","","CodeableConcept {[]} {[]}
","Status of this observation","Status of this observation","","","","","","","","","",,,,,"",,,,"EHDSDataSet.header.status",1,1,"",""
"EHDSPregnancyHistory.header.source","EHDSPregnancyHistory.header.source","","","",0,1,"","","","CodeableConcept {[]} {[]}
","Source of information (e.g. patient, patient's proxy). Used in case the patient has authored the information or the author has submitted patient-stated information.","Source of information (e.g. patient, patient's proxy). Used in case the patient has authored the information or the author has submitted patient-stated information.","","","","","","","","","",,,,,"",,,,"EHDSDataSet.header.source",0,1,"",""
"EHDSPregnancyHistory.header.language","EHDSPregnancyHistory.header.language","","","",0,1,"","","","CodeableConcept {[]} {[]}
","Language in which the resource is written. Language is expressed by the IETF language tag.","Language in which the resource is written. Language is expressed by the IETF language tag.","","","","","","","","","",,"preferred","BCP 47","","",,,,"EHDSDataSet.header.language",0,1,"",""
"EHDSPregnancyHistory.endDate","EHDSPregnancyHistory.endDate","","","",0,1,"","","","dateTime {[]} {[]}
","The end date of the pregnancy.","The end date of the pregnancy.","","eHN PS Guideline, ISO IPS","","","","","","","",,,,,"",,,,"EHDSPregnancyHistory.endDate",0,1,"",""
"EHDSPregnancyHistory.outcome","EHDSPregnancyHistory.outcome","","","",0,1,"","","","CodeableConcept {[]} {[]}
","The outcome of the pregnancy.","The outcome of the pregnancy.","","eHN PS Guideline, ISO IPS","","","","","","","",,"preferred","SNOMED CT","","",,,,"EHDSPregnancyHistory.outcome",0,1,"",""
"EHDSPregnancyHistory.numberOfFetuses","EHDSPregnancyHistory.numberOfFetuses","","","",0,1,"","","","integer {[]} {[]}
","Number of children/fetuses in this specific pregnancy","Number of children/fetuses in this specific pregnancy","","eHN PS Guideline, ISO IPS","","","","","","","",,,,,"",,,,"EHDSPregnancyHistory.numberOfFetuses",0,1,"",""
"EHDSPregnancyHistory.note","EHDSPregnancyHistory.note","","","",0,1,"","","","string {[]} {[]}
","Free text notes by the health professional","Free text notes by the health professional","","eHN PS Guideline, ISO IPS","","","","","","","",,,,,"",,,,"EHDSPregnancyHistory.note",0,1,"",""
