"Id","Path","Slice Name","Alias(s)","Label","Min","Max","Must Support?","Is Modifier?","Is Summary?","Type(s)","Short","Definition","Comments","Requirements","Default Value","Meaning When Missing","Fixed Value","Pattern","Example","Minimum Value","Maximum Value","Maximum Length","Binding Strength","Binding Description","Binding Value Set","Code","Slicing Discriminator","Slicing Description","Slicing Ordered","Slicing Rules","Base Path","Base Min","Base Max","Condition(s)","Constraint(s)","Mapping: RIM Mapping"
"EHDSObservation","EHDSObservation","","","",0,*,"","","","null {[]} {[]}
","Observation model","EHDS refined base model for Observation information","","","","","","","","","",,,,,"",,,,"Base",0,*,"","","n/a"
"EHDSObservation.header","EHDSObservation.header","","","",1,1,"","","","Base {[]} {[]}
","Basic metadata for this information","Basic metadata for this information","","","","","","","","","",,,,,"",,,,"EHDSDataSet.header",1,1,"",""
"EHDSObservation.header.subject","EHDSObservation.header.subject","","","",1,1,"","","","http://www.xt-ehr.eu/fhir/models/StructureDefinition/EHDSPatient {[]} {[]}
","Patient who is receiving health care. This patient might be different from the direct subject of the observation.","Patient/subject information","","","","","","","","","",,,,,"",,,,"EHDSDataSet.header.subject",1,1,"",""
"EHDSObservation.header.identifier","EHDSObservation.header.identifier","","","",0,*,"","","","Identifier {[]} {[]}
","Business identifier for the object, unique within its system. Supporting disambiguation between different contexts (systems/countries).","Business identifier for the object, unique within its system. Supporting disambiguation between different contexts (systems/countries).","","","","","","","","","",,,,,"",,,,"EHDSDataSet.header.identifier",0,*,"",""
"EHDSObservation.header.author[x]","EHDSObservation.header.author[x]","","","",0,*,"","","","http://www.xt-ehr.eu/fhir/models/StructureDefinition/EHDSHealthProfessional {[]} {[]}
http://www.xt-ehr.eu/fhir/models/StructureDefinition/EHDSOrganisation {[]} {[]}http://www.xt-ehr.eu/fhir/models/StructureDefinition/EHDSDevice {[]} {[]}","Author(s) responsible for the provided information.","Author(s) responsible for the provided information. The exact role of the responsible author varies across use cases and is specific to individual models.","","","","","","","","","",,,,,"",,,,"EHDSDataSet.header.author[x]",0,*,"",""
"EHDSObservation.header.date","EHDSObservation.header.date","","","",0,1,"","","","dateTime {[]} {[]}
","Date and optionally time of authoring/issuing","Date and optionally time of authoring/issuing","","","","","","","","","",,,,,"",,,,"EHDSDataSet.header.date",0,1,"",""
"EHDSObservation.header.status","EHDSObservation.header.status","","","",1,1,"","","","CodeableConcept {[]} {[]}
","Status of the resource or document","Status of the resource or document","","","","","","","","","",,"preferred","HL7 Observation status","","",,,,"EHDSDataSet.header.status",1,1,"",""
"EHDSObservation.header.source","EHDSObservation.header.source","","","",0,1,"","","","CodeableConcept {[]} {[]}
","Source of information (e.g. patient, patient's proxy). Used in case the patient has authored the information or the author has submitted patient-stated information.","Source of information (e.g. patient, patient's proxy). Used in case the patient has authored the information or the author has submitted patient-stated information.","","","","","","","","","",,,,,"",,,,"EHDSDataSet.header.source",0,1,"",""
"EHDSObservation.header.language","EHDSObservation.header.language","","","",0,1,"","","","CodeableConcept {[]} {[]}
","Language in which the resource is written. Language is expressed by the IETF language tag.","Language in which the resource is written. Language is expressed by the IETF language tag.","","","","","","","","","",,"preferred","BCP 47","","",,,,"EHDSDataSet.header.language",0,1,"",""
"EHDSObservation.header.directSubject[x]","EHDSObservation.header.directSubject[x]","","","",0,1,"","","","http://www.xt-ehr.eu/fhir/models/StructureDefinition/EHDSPatient {[]} {[]}
http://www.xt-ehr.eu/fhir/models/StructureDefinition/EHDSPatientAnimal {[]} {[]}http://www.xt-ehr.eu/fhir/models/StructureDefinition/EHDSLocation {[]} {[]}http://www.xt-ehr.eu/fhir/models/StructureDefinition/EHDSDevice {[]} {[]}http://www.xt-ehr.eu/fhir/models/StructureDefinition/EHDSHealthProfessional {[]} {[]}http://www.xt-ehr.eu/fhir/models/StructureDefinition/EHDSOrganisation {[]} {[]}http://www.xt-ehr.eu/fhir/models/StructureDefinition/EHDSProcedure {[]} {[]}","The direct subject of the observation if different from the patient (subject of care), e.g. an observation of an implanted device","The direct subject of the observation if different from the patient (subject of care), e.g. an observation of an implanted device","","","","","","","","","",,,,,"",,,,"EHDSObservation.header.directSubject[x]",0,1,"",""
"EHDSObservation.observationDate[x]","EHDSObservation.observationDate[x]","","","",1,1,"","","","dateTime {[]} {[]}
Period {[]} {[]}","Clinically relevant time or time period for the observation","Clinically relevant time or time period for the observation","","","","","","","","","",,,,,"",,,,"EHDSObservation.observationDate[x]",1,1,"",""
"EHDSObservation.type","EHDSObservation.type","","","",1,1,"","","","CodeableConcept {[]} {[]}
","Observation type. Code and name representing the type of the observation using the agreed code systems.","Observation type. Code and name representing the type of the observation using the agreed code systems.","","","","","","","","","",,"preferred","LOINC, NPU, SNOMED CT","","",,,,"EHDSObservation.type",1,1,"",""
"EHDSObservation.originalName","EHDSObservation.originalName","","","",0,1,"","","","string {[]} {[]}
","Original (conventional) name of the observation as used in the local laboratory or clinical system.","Original (conventional) name of the observation as used in the local laboratory or clinical system.","","","","","","","","","",,,,,"",,,,"EHDSObservation.originalName",0,1,"",""
"EHDSObservation.method","EHDSObservation.method","","","",0,1,"","","","CodeableConcept {[]} {[]}
","Observation method","Observation method (measurement principle) to obtain the result.","","","","","","","","","",,"preferred","SNOMED CT","","",,,,"EHDSObservation.method",0,1,"",""
"EHDSObservation.specimen","EHDSObservation.specimen","","","",0,1,"","","","http://www.xt-ehr.eu/fhir/models/StructureDefinition/EHDSSpecimen {[]} {[]}
","Specimen used for this observation.","Specimen used for this observation.","","","","","","","","","",,,,,"",,,,"EHDSObservation.specimen",0,1,"",""
"EHDSObservation.order","EHDSObservation.order","","","",0,1,"","","","http://www.xt-ehr.eu/fhir/models/StructureDefinition/EHDSServiceRequest {[]} {[]}
","Identifies order and order placer this observation belongs to","Identifies order and order placer this observation belongs to","","","","","","","","","",,,,,"",,,,"EHDSObservation.order",0,1,"",""
"EHDSObservation.performer[x]","EHDSObservation.performer[x]","","","",0,*,"","","","http://www.xt-ehr.eu/fhir/models/StructureDefinition/EHDSOrganisation {[]} {[]}
http://www.xt-ehr.eu/fhir/models/StructureDefinition/EHDSHealthProfessional {[]} {[]}http://www.xt-ehr.eu/fhir/models/StructureDefinition/EHDSPatient {[]} {[]}http://www.xt-ehr.eu/fhir/models/StructureDefinition/EHDSRelatedPerson {[]} {[]}","Performer of the observation. Some test could be performed by the patient himself or by a care giver. Those are in the scope of this deliverable under specified conditions.","Performer of the observation. Some test could be performed by the patient himself or by a care giver. Those are in the scope of this deliverable under specified conditions.","","","","","","","","","",,,,,"",,,,"EHDSObservation.performer[x]",0,*,"",""
"EHDSObservation.bodySite","EHDSObservation.bodySite","","","",0,1,"","","","http://www.xt-ehr.eu/fhir/models/StructureDefinition/EHDSBodyStructure {[]} {[]}
","Anatomic location and laterality where the observation was performed.","Anatomic location and laterality where the observation was performed.","","","","","","","","","",,,,,"",,,,"EHDSObservation.bodySite",0,1,"",""
"EHDSObservation.result","EHDSObservation.result","","","",1,1,"","","","Base {[]} {[]}
","Result of the observation including text, numeric, coded, and other types of results of the measurement and measurement uncertainty. Content of the observation result will vary according to the type of the observation.","Result of the observation including text, numeric, coded, and other types of results of the measurement and measurement uncertainty. Content of the observation result will vary according to the type of the observation.","","","","","","","","","",,,,,"",,,,"EHDSObservation.result",1,1,"",""
"EHDSObservation.result.value[x]","EHDSObservation.result.value[x]","","","",0,1,"","","","string {[]} {[]}
Quantity {[]} {[]}Range {[]} {[]}Ratio {[]} {[]}CodeableConcept {[]} {[]}","Observation result value according to the type of observation. Model covers only most frequently used data types but other data types can be used as well.
    Text result value should be used only if coded result value is not expected otherwise use valueCodeableConcept.text. For Quantity, Range and Ratio, result units of the measurement should be provided.","Observation result value according to the type of observation. Model covers only most frequently used data types but other data types can be used as well.
    Text result value should be used only if coded result value is not expected otherwise use valueCodeableConcept.text. For Quantity, Range and Ratio, result units of the measurement should be provided.","","","","","","","","","",,"preferred","UCUM for units, SNOMED CT for coded results","","",,,,"EHDSObservation.result.value[x]",0,1,"",""
"EHDSObservation.result.uncertainty","EHDSObservation.result.uncertainty","","","",0,1,"","","","Base {[]} {[]}
","Measurement uncertainty type and interval if needed.","Measurement uncertainty information about the observation result.","","","","","","","","","",,,,,"",,,,"EHDSObservation.result.uncertainty",0,1,"",""
"EHDSObservation.result.uncertainty.value","EHDSObservation.result.uncertainty.value","","","",1,1,"","","","decimal {[]} {[]}
","The numerical value of the measurement uncertainty.","The numerical value of the measurement uncertainty.","","","","","","","","","",,,,,"",,,,"EHDSObservation.result.uncertainty.value",1,1,"",""
"EHDSObservation.result.uncertainty.type","EHDSObservation.result.uncertainty.type","","","",0,1,"","","","Coding {[]} {[]}
","Probability Distribution Type for uncertainty","Probability Distribution Type for uncertainty","","","","","","","","","",,"preferred","HL7 ProbabilityDistributionType","","",,,,"EHDSObservation.result.uncertainty.type",0,1,"",""
"EHDSObservation.result.dataAbsentReason","EHDSObservation.result.dataAbsentReason","","","",0,1,"","","","CodeableConcept {[]} {[]}
","Provides a reason why the expected value in the element Observation.value[x] is missing.","Provides a reason why the expected value in the element Observation.value[x] is missing.","","","","","","","","","",,"preferred","HL7 Data absent reason","","",,,,"EHDSObservation.result.dataAbsentReason",0,1,"",""
"EHDSObservation.referenceRange","EHDSObservation.referenceRange","","","",0,*,"","","","Base {[]} {[]}
","Reference range, multiple reference ranges of different types could by provided. Provides guide for interpretation of the result.","Reference range, multiple reference ranges of different types could by provided. Provides guide for interpretation of the result.","Reference ranges are usually implied only for a numeric scale type. Use of the same units for reference range and value is implied.","","","","","","","","",,,,,"",,,,"EHDSObservation.referenceRange",0,*,"",""
"EHDSObservation.referenceRange.low","EHDSObservation.referenceRange.low","","","",0,1,"","","","Quantity {[]} {[]}
","Low limit of the reference range.","Low limit of the reference range.","","","","","","","","","",,"preferred","UCUM for units","","",,,,"EHDSObservation.referenceRange.low",0,1,"",""
"EHDSObservation.referenceRange.high","EHDSObservation.referenceRange.high","","","",0,1,"","","","Quantity {[]} {[]}
","High limit of the reference range.","High limit of the reference range.","","","","","","","","","",,"preferred","UCUM for units","","",,,,"EHDSObservation.referenceRange.high",0,1,"",""
"EHDSObservation.referenceRange.normalValue","EHDSObservation.referenceRange.normalValue","","","",0,1,"","","","CodeableConcept {[]} {[]}
","Normal value, if relevant for the reference range.","Normal value, if relevant for the reference range.","","","","","","","","","",,"preferred","SNOMED CT","","",,,,"EHDSObservation.referenceRange.normalValue",0,1,"",""
"EHDSObservation.referenceRange.type","EHDSObservation.referenceRange.type","","","",0,1,"","","","CodeableConcept {[]} {[]}
","Type of reference range.","Type of reference range.","","","","","","","","","",,"preferred","HL7 Observation Reference Range Meaning Codes","","",,,,"EHDSObservation.referenceRange.type",0,1,"",""
"EHDSObservation.referenceRange.appliesTo","EHDSObservation.referenceRange.appliesTo","","","",0,*,"","","","CodeableConcept {[]} {[]}
","Codes to indicate the target population this reference range applies to.","Codes to indicate the target population this reference range applies to. For example, a reference range may be based on the normal population or a particular sex or race. Multiple appliesTo are interpreted as an \""AND\"" of the target populations.","Multiple appliesTo are interpreted as an ""AND"" of the target populations.","","","","","","","","",,"preferred","SNOMED CT, HL7 v3-Race","","",,,,"EHDSObservation.referenceRange.appliesTo",0,*,"",""
"EHDSObservation.referenceRange.age","EHDSObservation.referenceRange.age","","","",0,1,"","","","Range {[]} {[]}
","Age range to which this reference range applies if applicable.","Age range to which this reference range applies if applicable.","","","","","","","","","",,"preferred","UCUM for units","","",,,,"EHDSObservation.referenceRange.age",0,1,"",""
"EHDSObservation.referenceRange.text","EHDSObservation.referenceRange.text","","","",0,1,"","","","string {[]} {[]}
","Text based reference range in an observation.","Text based reference range in an observation which may be used when a quantitative range is not appropriate for an observation. An example would be a reference value of \""Negative\"" or a list or table of \""normals\"".","","","","","","","","","",,,,,"",,,,"EHDSObservation.referenceRange.text",0,1,"",""
"EHDSObservation.interpretation","EHDSObservation.interpretation","","","",0,*,"","","","CodeableConcept {[]} {[]}
","Information about reference intervals and result interpretation.","Information about reference intervals and result interpretation.","","","","","","","","","",,"preferred","SNOMED CT, HL7 ObservationInterpretation","","",,,,"EHDSObservation.interpretation",0,*,"",""
"EHDSObservation.note","EHDSObservation.note","","","",0,1,"","","","string {[]} {[]}
","Comments and narrative representation of the observation result and findings.","Comments and narrative representation of the observation result and findings.","","","","","","","","","",,,,,"",,,,"EHDSObservation.note",0,1,"",""
"EHDSObservation.component","EHDSObservation.component","","","",0,*,"","","","Base {[]} {[]}
","Component in case the observation consists of multiple sub-observations (e.g. blood pressure).","Component in case the observation consists of multiple sub-observations (e.g. blood pressure).","","","","","","","","","",,,,,"",,,,"EHDSObservation.component",0,*,"",""
"EHDSObservation.component.code","EHDSObservation.component.code","","","",1,1,"","","","CodeableConcept {[]} {[]}
","Code representing the observation using the agreed code systems.","Code representing the observation using the agreed code systems.","","","","","","","","","",,"preferred","LOINC, NPU, SNOMED CT","","",,,,"EHDSObservation.component.code",1,1,"",""
"EHDSObservation.component.originalName","EHDSObservation.component.originalName","","","",0,1,"","","","string {[]} {[]}
","Original (conventional) name of the observation as used in the local laboratory or clinical system.","Original (conventional) name of the observation as used in the local laboratory or clinical system.","","","","","","","","","",,,,,"",,,,"EHDSObservation.component.originalName",0,1,"",""
"EHDSObservation.component.result","EHDSObservation.component.result","","","",1,1,"","","","Base {[]} {[]}
","Result of the observation including text, numeric, coded, and other types of results of the measurement and measurement uncertainty. Content of the observation result will vary according to the type of the observation.","Result of the observation including text, numeric, coded, and other types of results of the measurement and measurement uncertainty. Content of the observation result will vary according to the type of the observation.","","","","","","","","","",,,,,"",,,,"EHDSObservation.component.result",1,1,"",""
"EHDSObservation.component.result.value[x]","EHDSObservation.component.result.value[x]","","","",0,1,"","","","string {[]} {[]}
Quantity {[]} {[]}Range {[]} {[]}Ratio {[]} {[]}CodeableConcept {[]} {[]}","Observation result value according to the type of observation. Model covers only most frequently used data types but other data types can be used as well.
      Text result value should be used only if coded result value is not expected otherwise use valueCodeableConcept.text. For Quantity, Range and Ratio, result units of the measurement should be provided.","Observation result value according to the type of observation. Model covers only most frequently used data types but other data types can be used as well.
      Text result value should be used only if coded result value is not expected otherwise use valueCodeableConcept.text. For Quantity, Range and Ratio, result units of the measurement should be provided.","","","","","","","","","",,"preferred","UCUM for units, SNOMED CT for coded results","","",,,,"EHDSObservation.component.result.value[x]",0,1,"",""
"EHDSObservation.component.result.uncertainty","EHDSObservation.component.result.uncertainty","","","",0,1,"","","","Base {[]} {[]}
","Measurement uncertainty type and interval if needed.","Measurement uncertainty information about the observation result.","","","","","","","","","",,,,,"",,,,"EHDSObservation.component.result.uncertainty",0,1,"",""
"EHDSObservation.component.result.uncertainty.value","EHDSObservation.component.result.uncertainty.value","","","",1,1,"","","","decimal {[]} {[]}
","The numerical value of the measurement uncertainty.","The numerical value of the measurement uncertainty.","","","","","","","","","",,,,,"",,,,"EHDSObservation.component.result.uncertainty.value",1,1,"",""
"EHDSObservation.component.result.uncertainty.type","EHDSObservation.component.result.uncertainty.type","","","",0,1,"","","","Coding {[]} {[]}
","Probability Distribution Type for uncertainty","Probability Distribution Type for uncertainty","","","","","","","","","",,"preferred","HL7 ProbabilityDistributionType","","",,,,"EHDSObservation.component.result.uncertainty.type",0,1,"",""
"EHDSObservation.component.result.dataAbsentReason","EHDSObservation.component.result.dataAbsentReason","","","",0,1,"","","","CodeableConcept {[]} {[]}
","Provides a reason why the expected value in the element component.value[x] is missing.","Provides a reason why the expected value in the element component.value[x] is missing.","","","","","","","","","",,"preferred","HL7 Data absent reason","","",,,,"EHDSObservation.component.result.dataAbsentReason",0,1,"",""
"EHDSObservation.component.referenceRange","EHDSObservation.component.referenceRange","","","",0,*,"","","","Base {[]} {[]}
","Reference range, multiple reference ranges of different types could by provided. Provides guide for interpretation of the result.","Reference range, multiple reference ranges of different types could by provided. Provides guide for interpretation of the result.","Reference ranges are usually implied only for a numeric scale type. Use of the same units for reference range and value is implied.","","","","","","","","",,,,,"",,,,"EHDSObservation.component.referenceRange",0,*,"",""
"EHDSObservation.component.referenceRange.low","EHDSObservation.component.referenceRange.low","","","",0,1,"","","","Quantity {[]} {[]}
","Low limit of the reference range.","Low limit of the reference range.","","","","","","","","","",,"preferred","UCUM for units","","",,,,"EHDSObservation.component.referenceRange.low",0,1,"",""
"EHDSObservation.component.referenceRange.high","EHDSObservation.component.referenceRange.high","","","",0,1,"","","","Quantity {[]} {[]}
","High limit of the reference range.","High limit of the reference range.","","","","","","","","","",,"preferred","UCUM for units","","",,,,"EHDSObservation.component.referenceRange.high",0,1,"",""
"EHDSObservation.component.referenceRange.normalValue","EHDSObservation.component.referenceRange.normalValue","","","",0,1,"","","","CodeableConcept {[]} {[]}
","Normal value, if relevant for the reference range.","Normal value, if relevant for the reference range.","","","","","","","","","",,"preferred","SNOMED CT","","",,,,"EHDSObservation.component.referenceRange.normalValue",0,1,"",""
"EHDSObservation.component.referenceRange.type","EHDSObservation.component.referenceRange.type","","","",0,1,"","","","CodeableConcept {[]} {[]}
","Type of reference range.","Type of reference range.","","","","","","","","","",,"preferred","HL7 Observation Reference Range Meaning Codes","","",,,,"EHDSObservation.component.referenceRange.type",0,1,"",""
"EHDSObservation.component.referenceRange.appliesTo","EHDSObservation.component.referenceRange.appliesTo","","","",0,*,"","","","CodeableConcept {[]} {[]}
","Codes to indicate the target population this reference range applies to.","Codes to indicate the target population this reference range applies to. For example, a reference range may be based on the normal population or a particular sex or race. Multiple appliesTo are interpreted as an \""AND\"" of the target populations.","Multiple appliesTo are interpreted as an ""AND"" of the target populations.","","","","","","","","",,"preferred","SNOMED CT, HL7 v3-Race","","",,,,"EHDSObservation.component.referenceRange.appliesTo",0,*,"",""
"EHDSObservation.component.referenceRange.age","EHDSObservation.component.referenceRange.age","","","",0,1,"","","","Range {[]} {[]}
","Age range to which this reference range applies if applicable.","Age range to which this reference range applies if applicable.","","","","","","","","","",,"preferred","UCUM for units","","",,,,"EHDSObservation.component.referenceRange.age",0,1,"",""
"EHDSObservation.component.referenceRange.text","EHDSObservation.component.referenceRange.text","","","",0,1,"","","","string {[]} {[]}
","Text based reference range in an observation.","Text based reference range in an observation which may be used when a quantitative range is not appropriate for an observation. An example would be a reference value of \""Negative\"" or a list or table of \""normals\"".","","","","","","","","","",,,,,"",,,,"EHDSObservation.component.referenceRange.text",0,1,"",""
"EHDSObservation.component.interpretation","EHDSObservation.component.interpretation","","","",0,*,"","","","CodeableConcept {[]} {[]}
","Information about reference intervals and result interpretation.","Information about reference intervals and result interpretation.","","","","","","","","","",,"preferred","SNOMED CT, HL7 ObservationInterpretation","","",,,,"EHDSObservation.component.interpretation",0,*,"",""
"EHDSObservation.derivedFrom[x]","EHDSObservation.derivedFrom[x]","","","",0,*,"","","","http://www.xt-ehr.eu/fhir/models/StructureDefinition/EHDSObservation {[]} {[]}
http://www.xt-ehr.eu/fhir/models/StructureDefinition/EHDSLaboratoryObservation {[]} {[]}http://www.xt-ehr.eu/fhir/models/StructureDefinition/EHDSImagingStudy {[]} {[]}","Reference to the related resource from which the observation has been made. For example, a calculated anion gap or a fetal measurement based on an ultrasound image.","Reference to the related resource from which the observation has been made. For example, a calculated anion gap or a fetal measurement based on an ultrasound image.","","","","","","","","","",,,,,"",,,,"EHDSObservation.derivedFrom[x]",0,*,"",""
"EHDSObservation.hasMember[x]","EHDSObservation.hasMember[x]","","","",0,*,"","","","http://www.xt-ehr.eu/fhir/models/StructureDefinition/EHDSLaboratoryObservation {[]} {[]}
http://www.xt-ehr.eu/fhir/models/StructureDefinition/EHDSObservation {[]} {[]}","This observation is a group observation (e.g. a battery, a panel of tests, a set of vital sign measurements) that includes the target as a member of the group.","This observation is a group observation (e.g. a battery, a panel of tests, a set of vital sign measurements) that includes the target as a member of the group.","","","","","","","","","",,,,,"",,,,"EHDSObservation.hasMember[x]",0,*,"",""
