[
  {
    "id" : "xtehr.eu.ehds.models",
    "type" : "ImplementationGuide",
    "url" : "http://www.xt-ehr.eu/fhir/models/ImplementationGuide/xtehr.eu.ehds.models",
    "version" : "0.2.1",
    "name" : "EHDSModels"
  },
  {
    "id" : "EHDSAddress",
    "type" : "StructureDefinition",
    "url" : "http://www.xt-ehr.eu/fhir/models/StructureDefinition/EHDSAddress",
    "version" : "0.2.1",
    "name" : "EHDSAddress"
  },
  {
    "id" : "EHDSAdministeredDosage",
    "type" : "StructureDefinition",
    "url" : "http://www.xt-ehr.eu/fhir/models/StructureDefinition/EHDSAdministeredDosage",
    "version" : "0.2.1",
    "name" : "EHDSAdministeredDosage"
  },
  {
    "id" : "EHDSAdvanceDirective",
    "type" : "StructureDefinition",
    "url" : "http://www.xt-ehr.eu/fhir/models/StructureDefinition/EHDSAdvanceDirective",
    "version" : "0.2.1",
    "name" : "EHDSAdvanceDirective"
  },
  {
    "id" : "EHDSAlert",
    "type" : "StructureDefinition",
    "url" : "http://www.xt-ehr.eu/fhir/models/StructureDefinition/EHDSAlert",
    "version" : "0.2.1",
    "name" : "EHDSAlert"
  },
  {
    "id" : "EHDSAllergyIntolerance",
    "type" : "StructureDefinition",
    "url" : "http://www.xt-ehr.eu/fhir/models/StructureDefinition/EHDSAllergyIntolerance",
    "version" : "0.2.1",
    "name" : "EHDSAllergyIntolerance"
  },
  {
    "id" : "EHDSAttachment",
    "type" : "StructureDefinition",
    "url" : "http://www.xt-ehr.eu/fhir/models/StructureDefinition/EHDSAttachment",
    "version" : "0.2.1",
    "name" : "EHDSAttachment"
  },
  {
    "id" : "EHDSBodyStructure",
    "type" : "StructureDefinition",
    "url" : "http://www.xt-ehr.eu/fhir/models/StructureDefinition/EHDSBodyStructure",
    "version" : "0.2.1",
    "name" : "EHDSBodyStructure"
  },
  {
    "id" : "EHDSCarePlan",
    "type" : "StructureDefinition",
    "url" : "http://www.xt-ehr.eu/fhir/models/StructureDefinition/EHDSCarePlan",
    "version" : "0.2.1",
    "name" : "EHDSCarePlan"
  },
  {
    "id" : "EHDSCondition",
    "type" : "StructureDefinition",
    "url" : "http://www.xt-ehr.eu/fhir/models/StructureDefinition/EHDSCondition",
    "version" : "0.2.1",
    "name" : "EHDSCondition"
  },
  {
    "id" : "EHDSCoverage",
    "type" : "StructureDefinition",
    "url" : "http://www.xt-ehr.eu/fhir/models/StructureDefinition/EHDSCoverage",
    "version" : "0.2.1",
    "name" : "EHDSCoverage"
  },
  {
    "id" : "EHDSCurrentPregnancy",
    "type" : "StructureDefinition",
    "url" : "http://www.xt-ehr.eu/fhir/models/StructureDefinition/EHDSCurrentPregnancy",
    "version" : "0.2.1",
    "name" : "EHDSCurrentPregnancy"
  },
  {
    "id" : "EHDSDataSet",
    "type" : "StructureDefinition",
    "url" : "http://www.xt-ehr.eu/fhir/models/StructureDefinition/EHDSDataSet",
    "version" : "0.2.1",
    "name" : "EHDSDataSet"
  },
  {
    "id" : "EHDSDevice",
    "type" : "StructureDefinition",
    "url" : "http://www.xt-ehr.eu/fhir/models/StructureDefinition/EHDSDevice",
    "version" : "0.2.1",
    "name" : "EHDSDevice"
  },
  {
    "id" : "EHDSDeviceUse",
    "type" : "StructureDefinition",
    "url" : "http://www.xt-ehr.eu/fhir/models/StructureDefinition/EHDSDeviceUse",
    "version" : "0.2.1",
    "name" : "EHDSDeviceUse"
  },
  {
    "id" : "EHDSDischargeReport",
    "type" : "StructureDefinition",
    "url" : "http://www.xt-ehr.eu/fhir/models/StructureDefinition/EHDSDischargeReport",
    "version" : "0.2.1",
    "name" : "EHDSDischargeReport"
  },
  {
    "id" : "EHDSDocument",
    "type" : "StructureDefinition",
    "url" : "http://www.xt-ehr.eu/fhir/models/StructureDefinition/EHDSDocument",
    "version" : "0.2.1",
    "name" : "EHDSDocument"
  },
  {
    "id" : "EHDSDosage",
    "type" : "StructureDefinition",
    "url" : "http://www.xt-ehr.eu/fhir/models/StructureDefinition/EHDSDosage",
    "version" : "0.2.1",
    "name" : "EHDSDosage"
  },
  {
    "id" : "EHDSEncounter",
    "type" : "StructureDefinition",
    "url" : "http://www.xt-ehr.eu/fhir/models/StructureDefinition/EHDSEncounter",
    "version" : "0.2.1",
    "name" : "EHDSEncounter"
  },
  {
    "id" : "EHDSEndpoint",
    "type" : "StructureDefinition",
    "url" : "http://www.xt-ehr.eu/fhir/models/StructureDefinition/EHDSEndpoint",
    "version" : "0.2.1",
    "name" : "EHDSEndpoint"
  },
  {
    "id" : "EHDSFunctionalStatus",
    "type" : "StructureDefinition",
    "url" : "http://www.xt-ehr.eu/fhir/models/StructureDefinition/EHDSFunctionalStatus",
    "version" : "0.2.1",
    "name" : "EHDSFunctionalStatus"
  },
  {
    "id" : "EHDSHealthProfessional",
    "type" : "StructureDefinition",
    "url" : "http://www.xt-ehr.eu/fhir/models/StructureDefinition/EHDSHealthProfessional",
    "version" : "0.2.1",
    "name" : "EHDSHealthProfessional"
  },
  {
    "id" : "EHDSHumanName",
    "type" : "StructureDefinition",
    "url" : "http://www.xt-ehr.eu/fhir/models/StructureDefinition/EHDSHumanName",
    "version" : "0.2.1",
    "name" : "EHDSHumanName"
  },
  {
    "id" : "EHDSImagingReport",
    "type" : "StructureDefinition",
    "url" : "http://www.xt-ehr.eu/fhir/models/StructureDefinition/EHDSImagingReport",
    "version" : "0.2.1",
    "name" : "EHDSImagingReport"
  },
  {
    "id" : "EHDSImagingStudy",
    "type" : "StructureDefinition",
    "url" : "http://www.xt-ehr.eu/fhir/models/StructureDefinition/EHDSImagingStudy",
    "version" : "0.2.1",
    "name" : "EHDSImagingStudy"
  },
  {
    "id" : "EHDSImmunisation",
    "type" : "StructureDefinition",
    "url" : "http://www.xt-ehr.eu/fhir/models/StructureDefinition/EHDSImmunisation",
    "version" : "0.2.1",
    "name" : "EHDSImmunisation"
  },
  {
    "id" : "EHDSLaboratoryObservation",
    "type" : "StructureDefinition",
    "url" : "http://www.xt-ehr.eu/fhir/models/StructureDefinition/EHDSLaboratoryObservation",
    "version" : "0.2.1",
    "name" : "EHDSLaboratoryObservation"
  },
  {
    "id" : "EHDSLaboratoryReport",
    "type" : "StructureDefinition",
    "url" : "http://www.xt-ehr.eu/fhir/models/StructureDefinition/EHDSLaboratoryReport",
    "version" : "0.2.1",
    "name" : "EHDSLaboratoryReport"
  },
  {
    "id" : "EHDSLocation",
    "type" : "StructureDefinition",
    "url" : "http://www.xt-ehr.eu/fhir/models/StructureDefinition/EHDSLocation",
    "version" : "0.2.1",
    "name" : "EHDSLocation"
  },
  {
    "id" : "EHDSMedia",
    "type" : "StructureDefinition",
    "url" : "http://www.xt-ehr.eu/fhir/models/StructureDefinition/EHDSMedia",
    "version" : "0.2.1",
    "name" : "EHDSMedia"
  },
  {
    "id" : "EHDSMedication",
    "type" : "StructureDefinition",
    "url" : "http://www.xt-ehr.eu/fhir/models/StructureDefinition/EHDSMedication",
    "version" : "0.2.1",
    "name" : "EHDSMedication"
  },
  {
    "id" : "EHDSMedicationAdministration",
    "type" : "StructureDefinition",
    "url" : "http://www.xt-ehr.eu/fhir/models/StructureDefinition/EHDSMedicationAdministration",
    "version" : "0.2.1",
    "name" : "EHDSMedicationAdministration"
  },
  {
    "id" : "EHDSMedicationDispense",
    "type" : "StructureDefinition",
    "url" : "http://www.xt-ehr.eu/fhir/models/StructureDefinition/EHDSMedicationDispense",
    "version" : "0.2.1",
    "name" : "EHDSMedicationDispense"
  },
  {
    "id" : "EHDSMedicationPrescription",
    "type" : "StructureDefinition",
    "url" : "http://www.xt-ehr.eu/fhir/models/StructureDefinition/EHDSMedicationPrescription",
    "version" : "0.2.1",
    "name" : "EHDSMedicationPrescription"
  },
  {
    "id" : "EHDSMedicationStatement",
    "type" : "StructureDefinition",
    "url" : "http://www.xt-ehr.eu/fhir/models/StructureDefinition/EHDSMedicationStatement",
    "version" : "0.2.1",
    "name" : "EHDSMedicationStatement"
  },
  {
    "id" : "EHDSObservation",
    "type" : "StructureDefinition",
    "url" : "http://www.xt-ehr.eu/fhir/models/StructureDefinition/EHDSObservation",
    "version" : "0.2.1",
    "name" : "EHDSObservation"
  },
  {
    "id" : "EHDSOrganisation",
    "type" : "StructureDefinition",
    "url" : "http://www.xt-ehr.eu/fhir/models/StructureDefinition/EHDSOrganisation",
    "version" : "0.2.1",
    "name" : "EHDSOrganisation"
  },
  {
    "id" : "EHDSPatient",
    "type" : "StructureDefinition",
    "url" : "http://www.xt-ehr.eu/fhir/models/StructureDefinition/EHDSPatient",
    "version" : "0.2.1",
    "name" : "EHDSPatient"
  },
  {
    "id" : "EHDSPatientSummary",
    "type" : "StructureDefinition",
    "url" : "http://www.xt-ehr.eu/fhir/models/StructureDefinition/EHDSPatientSummary",
    "version" : "0.2.1",
    "name" : "EHDSPatientSummary"
  },
  {
    "id" : "EHDSPregnancyHistory",
    "type" : "StructureDefinition",
    "url" : "http://www.xt-ehr.eu/fhir/models/StructureDefinition/EHDSPregnancyHistory",
    "version" : "0.2.1",
    "name" : "EHDSPregnancyHistory"
  },
  {
    "id" : "EHDSProcedure",
    "type" : "StructureDefinition",
    "url" : "http://www.xt-ehr.eu/fhir/models/StructureDefinition/EHDSProcedure",
    "version" : "0.2.1",
    "name" : "EHDSProcedure"
  },
  {
    "id" : "EHDSRelatedPerson",
    "type" : "StructureDefinition",
    "url" : "http://www.xt-ehr.eu/fhir/models/StructureDefinition/EHDSRelatedPerson",
    "version" : "0.2.1",
    "name" : "EHDSRelatedPerson"
  },
  {
    "id" : "EHDSServiceRequest",
    "type" : "StructureDefinition",
    "url" : "http://www.xt-ehr.eu/fhir/models/StructureDefinition/EHDSServiceRequest",
    "version" : "0.2.1",
    "name" : "EHDSServiceRequest"
  },
  {
    "id" : "EHDSSocialHistory",
    "type" : "StructureDefinition",
    "url" : "http://www.xt-ehr.eu/fhir/models/StructureDefinition/EHDSSocialHistory",
    "version" : "0.2.1",
    "name" : "EHDSSocialHistory"
  },
  {
    "id" : "EHDSSpecimen",
    "type" : "StructureDefinition",
    "url" : "http://www.xt-ehr.eu/fhir/models/StructureDefinition/EHDSSpecimen",
    "version" : "0.2.1",
    "name" : "EHDSSpecimen"
  },
  {
    "id" : "EHDSSubstanceUse",
    "type" : "StructureDefinition",
    "url" : "http://www.xt-ehr.eu/fhir/models/StructureDefinition/EHDSSubstanceUse",
    "version" : "0.2.1",
    "name" : "EHDSSubstanceUse"
  },
  {
    "id" : "EHDSTelecom",
    "type" : "StructureDefinition",
    "url" : "http://www.xt-ehr.eu/fhir/models/StructureDefinition/EHDSTelecom",
    "version" : "0.2.1",
    "name" : "EHDSTelecom"
  },
  {
    "id" : "EHDSTravelHistory",
    "type" : "StructureDefinition",
    "url" : "http://www.xt-ehr.eu/fhir/models/StructureDefinition/EHDSTravelHistory",
    "version" : "0.2.1",
    "name" : "EHDSTravelHistory"
  }
]
