"Id","Path","Slice Name","Alias(s)","Label","Min","Max","Must Support?","Is Modifier?","Is Summary?","Type(s)","Short","Definition","Comments","Requirements","Default Value","Meaning When Missing","Fixed Value","Pattern","Example","Minimum Value","Maximum Value","Maximum Length","Binding Strength","Binding Description","Binding Value Set","Code","Slicing Discriminator","Slicing Description","Slicing Ordered","Slicing Rules","Base Path","Base Min","Base Max","Condition(s)","Constraint(s)","Mapping: RIM Mapping"
"EHDSClinicalImpression","EHDSClinicalImpression","","","",0,*,"","","","null {[]} {[]}
","Clinical impression model","C.34 - EHDS refined base model for Clinical impression","","","","","","","","","",,,,,"",,,,"Base",0,*,"","","n/a"
"EHDSClinicalImpression.identifier","EHDSClinicalImpression.identifier","","","",1,*,"","","","Identifier {[]} {[]}
","C.34.1 - Identifier","A business identifier of the impression.","","","","","","","","","",,,,,"",,,,"EHDSClinicalImpression.identifier",1,*,"",""
"EHDSClinicalImpression.code","EHDSClinicalImpression.code","","","",0,1,"","","","CodeableConcept {[]} {[]}
","C.34.2 - Code","Kind of assessment performed.","","","","","","","","","",,"preferred","SNOMED CT","","",,,,"EHDSClinicalImpression.code",0,1,"",""
"EHDSClinicalImpression.description","EHDSClinicalImpression.description","","","",0,1,"","","","string {[]} {[]}
","C.34.3 - Description","Textual description of the assessment.","","","","","","","","","",,,,,"",,,,"EHDSClinicalImpression.description",0,1,"",""
"EHDSClinicalImpression.date[x]","EHDSClinicalImpression.date[x]","","","",0,1,"","","","dateTime {[]} {[]}
Period {[]} {[]}","C.34.4 - Date","Assessment date or period","","","","","","","","","",,,,,"",,,,"EHDSClinicalImpression.date[x]",0,1,"",""
"EHDSClinicalImpression.patient","EHDSClinicalImpression.patient","","","",1,1,"","","","Reference {[]} {[CanonicalType[https://www.xt-ehr.eu/specifications/fhir/StructureDefinition/EHDSPatient]]}
","C.34.5 - Patient","Patient assessed","","","","","","","","","",,,,,"",,,,"EHDSClinicalImpression.patient",1,1,"",""
"EHDSClinicalImpression.encounter","EHDSClinicalImpression.encounter","","","",0,1,"","","","Reference {[]} {[CanonicalType[https://www.xt-ehr.eu/specifications/fhir/StructureDefinition/EHDSEncounter]]}
","C.34.6 - Encounter","The Encounter during which this ClinicalImpression was created or to which the creation of this record is tightly associated.","","","","","","","","","",,,,,"",,,,"EHDSClinicalImpression.encounter",0,1,"",""
"EHDSClinicalImpression.performer","EHDSClinicalImpression.performer","","","",0,1,"","","","Reference {[]} {[CanonicalType[https://www.xt-ehr.eu/specifications/fhir/StructureDefinition/EHDSHealthProfessional]]}
","C.34.7 - Performer","The clinician performing the assessment.","","","","","","","","","",,,,,"",,,,"EHDSClinicalImpression.performer",0,1,"",""
"EHDSClinicalImpression.previousClinicalImpression","EHDSClinicalImpression.previousClinicalImpression","","","",0,1,"","","","Reference {[]} {[CanonicalType[https://www.xt-ehr.eu/specifications/fhir/StructureDefinition/EHDSClinicalImpression]]}
","C.34.8 - Previous clinical impression","Reference to last assessment","","","","","","","","","",,,,,"",,,,"EHDSClinicalImpression.previousClinicalImpression",0,1,"",""
"EHDSClinicalImpression.problem","EHDSClinicalImpression.problem","","","",0,*,"","","","Reference {[]} {[CanonicalType[https://www.xt-ehr.eu/specifications/fhir/StructureDefinition/EHDSCondition], CanonicalType[https://www.xt-ehr.eu/specifications/fhir/StructureDefinition/EHDSAllergyIntolerance]]}
","C.34.9 - Problem","A list of the relevant problems/conditions for a patient.","","","","","","","","","",,,,,"",,,,"EHDSClinicalImpression.problem",0,*,"",""
"EHDSClinicalImpression.changePattern","EHDSClinicalImpression.changePattern","","","",0,1,"","","","CodeableConcept {[]} {[]}
","C.34.10 - Change pattern","Change in the status/pattern of a subject's condition since previously assessed, such as worsening, improving, or no change.","","","","","","","","","",,"preferred","SNOMED CT","","",,,,"EHDSClinicalImpression.changePattern",0,1,"",""
"EHDSClinicalImpression.protocol","EHDSClinicalImpression.protocol","","","",0,*,"","","","uri {[]} {[]}
","C.34.11 - Protocol","Reference to a specific published clinical protocol that was followed during this assessment, and/or that provides evidence in support of the diagnosis.","","","","","","","","","",,,,,"",,,,"EHDSClinicalImpression.protocol",0,*,"",""
"EHDSClinicalImpression.summary","EHDSClinicalImpression.summary","","","",0,1,"","","","string {[]} {[]}
","C.34.12 - Summary","Clinical impression summary.","","","","","","","","","",,,,,"",,,,"EHDSClinicalImpression.summary",0,1,"",""
"EHDSClinicalImpression.finding","EHDSClinicalImpression.finding","","","",0,*,"","","","Base {[]} {[]}
","C.34.13 - Finding","Specific findings or diagnoses that were considered likely or relevant to ongoing treatment.","","","","","","","","","",,,,,"",,,,"EHDSClinicalImpression.finding",0,*,"",""
"EHDSClinicalImpression.finding.itemCode","EHDSClinicalImpression.finding.itemCode","","","",0,1,"","","","CodeableConcept {[]} {[]}
","C.34.13.1 - Item code","Specific text or code for finding or diagnosis, which may include ruled-out or resolved conditions.","","","","","","","","","",,"preferred","SNOMED CT","","",,,,"EHDSClinicalImpression.finding.itemCode",0,1,"",""
"EHDSClinicalImpression.finding.itemReference","EHDSClinicalImpression.finding.itemReference","","","",0,1,"","","","Reference {[]} {[CanonicalType[https://www.xt-ehr.eu/specifications/fhir/StructureDefinition/EHDSCondition], CanonicalType[https://www.xt-ehr.eu/specifications/fhir/StructureDefinition/EHDSObservation]]}
","C.34.13.2 - Item reference","Specific reference for finding or diagnosis, which may include ruled-out or resolved conditions.","","","","","","","","","",,,,,"",,,,"EHDSClinicalImpression.finding.itemReference",0,1,"",""
"EHDSClinicalImpression.supportingInfo","EHDSClinicalImpression.supportingInfo","","","",0,*,"","","","Reference {[]} {[CanonicalType[http://hl7.org/fhir/StructureDefinition/Resource]]}
","C.34.14 - Supporting info","Information supporting the clinical impression","","","","","","","","","",,,,,"",,,,"EHDSClinicalImpression.supportingInfo",0,*,"",""
"EHDSClinicalImpression.comments","EHDSClinicalImpression.comments","","","",0,*,"","","","string {[]} {[]}
","C.34.15 - Comments","Comments made about the ClinicalImpression","","","","","","","","","",,,,,"",,,,"EHDSClinicalImpression.comments",0,*,"",""
