"Id","Path","Slice Name","Alias(s)","Label","Min","Max","Must Support?","Is Modifier?","Is Summary?","Type(s)","Short","Definition","Comments","Requirements","Default Value","Meaning When Missing","Fixed Value","Pattern","Example","Minimum Value","Maximum Value","Maximum Length","Binding Strength","Binding Description","Binding Value Set","Code","Slicing Discriminator","Slicing Description","Slicing Ordered","Slicing Rules","Base Path","Base Min","Base Max","Condition(s)","Constraint(s)","Mapping: RIM Mapping"
"EHDSPSMedicationStatement","EHDSPSMedicationStatement","","","",0,*,"","","","null {[]} {[]}
","Medication Statement","Entry in a Medication Summary or overview.","","","","","","","","","",,,,,"",,,,"Base",0,*,"","","n/a"
"EHDSPSMedicationStatement.header","EHDSPSMedicationStatement.header","","","",1,*,"","","","Base {[]} {[]}
","Common header for all patient-related data","Common header for all patient-related data","","","","","","","","","",,,,,"",,,,"EHDSDataSet.header",1,*,"",""
"EHDSPSMedicationStatement.header.subject","EHDSPSMedicationStatement.header.subject","","","",1,1,"","","","https://www.xt-ehr.eu/specifications/fhir/StructureDefinition/EHDSPatient {[]} {[]}
","Subject","Patient/subject information","","","","","","","","","",,,,,"",,,,"EHDSDataSet.header.subject",1,1,"",""
"EHDSPSMedicationStatement.header.identifier","EHDSPSMedicationStatement.header.identifier","","","",0,*,"","","","Identifier {[]} {[]}
","Business identifier for the object","Business identifier for the object","","","","","","","","","",,,,,"",,,,"EHDSDataSet.header.identifier",0,*,"",""
"EHDSPSMedicationStatement.header.authorship","EHDSPSMedicationStatement.header.authorship","","","",1,*,"","","","Base {[]} {[]}
","Authorship","Resource authoring details","","","","","","","","","",,,,,"",,,,"EHDSDataSet.header.authorship",1,*,"",""
"EHDSPSMedicationStatement.header.authorship.author[x]","EHDSPSMedicationStatement.header.authorship.author[x]","","","",1,1,"","","","https://www.xt-ehr.eu/specifications/fhir/StructureDefinition/EHDSHealthProfessional {[]} {[]}
https://www.xt-ehr.eu/specifications/fhir/StructureDefinition/EHDSOrganization {[]} {[]}https://www.xt-ehr.eu/specifications/fhir/StructureDefinition/EHDSDevice {[]} {[]}","Author","Author(s) by whom the resource was/were authored. Multiple authors could be provided.","","","","","","","","","",,,,,"",,,,"EHDSDataSet.header.authorship.author[x]",1,1,"",""
"EHDSPSMedicationStatement.header.authorship.datetime","EHDSPSMedicationStatement.header.authorship.datetime","","","",1,1,"","","","dateTime {[]} {[]}
","Date and time of authoring/issuing","Date and time of the issuing the document/resource by its author.","","","","","","","","","",,,,,"",,,,"EHDSDataSet.header.authorship.datetime",1,1,"",""
"EHDSPSMedicationStatement.header.lastUpdate","EHDSPSMedicationStatement.header.lastUpdate","","","",0,1,"","","","dateTime {[]} {[]}
","Date and time of the last update to the resource","Date and time of the last update to the document/information","","","","","","","","","",,,,,"",,,,"EHDSDataSet.header.lastUpdate",0,1,"",""
"EHDSPSMedicationStatement.header.status","EHDSPSMedicationStatement.header.status","","","",1,1,"","","","CodeableConcept {[]} {[]}
","Status of the resource","Status of the resource","","","","","","","","","",,,,,"",,,,"EHDSDataSet.header.status",1,1,"",""
"EHDSPSMedicationStatement.header.statusReason[x]","EHDSPSMedicationStatement.header.statusReason[x]","","","",0,1,"","","","CodeableConcept {[]} {[]}
string {[]} {[]}","Reason for the current status of the resource.","Reason for the current status of the resource.","","","","","","","","","",,,,,"",,,,"EHDSDataSet.header.statusReason[x]",0,1,"",""
"EHDSPSMedicationStatement.header.language","EHDSPSMedicationStatement.header.language","","","",0,1,"","","","CodeableConcept {[]} {[]}
","Language","Language in which the resource is written. Language is expressed by the IETF language tag.","","","","","","","","","",,"preferred","BCP 47","","",,,,"EHDSDataSet.header.language",0,1,"",""
"EHDSPSMedicationStatement.header.version","EHDSPSMedicationStatement.header.version","","","",0,1,"","","","string {[]} {[]}
","Version","Business version of the resource.","","","","","","","","","",,,,,"",,,,"EHDSDataSet.header.version",0,1,"",""
"EHDSPSMedicationStatement.presentedForm","EHDSPSMedicationStatement.presentedForm","","","",0,*,"","","","https://www.xt-ehr.eu/specifications/fhir/StructureDefinition/EHDSAttachment {[]} {[]}
","A narrative easy-to-read representation of the full data set, e.g. PDF-version of a document","A narrative easy-to-read representation of the full data set, e.g. PDF-version of a document","","","","","","","","","",,,,,"",,,,"EHDSDataSet.presentedForm",0,*,"",""
"EHDSPSMedicationStatement.generatedFullDoseInstructions","EHDSPSMedicationStatement.generatedFullDoseInstructions","","","",0,1,"","","","string {[]} {[]}
","Autogenerated human readable text created from all structured and unstructured information elements related to dosage and dosage instructions.","Autogenerated human readable text created from all structured and unstructured information elements related to dosage and dosage instructions.","","","","","","","","","",,,,,"",,,,"EHDSPSMedicationStatement.generatedFullDoseInstructions",0,1,"",""
"EHDSPSMedicationStatement.status","EHDSPSMedicationStatement.status","","","",0,1,"","","","CodeableConcept {[]} {[]}
","The current status of the taking of medicine.","The current status of the taking of medicine.","","MH@EU","","","","","","","",,,,,"",,,,"EHDSPSMedicationStatement.status",0,1,"",""
"EHDSPSMedicationStatement.medication","EHDSPSMedicationStatement.medication","","","",1,1,"","","","https://www.xt-ehr.eu/specifications/fhir/StructureDefinition/EHDSMedication {[]} {[]}
","The medication that is being administered or has been administered.","The medication that is being administered or has been administered.","","eHN PS Guideline, ISO IPS, MH@EU","","","","","","","",,,,,"",,,,"EHDSPSMedicationStatement.medication",1,1,"",""
"EHDSPSMedicationStatement.reason","EHDSPSMedicationStatement.reason","","","",0,*,"","","","CodeableConcept {[]} {[]}
","Coded or text reason for the prescription (typically diagnosis, or a procedure)","This is the reason why the medication is being prescribed or used. It provides a link to the Past or current health conditions or problems that the patient has had or has. [IPS].","","","","","","","","","",,,,,"",,,,"EHDSPSMedicationStatement.reason",0,*,"",""
"EHDSPSMedicationStatement.intendedUse","EHDSPSMedicationStatement.intendedUse","","","",0,1,"","","","CodeableConcept {[]} {[]}
","The intended use of the medication, e.g. prophylactic, therapeutic, diagnostic, anesthesia, etc.","The intended use of the medication, e.g. prophylactic, therapeutic, diagnostic, anesthesia, etc.","","eHN PS Guideline, MH@EU","","","","","","","",,,,,"",,,,"EHDSPSMedicationStatement.intendedUse",0,1,"",""
"EHDSPSMedicationStatement.doseRegimen","EHDSPSMedicationStatement.doseRegimen","","","",0,1,"","","","https://www.xt-ehr.eu/specifications/fhir/StructureDefinition/EHDSDosaging {[]} {[]}
","Number of units per intake and frequency of intake over a specified duration of time","Number of units per intake and frequency of intake over a specified duration of time. Example: 1 tablet every 24h, for 10 days .","","eHN PS Guideline, ISO IPS, MH@EU","","","","","","","",,,,,"",,,,"EHDSPSMedicationStatement.doseRegimen",0,1,"",""
"EHDSPSMedicationStatement.periodOfUse","EHDSPSMedicationStatement.periodOfUse","","","",0,1,"","","","Period {[]} {[]}
","Date when patient needs to start taking the medicine prescribed","Date when patient needs to start taking the medicine prescribed. This information may be expressed using start and end date times OR indicating the duration. The first is used to indicate a specified interval (e.g., from March 15th, 2017); the latter for indicating a 'floating' period (e.g., 2 weeks). In case of unbounded period (continuous therapy), the end element will be valued with an exceptional value.","","eHN PS Guideline, ISO IPS, MH@EU","","","","","","","",,,,,"",,,,"EHDSPSMedicationStatement.periodOfUse",0,1,"",""
