"Id","Path","Slice Name","Alias(s)","Label","Min","Max","Must Support?","Is Modifier?","Is Summary?","Type(s)","Short","Definition","Comments","Requirements","Default Value","Meaning When Missing","Fixed Value","Pattern","Example","Minimum Value","Maximum Value","Maximum Length","Binding Strength","Binding Description","Binding Value Set","Code","Slicing Discriminator","Slicing Description","Slicing Ordered","Slicing Rules","Base Path","Base Min","Base Max","Condition(s)","Constraint(s)","Mapping: RIM Mapping"
"eHNPatientSummaryHeader","eHNPatientSummaryHeader","","","",0,*,"","","","null {[]} {[]}
","Patient Summary Header","A data model representing the Patient Summary Header according to the eHN guidelines.","","","","","","","","","",,,,,"",,,,"Base",0,*,"","","n/a"
"eHNPatientSummaryHeader.patientSummaryHeader","eHNPatientSummaryHeader.patientSummaryHeader","","","",1,1,"","","","BackboneElement {[]} {[]}
","A.1 Patient summary header data elements","A.1 Patient summary header data elements","","","","","","","","","",,,,,"",,,,"eHNPatientSummaryHeader.patientSummaryHeader",1,1,"","ele-1:All FHIR elements must have a @value or children {hasValue() or (children().count() > id.count())}
"
"eHNPatientSummaryHeader.patientSummaryHeader.id","eHNPatientSummaryHeader.patientSummaryHeader.id","","","",0,1,"","","","id {[]} {[]}
","Unique id for inter-element referencing","Unique id for the element within a resource (for internal references). This may be any string value that does not contain spaces.","","","","","","","","","",,,,,"",,,,"Element.id",0,1,"ele-1
","","n/a"
"eHNPatientSummaryHeader.patientSummaryHeader.extension","eHNPatientSummaryHeader.patientSummaryHeader.extension","","extensions
user content","",0,*,"","","","Extension {[]} {[]}
","Additional content defined by implementations","May be used to represent additional information that is not part of the basic definition of the element. To make the use of extensions safe and managable, there is a strict set of governance applied to the definition and use of extensions. Though any implementer can define an extension, there is a set of requirements that SHALL be met as part of the definition of the extension.","There can be no stigma associated with the use of extensions by any application, project, or standard - regardless of the institution or jurisdiction that uses or defines the extensions.  The use of extensions is what allows the FHIR specification to retain a core level of simplicity for everyone.","","","","","","","","",,,,,"","value:url}
","Extensions are always sliced by (at least) url",,"open","Element.extension",0,*,"","ele-1:All FHIR elements must have a @value or children {hasValue() or (children().count() > id.count())}
ext-1:Must have either extensions or value[x], not both {extension.exists() != value.exists()}","n/a"
"eHNPatientSummaryHeader.patientSummaryHeader.modifierExtension","eHNPatientSummaryHeader.patientSummaryHeader.modifierExtension","","extensions
user contentmodifiers","",0,*,"","Y","Y","Extension {[]} {[]}
","Extensions that cannot be ignored even if unrecognized","May be used to represent additional information that is not part of the basic definition of the element and that modifies the understanding of the element in which it is contained and/or the understanding of the containing element's descendants. Usually modifier elements provide negation or qualification. To make the use of extensions safe and managable, there is a strict set of governance applied to the definition and use of extensions. Though any implementer can define an extension, there is a set of requirements that SHALL be met as part of the definition of the extension. Applications processing a resource are required to check for modifier extensions.

Modifier extensions SHALL NOT change the meaning of any elements on Resource or DomainResource (including cannot change the meaning of modifierExtension itself).","There can be no stigma associated with the use of extensions by any application, project, or standard - regardless of the institution or jurisdiction that uses or defines the extensions.  The use of extensions is what allows the FHIR specification to retain a core level of simplicity for everyone.","Modifier extensions allow for extensions that *cannot* be safely ignored to be clearly distinguished from the vast majority of extensions which can be safely ignored.  This promotes interoperability by eliminating the need for implementers to prohibit the presence of extensions. For further information, see the [definition of modifier extensions](http://hl7.org/fhir/R5/extensibility.html#modifierExtension).","","","","","","","",,,,,"",,,,"BackboneElement.modifierExtension",0,*,"","ele-1:All FHIR elements must have a @value or children {hasValue() or (children().count() > id.count())}
ext-1:Must have either extensions or value[x], not both {extension.exists() != value.exists()}","N/A"
"eHNPatientSummaryHeader.patientSummaryHeader.identification","eHNPatientSummaryHeader.patientSummaryHeader.identification","","","",1,1,"","","","BackboneElement {[]} {[]}
","A.1.1 Identification of the patient/subject","A.1.1 Identification of the patient/subject","","","","","","","","","",,,,,"",,,,"eHNPatientSummaryHeader.patientSummaryHeader.identification",1,1,"","ele-1:All FHIR elements must have a @value or children {hasValue() or (children().count() > id.count())}
"
"eHNPatientSummaryHeader.patientSummaryHeader.identification.id","eHNPatientSummaryHeader.patientSummaryHeader.identification.id","","","",0,1,"","","","id {[]} {[]}
","Unique id for inter-element referencing","Unique id for the element within a resource (for internal references). This may be any string value that does not contain spaces.","","","","","","","","","",,,,,"",,,,"Element.id",0,1,"ele-1
","","n/a"
"eHNPatientSummaryHeader.patientSummaryHeader.identification.extension","eHNPatientSummaryHeader.patientSummaryHeader.identification.extension","","extensions
user content","",0,*,"","","","Extension {[]} {[]}
","Additional content defined by implementations","May be used to represent additional information that is not part of the basic definition of the element. To make the use of extensions safe and managable, there is a strict set of governance applied to the definition and use of extensions. Though any implementer can define an extension, there is a set of requirements that SHALL be met as part of the definition of the extension.","There can be no stigma associated with the use of extensions by any application, project, or standard - regardless of the institution or jurisdiction that uses or defines the extensions.  The use of extensions is what allows the FHIR specification to retain a core level of simplicity for everyone.","","","","","","","","",,,,,"","value:url}
","Extensions are always sliced by (at least) url",,"open","Element.extension",0,*,"","ele-1:All FHIR elements must have a @value or children {hasValue() or (children().count() > id.count())}
ext-1:Must have either extensions or value[x], not both {extension.exists() != value.exists()}","n/a"
"eHNPatientSummaryHeader.patientSummaryHeader.identification.modifierExtension","eHNPatientSummaryHeader.patientSummaryHeader.identification.modifierExtension","","extensions
user contentmodifiers","",0,*,"","Y","Y","Extension {[]} {[]}
","Extensions that cannot be ignored even if unrecognized","May be used to represent additional information that is not part of the basic definition of the element and that modifies the understanding of the element in which it is contained and/or the understanding of the containing element's descendants. Usually modifier elements provide negation or qualification. To make the use of extensions safe and managable, there is a strict set of governance applied to the definition and use of extensions. Though any implementer can define an extension, there is a set of requirements that SHALL be met as part of the definition of the extension. Applications processing a resource are required to check for modifier extensions.

Modifier extensions SHALL NOT change the meaning of any elements on Resource or DomainResource (including cannot change the meaning of modifierExtension itself).","There can be no stigma associated with the use of extensions by any application, project, or standard - regardless of the institution or jurisdiction that uses or defines the extensions.  The use of extensions is what allows the FHIR specification to retain a core level of simplicity for everyone.","Modifier extensions allow for extensions that *cannot* be safely ignored to be clearly distinguished from the vast majority of extensions which can be safely ignored.  This promotes interoperability by eliminating the need for implementers to prohibit the presence of extensions. For further information, see the [definition of modifier extensions](http://hl7.org/fhir/R5/extensibility.html#modifierExtension).","","","","","","","",,,,,"",,,,"BackboneElement.modifierExtension",0,*,"","ele-1:All FHIR elements must have a @value or children {hasValue() or (children().count() > id.count())}
ext-1:Must have either extensions or value[x], not both {extension.exists() != value.exists()}","N/A"
"eHNPatientSummaryHeader.patientSummaryHeader.identification.nationalHealthcarePatientId","eHNPatientSummaryHeader.patientSummaryHeader.identification.nationalHealthcarePatientId","","","",0,1,"","","","string {[]} {[]}
","A.1.1.1 National healthcare patient ID","Country ID, unique to the patient in that country. Example: ID for Portuguese patient.","","","","","","","","","",,,,,"",,,,"eHNPatientSummaryHeader.patientSummaryHeader.identification.nationalHealthcarePatientId",0,1,"",""
"eHNPatientSummaryHeader.patientSummaryHeader.identification.familyNameSurname","eHNPatientSummaryHeader.patientSummaryHeader.identification.familyNameSurname","","","",0,*,"","","","string {[]} {[]}
","A.1.1.2 Family name/surname","The given name/first name of the patient (also known as forename or first name). This field can contain more than one element.","","","","","","","","","",,,,,"",,,,"eHNPatientSummaryHeader.patientSummaryHeader.identification.familyNameSurname",0,*,"",""
"eHNPatientSummaryHeader.patientSummaryHeader.identification.givenName","eHNPatientSummaryHeader.patientSummaryHeader.identification.givenName","","","",0,*,"","","","string {[]} {[]}
","A.1.1.3 Given name","The family name/surname/last name of the patient. This field can contain more than one element or multiple fields could be present.","","","","","","","","","",,,,,"",,,,"eHNPatientSummaryHeader.patientSummaryHeader.identification.givenName",0,*,"",""
"eHNPatientSummaryHeader.patientSummaryHeader.identification.dateOfBirth","eHNPatientSummaryHeader.patientSummaryHeader.identification.dateOfBirth","","","",1,1,"","","","date {[]} {[]}
","A.1.1.4 Date of birth","The date of birth of the patient [ISO TS 22220]. As age of the patient might be important for correct interpretation of test result values, complete date of birth should be provided.","","","","","","","","","",,,,,"",,,,"eHNPatientSummaryHeader.patientSummaryHeader.identification.dateOfBirth",1,1,"",""
"eHNPatientSummaryHeader.patientSummaryHeader.identification.gender","eHNPatientSummaryHeader.patientSummaryHeader.identification.gender","","","",1,1,"","","","code {[]} {[]}
","A.1.1.5 Gender","This field must contain a recognised valid value for 'administrative gender'. If different, 'physiological gender' should be communicated elsewhere.","","","","","","","","","",,"","HL7 Administrative Gender","","",,,,"eHNPatientSummaryHeader.patientSummaryHeader.identification.gender",1,1,"",""
"eHNPatientSummaryHeader.patientSummaryHeader.identification.countryOfAffiliation","eHNPatientSummaryHeader.patientSummaryHeader.identification.countryOfAffiliation","","","",0,1,"","","","code {[]} {[]}
","A.1.1.6 Country of affiliation","Name of country of affiliation","","","","","","","","","",,"","ISO 3166","","",,,,"eHNPatientSummaryHeader.patientSummaryHeader.identification.countryOfAffiliation",0,1,"",""
"eHNPatientSummaryHeader.patientSummaryHeader.contactInformation","eHNPatientSummaryHeader.patientSummaryHeader.contactInformation","","","",1,1,"","","","BackboneElement {[]} {[]}
","A.1.2 Contact information","Patient and health professional contact information.","","","","","","","","","",,,,,"",,,,"eHNPatientSummaryHeader.patientSummaryHeader.contactInformation",1,1,"","ele-1:All FHIR elements must have a @value or children {hasValue() or (children().count() > id.count())}
"
"eHNPatientSummaryHeader.patientSummaryHeader.contactInformation.id","eHNPatientSummaryHeader.patientSummaryHeader.contactInformation.id","","","",0,1,"","","","id {[]} {[]}
","Unique id for inter-element referencing","Unique id for the element within a resource (for internal references). This may be any string value that does not contain spaces.","","","","","","","","","",,,,,"",,,,"Element.id",0,1,"ele-1
","","n/a"
"eHNPatientSummaryHeader.patientSummaryHeader.contactInformation.extension","eHNPatientSummaryHeader.patientSummaryHeader.contactInformation.extension","","extensions
user content","",0,*,"","","","Extension {[]} {[]}
","Additional content defined by implementations","May be used to represent additional information that is not part of the basic definition of the element. To make the use of extensions safe and managable, there is a strict set of governance applied to the definition and use of extensions. Though any implementer can define an extension, there is a set of requirements that SHALL be met as part of the definition of the extension.","There can be no stigma associated with the use of extensions by any application, project, or standard - regardless of the institution or jurisdiction that uses or defines the extensions.  The use of extensions is what allows the FHIR specification to retain a core level of simplicity for everyone.","","","","","","","","",,,,,"","value:url}
","Extensions are always sliced by (at least) url",,"open","Element.extension",0,*,"","ele-1:All FHIR elements must have a @value or children {hasValue() or (children().count() > id.count())}
ext-1:Must have either extensions or value[x], not both {extension.exists() != value.exists()}","n/a"
"eHNPatientSummaryHeader.patientSummaryHeader.contactInformation.modifierExtension","eHNPatientSummaryHeader.patientSummaryHeader.contactInformation.modifierExtension","","extensions
user contentmodifiers","",0,*,"","Y","Y","Extension {[]} {[]}
","Extensions that cannot be ignored even if unrecognized","May be used to represent additional information that is not part of the basic definition of the element and that modifies the understanding of the element in which it is contained and/or the understanding of the containing element's descendants. Usually modifier elements provide negation or qualification. To make the use of extensions safe and managable, there is a strict set of governance applied to the definition and use of extensions. Though any implementer can define an extension, there is a set of requirements that SHALL be met as part of the definition of the extension. Applications processing a resource are required to check for modifier extensions.

Modifier extensions SHALL NOT change the meaning of any elements on Resource or DomainResource (including cannot change the meaning of modifierExtension itself).","There can be no stigma associated with the use of extensions by any application, project, or standard - regardless of the institution or jurisdiction that uses or defines the extensions.  The use of extensions is what allows the FHIR specification to retain a core level of simplicity for everyone.","Modifier extensions allow for extensions that *cannot* be safely ignored to be clearly distinguished from the vast majority of extensions which can be safely ignored.  This promotes interoperability by eliminating the need for implementers to prohibit the presence of extensions. For further information, see the [definition of modifier extensions](http://hl7.org/fhir/R5/extensibility.html#modifierExtension).","","","","","","","",,,,,"",,,,"BackboneElement.modifierExtension",0,*,"","ele-1:All FHIR elements must have a @value or children {hasValue() or (children().count() > id.count())}
ext-1:Must have either extensions or value[x], not both {extension.exists() != value.exists()}","N/A"
"eHNPatientSummaryHeader.patientSummaryHeader.contactInformation.patientAddress","eHNPatientSummaryHeader.patientSummaryHeader.contactInformation.patientAddress","","","",1,1,"","","","BackboneElement {[]} {[]}
","A.1.2.1 Patient address","Detailed structured address of the patient.","","","","","","","","","",,,,,"",,,,"eHNPatientSummaryHeader.patientSummaryHeader.contactInformation.patientAddress",1,1,"","ele-1:All FHIR elements must have a @value or children {hasValue() or (children().count() > id.count())}
"
"eHNPatientSummaryHeader.patientSummaryHeader.contactInformation.patientAddress.id","eHNPatientSummaryHeader.patientSummaryHeader.contactInformation.patientAddress.id","","","",0,1,"","","","id {[]} {[]}
","Unique id for inter-element referencing","Unique id for the element within a resource (for internal references). This may be any string value that does not contain spaces.","","","","","","","","","",,,,,"",,,,"Element.id",0,1,"ele-1
","","n/a"
"eHNPatientSummaryHeader.patientSummaryHeader.contactInformation.patientAddress.extension","eHNPatientSummaryHeader.patientSummaryHeader.contactInformation.patientAddress.extension","","extensions
user content","",0,*,"","","","Extension {[]} {[]}
","Additional content defined by implementations","May be used to represent additional information that is not part of the basic definition of the element. To make the use of extensions safe and managable, there is a strict set of governance applied to the definition and use of extensions. Though any implementer can define an extension, there is a set of requirements that SHALL be met as part of the definition of the extension.","There can be no stigma associated with the use of extensions by any application, project, or standard - regardless of the institution or jurisdiction that uses or defines the extensions.  The use of extensions is what allows the FHIR specification to retain a core level of simplicity for everyone.","","","","","","","","",,,,,"","value:url}
","Extensions are always sliced by (at least) url",,"open","Element.extension",0,*,"","ele-1:All FHIR elements must have a @value or children {hasValue() or (children().count() > id.count())}
ext-1:Must have either extensions or value[x], not both {extension.exists() != value.exists()}","n/a"
"eHNPatientSummaryHeader.patientSummaryHeader.contactInformation.patientAddress.modifierExtension","eHNPatientSummaryHeader.patientSummaryHeader.contactInformation.patientAddress.modifierExtension","","extensions
user contentmodifiers","",0,*,"","Y","Y","Extension {[]} {[]}
","Extensions that cannot be ignored even if unrecognized","May be used to represent additional information that is not part of the basic definition of the element and that modifies the understanding of the element in which it is contained and/or the understanding of the containing element's descendants. Usually modifier elements provide negation or qualification. To make the use of extensions safe and managable, there is a strict set of governance applied to the definition and use of extensions. Though any implementer can define an extension, there is a set of requirements that SHALL be met as part of the definition of the extension. Applications processing a resource are required to check for modifier extensions.

Modifier extensions SHALL NOT change the meaning of any elements on Resource or DomainResource (including cannot change the meaning of modifierExtension itself).","There can be no stigma associated with the use of extensions by any application, project, or standard - regardless of the institution or jurisdiction that uses or defines the extensions.  The use of extensions is what allows the FHIR specification to retain a core level of simplicity for everyone.","Modifier extensions allow for extensions that *cannot* be safely ignored to be clearly distinguished from the vast majority of extensions which can be safely ignored.  This promotes interoperability by eliminating the need for implementers to prohibit the presence of extensions. For further information, see the [definition of modifier extensions](http://hl7.org/fhir/R5/extensibility.html#modifierExtension).","","","","","","","",,,,,"",,,,"BackboneElement.modifierExtension",0,*,"","ele-1:All FHIR elements must have a @value or children {hasValue() or (children().count() > id.count())}
ext-1:Must have either extensions or value[x], not both {extension.exists() != value.exists()}","N/A"
"eHNPatientSummaryHeader.patientSummaryHeader.contactInformation.patientAddress.street","eHNPatientSummaryHeader.patientSummaryHeader.contactInformation.patientAddress.street","","","",0,1,"","","","string {[]} {[]}
","A.1.2.1.1 Street","Example: Rua dos Campeões","","","","","","","","","",,,,,"",,,,"eHNPatientSummaryHeader.patientSummaryHeader.contactInformation.patientAddress.street",0,1,"",""
"eHNPatientSummaryHeader.patientSummaryHeader.contactInformation.patientAddress.houseNumber","eHNPatientSummaryHeader.patientSummaryHeader.contactInformation.patientAddress.houseNumber","","","",0,1,"","","","string {[]} {[]}
","A.1.2.1.2 House number","Example: 246","","","","","","","","","",,,,,"",,,,"eHNPatientSummaryHeader.patientSummaryHeader.contactInformation.patientAddress.houseNumber",0,1,"",""
"eHNPatientSummaryHeader.patientSummaryHeader.contactInformation.patientAddress.city","eHNPatientSummaryHeader.patientSummaryHeader.contactInformation.patientAddress.city","","","",0,1,"","","","string {[]} {[]}
","A.1.2.1.3 City","Example: Porto","","","","","","","","","",,,,,"",,,,"eHNPatientSummaryHeader.patientSummaryHeader.contactInformation.patientAddress.city",0,1,"",""
"eHNPatientSummaryHeader.patientSummaryHeader.contactInformation.patientAddress.postCode","eHNPatientSummaryHeader.patientSummaryHeader.contactInformation.patientAddress.postCode","","","",0,1,"","","","string {[]} {[]}
","A.1.2.1.4 Post code","Example: 4500","","","","","","","","","",,,,,"",,,,"eHNPatientSummaryHeader.patientSummaryHeader.contactInformation.patientAddress.postCode",0,1,"",""
"eHNPatientSummaryHeader.patientSummaryHeader.contactInformation.patientAddress.stateOrProvince","eHNPatientSummaryHeader.patientSummaryHeader.contactInformation.patientAddress.stateOrProvince","","","",0,1,"","","","string {[]} {[]}
","A.1.2.1.5 State or province","Example: Vila Nova de Gaia","","","","","","","","","",,,,,"",,,,"eHNPatientSummaryHeader.patientSummaryHeader.contactInformation.patientAddress.stateOrProvince",0,1,"",""
"eHNPatientSummaryHeader.patientSummaryHeader.contactInformation.patientAddress.country","eHNPatientSummaryHeader.patientSummaryHeader.contactInformation.patientAddress.country","","","",0,1,"","","","code {[]} {[]}
","A.1.2.1.6 Country","Example: PT","","","","","","","","","",,"","ISO 3166","","",,,,"eHNPatientSummaryHeader.patientSummaryHeader.contactInformation.patientAddress.country",0,1,"",""
"eHNPatientSummaryHeader.patientSummaryHeader.contactInformation.patientAddress.telephoneNo","eHNPatientSummaryHeader.patientSummaryHeader.contactInformation.patientAddress.telephoneNo","","","",0,1,"","","","string {[]} {[]}
","A.1.2.1.7 Telephone no.","Example: +351 20 7025 6161","","","","","","","","","",,,,,"",,,,"eHNPatientSummaryHeader.patientSummaryHeader.contactInformation.patientAddress.telephoneNo",0,1,"",""
"eHNPatientSummaryHeader.patientSummaryHeader.contactInformation.patientAddress.email","eHNPatientSummaryHeader.patientSummaryHeader.contactInformation.patientAddress.email","","","",0,1,"","","","string {[]} {[]}
","A.1.2.1.8 Email","A.1.2.1.8 Email","","","","","","","","","",,,,,"",,,,"eHNPatientSummaryHeader.patientSummaryHeader.contactInformation.patientAddress.email",0,1,"",""
"eHNPatientSummaryHeader.patientSummaryHeader.contactInformation.preferredHpToContact","eHNPatientSummaryHeader.patientSummaryHeader.contactInformation.preferredHpToContact","","","",0,*,"","","","BackboneElement {[]} {[]}
","A.1.2.2 Preferred HP to contact","This section can be repeated and linked to any specific information in the Patient Summary, for example a link between a rare disease problem (A.2.3.1) and the rare disease specialist responsible for the care of the individual patient (this section).","","","","","","","","","",,,,,"",,,,"eHNPatientSummaryHeader.patientSummaryHeader.contactInformation.preferredHpToContact",0,*,"","ele-1:All FHIR elements must have a @value or children {hasValue() or (children().count() > id.count())}
"
"eHNPatientSummaryHeader.patientSummaryHeader.contactInformation.preferredHpToContact.id","eHNPatientSummaryHeader.patientSummaryHeader.contactInformation.preferredHpToContact.id","","","",0,1,"","","","id {[]} {[]}
","Unique id for inter-element referencing","Unique id for the element within a resource (for internal references). This may be any string value that does not contain spaces.","","","","","","","","","",,,,,"",,,,"Element.id",0,1,"ele-1
","","n/a"
"eHNPatientSummaryHeader.patientSummaryHeader.contactInformation.preferredHpToContact.extension","eHNPatientSummaryHeader.patientSummaryHeader.contactInformation.preferredHpToContact.extension","","extensions
user content","",0,*,"","","","Extension {[]} {[]}
","Additional content defined by implementations","May be used to represent additional information that is not part of the basic definition of the element. To make the use of extensions safe and managable, there is a strict set of governance applied to the definition and use of extensions. Though any implementer can define an extension, there is a set of requirements that SHALL be met as part of the definition of the extension.","There can be no stigma associated with the use of extensions by any application, project, or standard - regardless of the institution or jurisdiction that uses or defines the extensions.  The use of extensions is what allows the FHIR specification to retain a core level of simplicity for everyone.","","","","","","","","",,,,,"","value:url}
","Extensions are always sliced by (at least) url",,"open","Element.extension",0,*,"","ele-1:All FHIR elements must have a @value or children {hasValue() or (children().count() > id.count())}
ext-1:Must have either extensions or value[x], not both {extension.exists() != value.exists()}","n/a"
"eHNPatientSummaryHeader.patientSummaryHeader.contactInformation.preferredHpToContact.modifierExtension","eHNPatientSummaryHeader.patientSummaryHeader.contactInformation.preferredHpToContact.modifierExtension","","extensions
user contentmodifiers","",0,*,"","Y","Y","Extension {[]} {[]}
","Extensions that cannot be ignored even if unrecognized","May be used to represent additional information that is not part of the basic definition of the element and that modifies the understanding of the element in which it is contained and/or the understanding of the containing element's descendants. Usually modifier elements provide negation or qualification. To make the use of extensions safe and managable, there is a strict set of governance applied to the definition and use of extensions. Though any implementer can define an extension, there is a set of requirements that SHALL be met as part of the definition of the extension. Applications processing a resource are required to check for modifier extensions.

Modifier extensions SHALL NOT change the meaning of any elements on Resource or DomainResource (including cannot change the meaning of modifierExtension itself).","There can be no stigma associated with the use of extensions by any application, project, or standard - regardless of the institution or jurisdiction that uses or defines the extensions.  The use of extensions is what allows the FHIR specification to retain a core level of simplicity for everyone.","Modifier extensions allow for extensions that *cannot* be safely ignored to be clearly distinguished from the vast majority of extensions which can be safely ignored.  This promotes interoperability by eliminating the need for implementers to prohibit the presence of extensions. For further information, see the [definition of modifier extensions](http://hl7.org/fhir/R5/extensibility.html#modifierExtension).","","","","","","","",,,,,"",,,,"BackboneElement.modifierExtension",0,*,"","ele-1:All FHIR elements must have a @value or children {hasValue() or (children().count() > id.count())}
ext-1:Must have either extensions or value[x], not both {extension.exists() != value.exists()}","N/A"
"eHNPatientSummaryHeader.patientSummaryHeader.contactInformation.preferredHpToContact.nameOfHp","eHNPatientSummaryHeader.patientSummaryHeader.contactInformation.preferredHpToContact.nameOfHp","","","",0,1,"","","","string {[]} {[]}
","A.1.2.2.1 Name of the HP","Name of the Health Professional that has been treating or taking responsibility for the patient.","","","","","","","","","",,,,,"",,,,"eHNPatientSummaryHeader.patientSummaryHeader.contactInformation.preferredHpToContact.nameOfHp",0,1,"",""
"eHNPatientSummaryHeader.patientSummaryHeader.contactInformation.preferredHpToContact.roleOfHp","eHNPatientSummaryHeader.patientSummaryHeader.contactInformation.preferredHpToContact.roleOfHp","","","",0,1,"","","","string {[]} {[]}
","A.1.2.2.2 Role of the HP","Health professional role.","","","","","","","","","",,,,,"",,,,"eHNPatientSummaryHeader.patientSummaryHeader.contactInformation.preferredHpToContact.roleOfHp",0,1,"",""
"eHNPatientSummaryHeader.patientSummaryHeader.contactInformation.preferredHpToContact.hpOrganisation","eHNPatientSummaryHeader.patientSummaryHeader.contactInformation.preferredHpToContact.hpOrganisation","","","",0,1,"","","","string {[]} {[]}
","A.1.2.2.3 HP Organisation","Health professional organisation.","","","","","","","","","",,,,,"",,,,"eHNPatientSummaryHeader.patientSummaryHeader.contactInformation.preferredHpToContact.hpOrganisation",0,1,"",""
"eHNPatientSummaryHeader.patientSummaryHeader.contactInformation.preferredHpToContact.telephoneNo","eHNPatientSummaryHeader.patientSummaryHeader.contactInformation.preferredHpToContact.telephoneNo","","","",0,1,"","","","string {[]} {[]}
","A.1.2.2.4 Telephone no.","Example: +45 20 7025 6161","","","","","","","","","",,,,,"",,,,"eHNPatientSummaryHeader.patientSummaryHeader.contactInformation.preferredHpToContact.telephoneNo",0,1,"",""
"eHNPatientSummaryHeader.patientSummaryHeader.contactInformation.preferredHpToContact.email","eHNPatientSummaryHeader.patientSummaryHeader.contactInformation.preferredHpToContact.email","","","",0,1,"","","","string {[]} {[]}
","A.1.2.2.5 Email","Email of the HP/legal organisation.","","","","","","","","","",,,,,"",,,,"eHNPatientSummaryHeader.patientSummaryHeader.contactInformation.preferredHpToContact.email",0,1,"",""
"eHNPatientSummaryHeader.patientSummaryHeader.contactInformation.preferredHpToContact.networkAffiliation","eHNPatientSummaryHeader.patientSummaryHeader.contactInformation.preferredHpToContact.networkAffiliation","","","",0,1,"","","","string {[]} {[]}
","A.1.2.2.6 Network affiliation","The HP organization is affiliated with a European network, for example an ERN.","","","","","","","","","",,,,,"",,,,"eHNPatientSummaryHeader.patientSummaryHeader.contactInformation.preferredHpToContact.networkAffiliation",0,1,"",""
"eHNPatientSummaryHeader.patientSummaryHeader.contactInformation.preferredHpToContact.relatedWith","eHNPatientSummaryHeader.patientSummaryHeader.contactInformation.preferredHpToContact.relatedWith","","","",0,*,"","","","string {[]} {[]}
","A.1.2.2.7 Related with","identify the entry or entries of this Patient Summary for which the HP is the preferred contact.","","","","","","","","","",,,,,"",,,,"eHNPatientSummaryHeader.patientSummaryHeader.contactInformation.preferredHpToContact.relatedWith",0,*,"",""
"eHNPatientSummaryHeader.patientSummaryHeader.contactInformation.contactPersonLegalGuardian","eHNPatientSummaryHeader.patientSummaryHeader.contactInformation.contactPersonLegalGuardian","","","",0,1,"","","","BackboneElement {[]} {[]}
","A.1.2.3 Contact person/legal guardian","Information about the patient's legal guardian or contact person.","","","","","","","","","",,,,,"",,,,"eHNPatientSummaryHeader.patientSummaryHeader.contactInformation.contactPersonLegalGuardian",0,1,"","ele-1:All FHIR elements must have a @value or children {hasValue() or (children().count() > id.count())}
"
"eHNPatientSummaryHeader.patientSummaryHeader.contactInformation.contactPersonLegalGuardian.id","eHNPatientSummaryHeader.patientSummaryHeader.contactInformation.contactPersonLegalGuardian.id","","","",0,1,"","","","id {[]} {[]}
","Unique id for inter-element referencing","Unique id for the element within a resource (for internal references). This may be any string value that does not contain spaces.","","","","","","","","","",,,,,"",,,,"Element.id",0,1,"ele-1
","","n/a"
"eHNPatientSummaryHeader.patientSummaryHeader.contactInformation.contactPersonLegalGuardian.extension","eHNPatientSummaryHeader.patientSummaryHeader.contactInformation.contactPersonLegalGuardian.extension","","extensions
user content","",0,*,"","","","Extension {[]} {[]}
","Additional content defined by implementations","May be used to represent additional information that is not part of the basic definition of the element. To make the use of extensions safe and managable, there is a strict set of governance applied to the definition and use of extensions. Though any implementer can define an extension, there is a set of requirements that SHALL be met as part of the definition of the extension.","There can be no stigma associated with the use of extensions by any application, project, or standard - regardless of the institution or jurisdiction that uses or defines the extensions.  The use of extensions is what allows the FHIR specification to retain a core level of simplicity for everyone.","","","","","","","","",,,,,"","value:url}
","Extensions are always sliced by (at least) url",,"open","Element.extension",0,*,"","ele-1:All FHIR elements must have a @value or children {hasValue() or (children().count() > id.count())}
ext-1:Must have either extensions or value[x], not both {extension.exists() != value.exists()}","n/a"
"eHNPatientSummaryHeader.patientSummaryHeader.contactInformation.contactPersonLegalGuardian.modifierExtension","eHNPatientSummaryHeader.patientSummaryHeader.contactInformation.contactPersonLegalGuardian.modifierExtension","","extensions
user contentmodifiers","",0,*,"","Y","Y","Extension {[]} {[]}
","Extensions that cannot be ignored even if unrecognized","May be used to represent additional information that is not part of the basic definition of the element and that modifies the understanding of the element in which it is contained and/or the understanding of the containing element's descendants. Usually modifier elements provide negation or qualification. To make the use of extensions safe and managable, there is a strict set of governance applied to the definition and use of extensions. Though any implementer can define an extension, there is a set of requirements that SHALL be met as part of the definition of the extension. Applications processing a resource are required to check for modifier extensions.

Modifier extensions SHALL NOT change the meaning of any elements on Resource or DomainResource (including cannot change the meaning of modifierExtension itself).","There can be no stigma associated with the use of extensions by any application, project, or standard - regardless of the institution or jurisdiction that uses or defines the extensions.  The use of extensions is what allows the FHIR specification to retain a core level of simplicity for everyone.","Modifier extensions allow for extensions that *cannot* be safely ignored to be clearly distinguished from the vast majority of extensions which can be safely ignored.  This promotes interoperability by eliminating the need for implementers to prohibit the presence of extensions. For further information, see the [definition of modifier extensions](http://hl7.org/fhir/R5/extensibility.html#modifierExtension).","","","","","","","",,,,,"",,,,"BackboneElement.modifierExtension",0,*,"","ele-1:All FHIR elements must have a @value or children {hasValue() or (children().count() > id.count())}
ext-1:Must have either extensions or value[x], not both {extension.exists() != value.exists()}","N/A"
"eHNPatientSummaryHeader.patientSummaryHeader.contactInformation.contactPersonLegalGuardian.roleOfThatPerson","eHNPatientSummaryHeader.patientSummaryHeader.contactInformation.contactPersonLegalGuardian.roleOfThatPerson","","","",0,1,"","","","code {[]} {[]}
","A.1.2.3.1 Role of that person","Role of the contact person: legal guardian, next of kin, other person to contact.","","","","","","","","","",,"","HL7 RoleClass","","",,,,"eHNPatientSummaryHeader.patientSummaryHeader.contactInformation.contactPersonLegalGuardian.roleOfThatPerson",0,1,"",""
"eHNPatientSummaryHeader.patientSummaryHeader.contactInformation.contactPersonLegalGuardian.relationshipLevel","eHNPatientSummaryHeader.patientSummaryHeader.contactInformation.contactPersonLegalGuardian.relationshipLevel","","","",0,1,"","","","code {[]} {[]}
","A.1.2.3.2 Relationship level","Relationship type with the patient (e.g. father, wife, daughter).","","","","","","","","","",,"","HL7 RoleCode","","",,,,"eHNPatientSummaryHeader.patientSummaryHeader.contactInformation.contactPersonLegalGuardian.relationshipLevel",0,1,"",""
"eHNPatientSummaryHeader.patientSummaryHeader.contactInformation.contactPersonLegalGuardian.givenName","eHNPatientSummaryHeader.patientSummaryHeader.contactInformation.contactPersonLegalGuardian.givenName","","","",0,*,"","","","string {[]} {[]}
","A.1.2.3.3 Given name","The first name of the contact person/guardian (example: Peter). This field can contain more than one element.","","","","","","","","","",,,,,"",,,,"eHNPatientSummaryHeader.patientSummaryHeader.contactInformation.contactPersonLegalGuardian.givenName",0,*,"",""
"eHNPatientSummaryHeader.patientSummaryHeader.contactInformation.contactPersonLegalGuardian.familyNameSurname","eHNPatientSummaryHeader.patientSummaryHeader.contactInformation.contactPersonLegalGuardian.familyNameSurname","","","",0,*,"","","","string {[]} {[]}
","A.1.2.3.4 Family name/surname","This field can contain more than one element. Example: Español Smith.","","","","","","","","","",,,,,"",,,,"eHNPatientSummaryHeader.patientSummaryHeader.contactInformation.contactPersonLegalGuardian.familyNameSurname",0,*,"",""
"eHNPatientSummaryHeader.patientSummaryHeader.contactInformation.contactPersonLegalGuardian.telephoneNo","eHNPatientSummaryHeader.patientSummaryHeader.contactInformation.contactPersonLegalGuardian.telephoneNo","","","",0,1,"","","","string {[]} {[]}
","A.1.2.3.5 Telephone no.","Example: +45 20 7025 6161","","","","","","","","","",,,,,"",,,,"eHNPatientSummaryHeader.patientSummaryHeader.contactInformation.contactPersonLegalGuardian.telephoneNo",0,1,"",""
"eHNPatientSummaryHeader.patientSummaryHeader.contactInformation.contactPersonLegalGuardian.email","eHNPatientSummaryHeader.patientSummaryHeader.contactInformation.contactPersonLegalGuardian.email","","","",0,1,"","","","string {[]} {[]}
","A.1.2.3.6 Email","Email of the contact person/legal guardian.","","","","","","","","","",,,,,"",,,,"eHNPatientSummaryHeader.patientSummaryHeader.contactInformation.contactPersonLegalGuardian.email",0,1,"",""
"eHNPatientSummaryHeader.patientSummaryHeader.insuranceInformation","eHNPatientSummaryHeader.patientSummaryHeader.insuranceInformation","","","",0,1,"","","","BackboneElement {[]} {[]}
","A.1.3 Insurance information","Information related to the patient's insurance.","","","","","","","","","",,,,,"",,,,"eHNPatientSummaryHeader.patientSummaryHeader.insuranceInformation",0,1,"","ele-1:All FHIR elements must have a @value or children {hasValue() or (children().count() > id.count())}
"
"eHNPatientSummaryHeader.patientSummaryHeader.insuranceInformation.id","eHNPatientSummaryHeader.patientSummaryHeader.insuranceInformation.id","","","",0,1,"","","","id {[]} {[]}
","Unique id for inter-element referencing","Unique id for the element within a resource (for internal references). This may be any string value that does not contain spaces.","","","","","","","","","",,,,,"",,,,"Element.id",0,1,"ele-1
","","n/a"
"eHNPatientSummaryHeader.patientSummaryHeader.insuranceInformation.extension","eHNPatientSummaryHeader.patientSummaryHeader.insuranceInformation.extension","","extensions
user content","",0,*,"","","","Extension {[]} {[]}
","Additional content defined by implementations","May be used to represent additional information that is not part of the basic definition of the element. To make the use of extensions safe and managable, there is a strict set of governance applied to the definition and use of extensions. Though any implementer can define an extension, there is a set of requirements that SHALL be met as part of the definition of the extension.","There can be no stigma associated with the use of extensions by any application, project, or standard - regardless of the institution or jurisdiction that uses or defines the extensions.  The use of extensions is what allows the FHIR specification to retain a core level of simplicity for everyone.","","","","","","","","",,,,,"","value:url}
","Extensions are always sliced by (at least) url",,"open","Element.extension",0,*,"","ele-1:All FHIR elements must have a @value or children {hasValue() or (children().count() > id.count())}
ext-1:Must have either extensions or value[x], not both {extension.exists() != value.exists()}","n/a"
"eHNPatientSummaryHeader.patientSummaryHeader.insuranceInformation.modifierExtension","eHNPatientSummaryHeader.patientSummaryHeader.insuranceInformation.modifierExtension","","extensions
user contentmodifiers","",0,*,"","Y","Y","Extension {[]} {[]}
","Extensions that cannot be ignored even if unrecognized","May be used to represent additional information that is not part of the basic definition of the element and that modifies the understanding of the element in which it is contained and/or the understanding of the containing element's descendants. Usually modifier elements provide negation or qualification. To make the use of extensions safe and managable, there is a strict set of governance applied to the definition and use of extensions. Though any implementer can define an extension, there is a set of requirements that SHALL be met as part of the definition of the extension. Applications processing a resource are required to check for modifier extensions.

Modifier extensions SHALL NOT change the meaning of any elements on Resource or DomainResource (including cannot change the meaning of modifierExtension itself).","There can be no stigma associated with the use of extensions by any application, project, or standard - regardless of the institution or jurisdiction that uses or defines the extensions.  The use of extensions is what allows the FHIR specification to retain a core level of simplicity for everyone.","Modifier extensions allow for extensions that *cannot* be safely ignored to be clearly distinguished from the vast majority of extensions which can be safely ignored.  This promotes interoperability by eliminating the need for implementers to prohibit the presence of extensions. For further information, see the [definition of modifier extensions](http://hl7.org/fhir/R5/extensibility.html#modifierExtension).","","","","","","","",,,,,"",,,,"BackboneElement.modifierExtension",0,*,"","ele-1:All FHIR elements must have a @value or children {hasValue() or (children().count() > id.count())}
ext-1:Must have either extensions or value[x], not both {extension.exists() != value.exists()}","N/A"
"eHNPatientSummaryHeader.patientSummaryHeader.insuranceInformation.insuranceNumber","eHNPatientSummaryHeader.patientSummaryHeader.insuranceInformation.insuranceNumber","","","",0,1,"","","","string {[]} {[]}
","A.1.3.1 Insurance number","Example: QQ 12 34 56 A","","","","","","","","","",,,,,"",,,,"eHNPatientSummaryHeader.patientSummaryHeader.insuranceInformation.insuranceNumber",0,1,"",""
"eHNPatientSummaryHeader.patientSummaryHeader.documentData","eHNPatientSummaryHeader.patientSummaryHeader.documentData","","","",1,1,"","","","BackboneElement {[]} {[]}
","A.1.4 Document data","Metadata about the generation of the patient summary.","","","","","","","","","",,,,,"",,,,"eHNPatientSummaryHeader.patientSummaryHeader.documentData",1,1,"","ele-1:All FHIR elements must have a @value or children {hasValue() or (children().count() > id.count())}
"
"eHNPatientSummaryHeader.patientSummaryHeader.documentData.id","eHNPatientSummaryHeader.patientSummaryHeader.documentData.id","","","",0,1,"","","","id {[]} {[]}
","Unique id for inter-element referencing","Unique id for the element within a resource (for internal references). This may be any string value that does not contain spaces.","","","","","","","","","",,,,,"",,,,"Element.id",0,1,"ele-1
","","n/a"
"eHNPatientSummaryHeader.patientSummaryHeader.documentData.extension","eHNPatientSummaryHeader.patientSummaryHeader.documentData.extension","","extensions
user content","",0,*,"","","","Extension {[]} {[]}
","Additional content defined by implementations","May be used to represent additional information that is not part of the basic definition of the element. To make the use of extensions safe and managable, there is a strict set of governance applied to the definition and use of extensions. Though any implementer can define an extension, there is a set of requirements that SHALL be met as part of the definition of the extension.","There can be no stigma associated with the use of extensions by any application, project, or standard - regardless of the institution or jurisdiction that uses or defines the extensions.  The use of extensions is what allows the FHIR specification to retain a core level of simplicity for everyone.","","","","","","","","",,,,,"","value:url}
","Extensions are always sliced by (at least) url",,"open","Element.extension",0,*,"","ele-1:All FHIR elements must have a @value or children {hasValue() or (children().count() > id.count())}
ext-1:Must have either extensions or value[x], not both {extension.exists() != value.exists()}","n/a"
"eHNPatientSummaryHeader.patientSummaryHeader.documentData.modifierExtension","eHNPatientSummaryHeader.patientSummaryHeader.documentData.modifierExtension","","extensions
user contentmodifiers","",0,*,"","Y","Y","Extension {[]} {[]}
","Extensions that cannot be ignored even if unrecognized","May be used to represent additional information that is not part of the basic definition of the element and that modifies the understanding of the element in which it is contained and/or the understanding of the containing element's descendants. Usually modifier elements provide negation or qualification. To make the use of extensions safe and managable, there is a strict set of governance applied to the definition and use of extensions. Though any implementer can define an extension, there is a set of requirements that SHALL be met as part of the definition of the extension. Applications processing a resource are required to check for modifier extensions.

Modifier extensions SHALL NOT change the meaning of any elements on Resource or DomainResource (including cannot change the meaning of modifierExtension itself).","There can be no stigma associated with the use of extensions by any application, project, or standard - regardless of the institution or jurisdiction that uses or defines the extensions.  The use of extensions is what allows the FHIR specification to retain a core level of simplicity for everyone.","Modifier extensions allow for extensions that *cannot* be safely ignored to be clearly distinguished from the vast majority of extensions which can be safely ignored.  This promotes interoperability by eliminating the need for implementers to prohibit the presence of extensions. For further information, see the [definition of modifier extensions](http://hl7.org/fhir/R5/extensibility.html#modifierExtension).","","","","","","","",,,,,"",,,,"BackboneElement.modifierExtension",0,*,"","ele-1:All FHIR elements must have a @value or children {hasValue() or (children().count() > id.count())}
ext-1:Must have either extensions or value[x], not both {extension.exists() != value.exists()}","N/A"
"eHNPatientSummaryHeader.patientSummaryHeader.documentData.dateCreated","eHNPatientSummaryHeader.patientSummaryHeader.documentData.dateCreated","","","",1,1,"","","","date {[]} {[]}
","A.1.4.1 Date created","Date on which PS was generated.","","","","","","","","","",,,,,"",,,,"eHNPatientSummaryHeader.patientSummaryHeader.documentData.dateCreated",1,1,"",""
"eHNPatientSummaryHeader.patientSummaryHeader.documentData.dateOfLastUpdate","eHNPatientSummaryHeader.patientSummaryHeader.documentData.dateOfLastUpdate","","","",0,1,"","","","date {[]} {[]}
","A.1.4.2 Date of last update","Date on which PS was updated (date of most recent version).","","","","","","","","","",,,,,"",,,,"eHNPatientSummaryHeader.patientSummaryHeader.documentData.dateOfLastUpdate",0,1,"",""
"eHNPatientSummaryHeader.patientSummaryHeader.documentData.natureOfPs","eHNPatientSummaryHeader.patientSummaryHeader.documentData.natureOfPs","","","",0,1,"","","","code {[]} {[]}
","A.1.4.3 Nature of the PS","Defines the context in which it was generated. Distinguishes between three methodological approaches for generating the PS: direct human intervention by an HP, automatically generated approach and mixed approach.","","","","","","","","","",,,,,"",,,,"eHNPatientSummaryHeader.patientSummaryHeader.documentData.natureOfPs",0,1,"",""
"eHNPatientSummaryHeader.patientSummaryHeader.authorAndOrganisation","eHNPatientSummaryHeader.patientSummaryHeader.authorAndOrganisation","","","",1,1,"","","","BackboneElement {[]} {[]}
","A.1.5 Author and Organisation","The individual or organization responsible for authoring the Patient Summary.","","","","","","","","","",,,,,"",,,,"eHNPatientSummaryHeader.patientSummaryHeader.authorAndOrganisation",1,1,"","ele-1:All FHIR elements must have a @value or children {hasValue() or (children().count() > id.count())}
"
"eHNPatientSummaryHeader.patientSummaryHeader.authorAndOrganisation.id","eHNPatientSummaryHeader.patientSummaryHeader.authorAndOrganisation.id","","","",0,1,"","","","id {[]} {[]}
","Unique id for inter-element referencing","Unique id for the element within a resource (for internal references). This may be any string value that does not contain spaces.","","","","","","","","","",,,,,"",,,,"Element.id",0,1,"ele-1
","","n/a"
"eHNPatientSummaryHeader.patientSummaryHeader.authorAndOrganisation.extension","eHNPatientSummaryHeader.patientSummaryHeader.authorAndOrganisation.extension","","extensions
user content","",0,*,"","","","Extension {[]} {[]}
","Additional content defined by implementations","May be used to represent additional information that is not part of the basic definition of the element. To make the use of extensions safe and managable, there is a strict set of governance applied to the definition and use of extensions. Though any implementer can define an extension, there is a set of requirements that SHALL be met as part of the definition of the extension.","There can be no stigma associated with the use of extensions by any application, project, or standard - regardless of the institution or jurisdiction that uses or defines the extensions.  The use of extensions is what allows the FHIR specification to retain a core level of simplicity for everyone.","","","","","","","","",,,,,"","value:url}
","Extensions are always sliced by (at least) url",,"open","Element.extension",0,*,"","ele-1:All FHIR elements must have a @value or children {hasValue() or (children().count() > id.count())}
ext-1:Must have either extensions or value[x], not both {extension.exists() != value.exists()}","n/a"
"eHNPatientSummaryHeader.patientSummaryHeader.authorAndOrganisation.modifierExtension","eHNPatientSummaryHeader.patientSummaryHeader.authorAndOrganisation.modifierExtension","","extensions
user contentmodifiers","",0,*,"","Y","Y","Extension {[]} {[]}
","Extensions that cannot be ignored even if unrecognized","May be used to represent additional information that is not part of the basic definition of the element and that modifies the understanding of the element in which it is contained and/or the understanding of the containing element's descendants. Usually modifier elements provide negation or qualification. To make the use of extensions safe and managable, there is a strict set of governance applied to the definition and use of extensions. Though any implementer can define an extension, there is a set of requirements that SHALL be met as part of the definition of the extension. Applications processing a resource are required to check for modifier extensions.

Modifier extensions SHALL NOT change the meaning of any elements on Resource or DomainResource (including cannot change the meaning of modifierExtension itself).","There can be no stigma associated with the use of extensions by any application, project, or standard - regardless of the institution or jurisdiction that uses or defines the extensions.  The use of extensions is what allows the FHIR specification to retain a core level of simplicity for everyone.","Modifier extensions allow for extensions that *cannot* be safely ignored to be clearly distinguished from the vast majority of extensions which can be safely ignored.  This promotes interoperability by eliminating the need for implementers to prohibit the presence of extensions. For further information, see the [definition of modifier extensions](http://hl7.org/fhir/R5/extensibility.html#modifierExtension).","","","","","","","",,,,,"",,,,"BackboneElement.modifierExtension",0,*,"","ele-1:All FHIR elements must have a @value or children {hasValue() or (children().count() > id.count())}
ext-1:Must have either extensions or value[x], not both {extension.exists() != value.exists()}","N/A"
"eHNPatientSummaryHeader.patientSummaryHeader.authorAndOrganisation.authorOrganisation","eHNPatientSummaryHeader.patientSummaryHeader.authorAndOrganisation.authorOrganisation","","","",1,1,"","","","string {[]} {[]}
","A.1.5.1 Author organisation","At least one Author and Organisation shall be listed. In the event that there is no Author, at least one Organisation shall be listed This Author should be able to provide further information on the provenance of the data present in the patient summary. Different authors contributing to individual sections and/or entries could be provided at the relevant level.","","","","","","","","","",,,,,"",,,,"eHNPatientSummaryHeader.patientSummaryHeader.authorAndOrganisation.authorOrganisation",1,1,"",""
"eHNPatientSummaryHeader.patientSummaryHeader.authorAndOrganisation.legalAuthenticator","eHNPatientSummaryHeader.patientSummaryHeader.authorAndOrganisation.legalAuthenticator","","","",1,1,"","","","string {[]} {[]}
","A.1.5.2 Legal authenticator","Legal entity (Health Professional or Provider) who authenticated the summary.","","","","","","","","","",,,,,"",,,,"eHNPatientSummaryHeader.patientSummaryHeader.authorAndOrganisation.legalAuthenticator",1,1,"",""
"eHNPatientSummaryHeader.patientSummaryHeader.additionalInformation","eHNPatientSummaryHeader.patientSummaryHeader.additionalInformation","","","",0,1,"","","","BackboneElement {[]} {[]}
","A.1.6 Additional information / Knowledge resources","References to external knowledge resources relevant to the Patient Summary.","","","","","","","","","",,,,,"",,,,"eHNPatientSummaryHeader.patientSummaryHeader.additionalInformation",0,1,"","ele-1:All FHIR elements must have a @value or children {hasValue() or (children().count() > id.count())}
"
"eHNPatientSummaryHeader.patientSummaryHeader.additionalInformation.id","eHNPatientSummaryHeader.patientSummaryHeader.additionalInformation.id","","","",0,1,"","","","id {[]} {[]}
","Unique id for inter-element referencing","Unique id for the element within a resource (for internal references). This may be any string value that does not contain spaces.","","","","","","","","","",,,,,"",,,,"Element.id",0,1,"ele-1
","","n/a"
"eHNPatientSummaryHeader.patientSummaryHeader.additionalInformation.extension","eHNPatientSummaryHeader.patientSummaryHeader.additionalInformation.extension","","extensions
user content","",0,*,"","","","Extension {[]} {[]}
","Additional content defined by implementations","May be used to represent additional information that is not part of the basic definition of the element. To make the use of extensions safe and managable, there is a strict set of governance applied to the definition and use of extensions. Though any implementer can define an extension, there is a set of requirements that SHALL be met as part of the definition of the extension.","There can be no stigma associated with the use of extensions by any application, project, or standard - regardless of the institution or jurisdiction that uses or defines the extensions.  The use of extensions is what allows the FHIR specification to retain a core level of simplicity for everyone.","","","","","","","","",,,,,"","value:url}
","Extensions are always sliced by (at least) url",,"open","Element.extension",0,*,"","ele-1:All FHIR elements must have a @value or children {hasValue() or (children().count() > id.count())}
ext-1:Must have either extensions or value[x], not both {extension.exists() != value.exists()}","n/a"
"eHNPatientSummaryHeader.patientSummaryHeader.additionalInformation.modifierExtension","eHNPatientSummaryHeader.patientSummaryHeader.additionalInformation.modifierExtension","","extensions
user contentmodifiers","",0,*,"","Y","Y","Extension {[]} {[]}
","Extensions that cannot be ignored even if unrecognized","May be used to represent additional information that is not part of the basic definition of the element and that modifies the understanding of the element in which it is contained and/or the understanding of the containing element's descendants. Usually modifier elements provide negation or qualification. To make the use of extensions safe and managable, there is a strict set of governance applied to the definition and use of extensions. Though any implementer can define an extension, there is a set of requirements that SHALL be met as part of the definition of the extension. Applications processing a resource are required to check for modifier extensions.

Modifier extensions SHALL NOT change the meaning of any elements on Resource or DomainResource (including cannot change the meaning of modifierExtension itself).","There can be no stigma associated with the use of extensions by any application, project, or standard - regardless of the institution or jurisdiction that uses or defines the extensions.  The use of extensions is what allows the FHIR specification to retain a core level of simplicity for everyone.","Modifier extensions allow for extensions that *cannot* be safely ignored to be clearly distinguished from the vast majority of extensions which can be safely ignored.  This promotes interoperability by eliminating the need for implementers to prohibit the presence of extensions. For further information, see the [definition of modifier extensions](http://hl7.org/fhir/R5/extensibility.html#modifierExtension).","","","","","","","",,,,,"",,,,"BackboneElement.modifierExtension",0,*,"","ele-1:All FHIR elements must have a @value or children {hasValue() or (children().count() > id.count())}
ext-1:Must have either extensions or value[x], not both {extension.exists() != value.exists()}","N/A"
"eHNPatientSummaryHeader.patientSummaryHeader.additionalInformation.externalReference","eHNPatientSummaryHeader.patientSummaryHeader.additionalInformation.externalReference","","","",0,*,"","","","string {[]} {[]}
","A.1.6.1 External reference","A reference leading to Clinical Practice Guidelines (CPG), emergency and anesthesia guidelines or other clinical relevant guidelines. This should be used only for providing specific guidance which may not be readily available to the health professional caring for the patient.","","","","","","","","","",,,,,"",,,,"eHNPatientSummaryHeader.patientSummaryHeader.additionalInformation.externalReference",0,*,"",""
"eHNPatientSummaryHeader.patientSummaryHeader.additionalInformation.relatedWith","eHNPatientSummaryHeader.patientSummaryHeader.additionalInformation.relatedWith","","","",0,*,"","","","string {[]} {[]}
","A.1.6.2 Related with","Identify the entry or entries of this Patient Summary for which this additional information relates with, for example a link between a rare disease problem (section A.2.3.1) and guidelines for that particular rare disease (this section).","","","","","","","","","",,,,,"",,,,"eHNPatientSummaryHeader.patientSummaryHeader.additionalInformation.relatedWith",0,*,"",""
