"Id","Path","Slice Name","Alias(s)","Label","Min","Max","Must Support?","Is Modifier?","Is Summary?","Type(s)","Short","Definition","Comments","Requirements","Default Value","Meaning When Missing","Fixed Value","Pattern","Example","Minimum Value","Maximum Value","Maximum Length","Binding Strength","Binding Description","Binding Value Set","Code","Slicing Discriminator","Slicing Description","Slicing Ordered","Slicing Rules","Base Path","Base Min","Base Max","Condition(s)","Constraint(s)","Mapping: RIM Mapping"
"EHDSOrganization","EHDSOrganization","","","",0,*,"","","","null {[]} {[]}
","Organization model","EHDS refined base model for Health provider or any other type of organization","","","","","","","","","",,,,,"",,,,"Base",0,*,"","","n/a"
"EHDSOrganization.identifier","EHDSOrganization.identifier","","","",0,*,"","","","Identifier {[]} {[]}
","Identifier","Health provider organisation identifier","","","","","","","","","",,,,,"",,,,"EHDSOrganization.identifier",0,*,"",""
"EHDSOrganization.type","EHDSOrganization.type","","","",0,*,"","","","CodeableConcept {[]} {[]}
","Type","Kind of organization","","","","","","","","","",,"preferred","HL7 organization_type","","",,,,"EHDSOrganization.type",0,*,"",""
"EHDSOrganization.name","EHDSOrganization.name","","","",0,1,"","","","string {[]} {[]}
","Name","Health provider organisation name","","","","","","","","","",,,,,"",,,,"EHDSOrganization.name",0,1,"",""
"EHDSOrganization.address","EHDSOrganization.address","","","",0,*,"","","","https://www.xt-ehr.eu/specifications/fhir/StructureDefinition/EHDSAddress {[]} {[]}
","Address","Mailing and home or office addresses. The addresses are always sequences of address parts (e.g. street address line, country, postcode, city) even if postal address formats may vary depending on the country. An address may or may not include a specific use code; if this attribute is not present it is assumed to be the default address useful for any purpose.","","","","","","","","","",,,,,"",,,,"EHDSOrganization.address",0,*,"",""
"EHDSOrganization.telecom","EHDSOrganization.telecom","","","",0,*,"","","","https://www.xt-ehr.eu/specifications/fhir/StructureDefinition/EHDSTelecom {[]} {[]}
","Telecom","Telecommunication contact information (addresses) associated with a person, such as phone number, email, or messaging service. Multiple telecommunication addresses might be provided.","","","","","","","","","",,,,,"",,,,"EHDSOrganization.telecom",0,*,"",""
"EHDSOrganization.partOf","EHDSOrganization.partOf","","","",0,1,"","","","Reference {[]} {[CanonicalType[https://www.xt-ehr.eu/specifications/fhir/StructureDefinition/EHDSOrganization]]}
","Part of","The organization of which this organization forms a part","","","","","","","","","",,,,,"",,,,"EHDSOrganization.partOf",0,1,"",""
