"Id","Path","Slice Name","Alias(s)","Label","Min","Max","Must Support?","Is Modifier?","Is Summary?","Type(s)","Short","Definition","Comments","Requirements","Default Value","Meaning When Missing","Fixed Value","Pattern","Example","Minimum Value","Maximum Value","Maximum Length","Binding Strength","Binding Description","Binding Value Set","Code","Slicing Discriminator","Slicing Description","Slicing Ordered","Slicing Rules","Base Path","Base Min","Base Max","Condition(s)","Constraint(s)","Mapping: RIM Mapping"
"EHDSRelatedPerson","EHDSRelatedPerson","","","",0,*,"","","","null {[]} {[]}
","Related person model","EHDS refined base model for Patient/subject guardian and other related person information","","","","","","","","","",,,,,"",,,,"Base",0,*,"","","n/a"
"EHDSRelatedPerson.personalIdentifier","EHDSRelatedPerson.personalIdentifier","","","",0,*,"","","","Identifier {[]} {[]}
","Personal identifier","An identifier of the related person that is unique within a defined scope. Example: National ID (birth number) for the Czech citizen. Multiple identifiers could be provided. ","","","","","","","","","",,,,,"",,,,"EHDSRelatedPerson.personalIdentifier",0,*,"",""
"EHDSRelatedPerson.name","EHDSRelatedPerson.name","","","",0,*,"","","","https://www.xt-ehr.eu/specifications/fhir/StructureDefinition/EHDSHumanName {[]} {[]}
","Name","Name associated with the person. Name might consists of name parts, e.g. Given name or names, family name/surname, name prefix etc.","","","","","","","","","",,,,,"",,,,"EHDSRelatedPerson.name",0,*,"",""
"EHDSRelatedPerson.subject","EHDSRelatedPerson.subject","","","",1,1,"","","","https://www.xt-ehr.eu/specifications/fhir/StructureDefinition/EHDSPatient {[]} {[]}
","The patient in relation to whom the related person is defined.","The patient in relation to whom the related person is defined.","","","","","","","","","",,,,,"",,,,"EHDSRelatedPerson.subject",1,1,"",""
"EHDSRelatedPerson.relationship","EHDSRelatedPerson.relationship","","","",0,1,"","","","CodeableConcept {[]} {[]}
","Relationship","Relationship between a patient and a contact person for that patient. This includes relatives, guardians, caring persons etc.","","","","","","","","","",,"preferred","HL7 RoleCode","","",,,,"EHDSRelatedPerson.relationship",0,1,"",""
"EHDSRelatedPerson.address","EHDSRelatedPerson.address","","","",0,*,"","","","https://www.xt-ehr.eu/specifications/fhir/StructureDefinition/EHDSAddress {[]} {[]}
","Address","Mailing and home or office addresses. The addresses are always sequences of address parts (e.g. street address line, country, ZIP code, city) even if postal address formats may vary depending on the country. An address may or may not include a specific use code; if this attribute is not present it is assumed to be the default address useful for any purpose.","","","","","","","","","",,,,,"",,,,"EHDSRelatedPerson.address",0,*,"",""
"EHDSRelatedPerson.telecom","EHDSRelatedPerson.telecom","","","",0,*,"","","","https://www.xt-ehr.eu/specifications/fhir/StructureDefinition/EHDSTelecom {[]} {[]}
","Telecom","Telecommunication contact information (addresses) associated to a person. Multiple telecommunication addresses might be provided.","","","","","","","","","",,,,,"",,,,"EHDSRelatedPerson.telecom",0,*,"",""
