"Id","Path","Slice Name","Alias(s)","Label","Min","Max","Must Support?","Is Modifier?","Is Summary?","Type(s)","Short","Definition","Comments","Requirements","Default Value","Meaning When Missing","Fixed Value","Pattern","Example","Minimum Value","Maximum Value","Maximum Length","Binding Strength","Binding Description","Binding Value Set","Code","Slicing Discriminator","Slicing Description","Slicing Ordered","Slicing Rules","Base Path","Base Min","Base Max","Condition(s)","Constraint(s)","Mapping: RIM Mapping"
"EHDSImmunisation","EHDSImmunisation","","","",0,*,"","","","null {[]} {[]}
","Immunisation model","Model describes the administration of immunisation products, including vaccines and immunoglobulins, covering active and passive immunisations. It focuses on immunisation as a clinical procedure rather than the resulting immunity. The model supports routine immunisations at standard doses and may overlap with medication summaries or prescription lists. Natural immunity, immunisation outcomes, refusals, and administration or planning details are out of scope.","","","","","","","","","",,,,,"",,,,"Base",0,*,"","","n/a"
"EHDSImmunisation.header","EHDSImmunisation.header","","","",1,1,"","","","Base {[]} {[]}
","Common header for all patient-related data","Common header for all patient-related data","","","","","","","","","",,,,,"",,,,"EHDSDataSet.header",1,1,"",""
"EHDSImmunisation.header.subject","EHDSImmunisation.header.subject","","","",1,1,"","","","http://www.xt-ehr.eu/fhir/models/StructureDefinition/EHDSPatient {[]} {[]}
","Patient/subject information","Patient/subject information","","","","","","","","","",,,,,"",,,,"EHDSDataSet.header.subject",1,1,"",""
"EHDSImmunisation.header.identifier","EHDSImmunisation.header.identifier","","","",0,*,"","","","Identifier {[]} {[]}
","Business identifier for the object, unique within its system. Supporting disambiguation between different contexts (systems/countries).","Business identifier for the object, unique within its system. Supporting disambiguation between different contexts (systems/countries).","","","","","","","","","",,,,,"",,,,"EHDSDataSet.header.identifier",0,*,"",""
"EHDSImmunisation.header.authorship","EHDSImmunisation.header.authorship","","","",1,*,"","","","Base {[]} {[]}
","Resource authoring details. Multiple authors can be provided.","Resource authoring details. Multiple authors can be provided.","","","","","","","","","",,,,,"",,,,"EHDSDataSet.header.authorship",1,*,"",""
"EHDSImmunisation.header.authorship.author[x]","EHDSImmunisation.header.authorship.author[x]","","","",0,1,"","","","http://www.xt-ehr.eu/fhir/models/StructureDefinition/EHDSHealthProfessional {[]} {[]}
http://www.xt-ehr.eu/fhir/models/StructureDefinition/EHDSOrganisation {[]} {[]}http://www.xt-ehr.eu/fhir/models/StructureDefinition/EHDSDevice {[]} {[]}","Author and/or responsible for the resource. More specific models should define this more concretely.","Author and/or responsible for the resource. More specific models should define this more concretely.","","","","","","","","","",,,,,"",,,,"EHDSDataSet.header.authorship.author[x]",0,1,"",""
"EHDSImmunisation.header.authorship.datetime","EHDSImmunisation.header.authorship.datetime","","","",1,1,"","","","dateTime {[]} {[]}
","Date and time of authoring/issuing","Date and time of authoring/issuing","","","","","","","","","",,,,,"",,,,"EHDSDataSet.header.authorship.datetime",1,1,"",""
"EHDSImmunisation.header.status","EHDSImmunisation.header.status","","","",1,1,"","","","CodeableConcept {[]} {[]}
","Status of the immunisation event (completed, not-done).","Status of the immunisation event (completed, not-done).","","","","","","","","","",,,,,"",,,,"EHDSDataSet.header.status",1,1,"",""
"EHDSImmunisation.header.language","EHDSImmunisation.header.language","","","",0,1,"","","","CodeableConcept {[]} {[]}
","Language in which the resource is written. Language is expressed by the IETF language tag.","Language in which the resource is written. Language is expressed by the IETF language tag.","","","","","","","","","",,"preferred","BCP 47","","",,,,"EHDSDataSet.header.language",0,1,"",""
"EHDSImmunisation.diseaseOrAgentTargeted","EHDSImmunisation.diseaseOrAgentTargeted","","","",0,*,"","","","CodeableConcept {[]} {[]}
","Disease or agent that the vaccination provides protection against (e.g. 76902006 Tetanus).","Disease or agent that the vaccination provides protection against (e.g. 76902006 Tetanus).","","","","","","","","","",,"preferred","ICD-10, SNOMED CT","","",,,,"EHDSImmunisation.diseaseOrAgentTargeted",0,*,"",""
"EHDSImmunisation.vaccine","EHDSImmunisation.vaccine","","","",1,1,"","","","CodeableConcept {[]} {[]}
","Type of immunisation, e.g. J07AM01 Tetanus toxoid; or 871803007 Hepatitis A and Hepatitis B virus antigens only vaccine product.","Type of immunisation, e.g. J07AM01 Tetanus toxoid; or 871803007 Hepatitis A and Hepatitis B virus antigens only vaccine product.","","","","","","","","","",,"preferred","SNOMED CT, ATC","","",,,,"EHDSImmunisation.vaccine",1,1,"",""
"EHDSImmunisation.administeredProduct","EHDSImmunisation.administeredProduct","","","",0,1,"","","","http://www.xt-ehr.eu/fhir/models/StructureDefinition/EHDSMedication {[]} {[]}
","Administered medicinal product (e.g. TETAVAX suspension for injection), including batch/lot details when necessary.","Administered medicinal product (e.g. TETAVAX suspension for injection), including batch/lot details when necessary.","","","","","","","","","",,,,,"",,,,"EHDSImmunisation.administeredProduct",0,1,"",""
"EHDSImmunisation.administrationTime","EHDSImmunisation.administrationTime","","","",1,1,"","","","dateTime {[]} {[]}
","The date and optionally the exact time when the vaccination was administered.","The date and optionally the exact time when the vaccination was administered.","","","","","","","","","",,,,,"",,,,"EHDSImmunisation.administrationTime",1,1,"",""
"EHDSImmunisation.administeringCentre","EHDSImmunisation.administeringCentre","","","",0,1,"","","","http://www.xt-ehr.eu/fhir/models/StructureDefinition/EHDSOrganisation {[]} {[]}
","Administering centre or a health authority responsible for the vaccination event","Administering centre or a health authority responsible for the vaccination event","","","","","","","","","",,,,,"",,,,"EHDSImmunisation.administeringCentre",0,1,"",""
"EHDSImmunisation.administrator","EHDSImmunisation.administrator","","","",0,1,"","","","http://www.xt-ehr.eu/fhir/models/StructureDefinition/EHDSHealthProfessional {[]} {[]}
","Health professional responsible for administering the immunisation product.","Health professional responsible for administering the immunisation product.","","","","","","","","","",,,,,"",,,,"EHDSImmunisation.administrator",0,1,"",""
"EHDSImmunisation.note","EHDSImmunisation.note","","","",0,1,"","","","string {[]} {[]}
","Any additional free-text information about the immunisation","Any additional free-text information about the immunisation","","","","","","","","","",,,,,"",,,,"EHDSImmunisation.note",0,1,"",""
