<?xml version="1.0" encoding="UTF-8"?><ImplementationGuide xmlns="http://hl7.org/fhir"><id value="eu.ehds.models"/><text><status value="generated"/><div xmlns="http://www.w3.org/1999/xhtml"><p class="res-header-id"><b>Generated Narrative: ImplementationGuide eu.ehds.models</b></p><a name="eu.ehds.models"> </a><a name="hceu.ehds.models"> </a><a name="eu.ehds.models-en-US"> </a><h2>EHDSModels</h2><p>The official URL for this implementation guide is: </p><pre>https://www.xt-ehr.eu/specifications/fhir/ImplementationGuide/eu.ehds.models</pre><div><p>EHDS Logical Information Models</p>
</div></div></text><url value="https://www.xt-ehr.eu/specifications/fhir/ImplementationGuide/eu.ehds.models"/><version value="0.1.0"/><name value="EHDSModels"/><title value="EHDS Logical Information Models"/><status value="draft"/><date value="2025-01-15T09:35:23+00:00"/><publisher value="Xt-EHR"/><contact><name value="Xt-EHR"/><telecom><system value="url"/><value value="http://Xt-EHR.eu"/></telecom></contact><description value="EHDS Logical Information Models"/><packageId value="eu.ehds.models"/><license value="CC0-1.0"/><fhirVersion value="5.0.0"/><dependsOn id="hl7tx"><extension url="http://hl7.org/fhir/tools/StructureDefinition/implementationguide-dependency-comment"><valueMarkdown value="Automatically added as a dependency - all IGs depend on HL7 Terminology"/></extension><uri value="http://terminology.hl7.org/ImplementationGuide/hl7.terminology"/><packageId value="hl7.terminology.r5"/><version value="6.1.0"/></dependsOn><dependsOn id="hl7ext"><extension url="http://hl7.org/fhir/tools/StructureDefinition/implementationguide-dependency-comment"><valueMarkdown value="Automatically added as a dependency - all IGs depend on the HL7 Extension Pack"/></extension><uri value="http://hl7.org/fhir/extensions/ImplementationGuide/hl7.fhir.uv.extensions"/><packageId value="hl7.fhir.uv.extensions.r5"/><version value="5.1.0"/></dependsOn><definition><extension url="http://hl7.org/fhir/tools/StructureDefinition/ig-internal-dependency"><valueCode value="hl7.fhir.uv.tools.r5#0.3.0"/></extension><grouping id="EHDSCommonLogicalModels"><name value="EHDS Common Logical Models"/><description value="Information Models for implementing EEHRxF services under EHDS. Format based on ISO 13972 &quot;Health informatics — Clinical information models — Characteristics, structures and requirements.&quot;"/></grouping><grouping id="EHDSPrescriptionDispenseLogicalModels"><name value="EHDS ePrescription and eDispense Logical Models"/><description value="Information Models for implementing EEHRxF services for medication prescription and dispense services."/></grouping><grouping id="EHDSLaboratoryLogicalModels"><name value="EHDS Laboratory Domain Logical Models"/><description value="Information Models for implementing EEHRxF services in the laboratory domain under EHDS. Format based on ISO 13972 &quot;Health informatics — Clinical information models — Characteristics, structures and requirements.&quot;"/></grouping><grouping id="EHDSImagingLogicalModels"><name value="EHDS Imaging Domain Logical Models"/><description value="Information Models for implementing EEHRxF services in the imaging domain under EHDS. Format based on ISO 13972 &quot;Health informatics — Clinical information models — Characteristics, structures and requirements.&quot;"/></grouping><grouping id="EHDSHdrLogicalModels"><name value="EHDS Hospital Discharge Report Domain Logical Models"/><description value="Information Models for implementing EEHRxF Hospital discharge report under EHDS. Format based on ISO 13972 &quot;Health informatics — Clinical information models — Characteristics, structures and requirements.&quot;"/></grouping><grouping id="EHDSPsLogicalModels"><name value="EHDS Patient Summary Domain Logical Models"/><description value="Information Models for implementing EEHRxF Patient summary under EHDS. Format based on ISO 13972 &quot;Health informatics — Clinical information models — Characteristics, structures and requirements.&quot;"/></grouping><grouping id="-str-logicalmodel"><name value="Structures: Logical Models"/><description value="These define data models that represent the domain covered by this implementation guide in more business-friendly terms than the underlying FHIR resources."/></grouping><grouping id="-str-datatype"><name value="Structures: Data Type Profiles"/><description value="These define constraints on FHIR data types for systems conforming to this implementation guide."/></grouping><resource><extension url="http://hl7.org/fhir/tools/StructureDefinition/resource-sort"><valueInteger value="999999999"/></extension><extension url="http://hl7.org/fhir/StructureDefinition/implementationguide-page"><valueUri value="StructureDefinition-EHDSAddress.html"/></extension><reference><reference value="StructureDefinition/EHDSAddress"/></reference><name value="Address model"/><description value="C.5 - EHDS refined base model for Address structure"/><isExample value="false"/><groupingId value="EHDSCommonLogicalModels"/></resource><resource><extension url="http://hl7.org/fhir/tools/StructureDefinition/resource-sort"><valueInteger value="999999999"/></extension><extension url="http://hl7.org/fhir/StructureDefinition/implementationguide-page"><valueUri value="StructureDefinition-EHDSAlertFlag.html"/></extension><reference><reference value="StructureDefinition/EHDSAlertFlag"/></reference><name value="Alert flag model"/><description value="C.22 - EHDS refined base model for Alert flag"/><isExample value="false"/><groupingId value="EHDSCommonLogicalModels"/></resource><resource><extension url="http://hl7.org/fhir/tools/StructureDefinition/resource-sort"><valueInteger value="999999999"/></extension><extension url="http://hl7.org/fhir/StructureDefinition/implementationguide-page"><valueUri value="StructureDefinition-EHDSAllergyIntolerance.html"/></extension><reference><reference value="StructureDefinition/EHDSAllergyIntolerance"/></reference><name value="Allergy intolerance model"/><description value="C.21 - EHDS refined base model for Allergy Intolerance"/><isExample value="false"/><groupingId value="EHDSCommonLogicalModels"/></resource><resource><extension url="http://hl7.org/fhir/tools/StructureDefinition/resource-sort"><valueInteger value="999999999"/></extension><extension url="http://hl7.org/fhir/StructureDefinition/implementationguide-page"><valueUri value="StructureDefinition-EHDSAppointment.html"/></extension><reference><reference value="StructureDefinition/EHDSAppointment"/></reference><name value="Appointment model"/><description value="C.20 - EHDS refined base model for Appointment"/><isExample value="false"/><groupingId value="EHDSCommonLogicalModels"/></resource><resource><extension url="http://hl7.org/fhir/tools/StructureDefinition/resource-sort"><valueInteger value="999999999"/></extension><extension url="http://hl7.org/fhir/StructureDefinition/implementationguide-page"><valueUri value="StructureDefinition-EHDSAttachments.html"/></extension><reference><reference value="StructureDefinition/EHDSAttachments"/></reference><name value="Attachements"/><description value="D.1 - EHDS refined base model for Document attachments"/><isExample value="false"/><groupingId value="EHDSCommonLogicalModels"/></resource><resource><extension url="http://hl7.org/fhir/tools/StructureDefinition/resource-sort"><valueInteger value="999999999"/></extension><extension url="http://hl7.org/fhir/StructureDefinition/implementationguide-page"><valueUri value="StructureDefinition-EHDSAttachment.html"/></extension><reference><reference value="StructureDefinition/EHDSAttachment"/></reference><name value="Attachment model"/><description value="C.7 - EHDS refined base model for This type is for containing or referencing attachments - additional data content defined in other formats. The most common use of this type is to include images or reports in some report format such as PDF. However, it can be used for any data that has a MIME type."/><isExample value="false"/><groupingId value="EHDSCommonLogicalModels"/></resource><resource><extension url="http://hl7.org/fhir/tools/StructureDefinition/resource-sort"><valueInteger value="999999999"/></extension><extension url="http://hl7.org/fhir/StructureDefinition/implementationguide-page"><valueUri value="StructureDefinition-EHDSCarePlan.html"/></extension><reference><reference value="StructureDefinition/EHDSCarePlan"/></reference><name value="Care plan model"/><description value="C.19 - EHDS refined base model for Care plan"/><isExample value="false"/><groupingId value="EHDSCommonLogicalModels"/></resource><resource><extension url="http://hl7.org/fhir/tools/StructureDefinition/resource-sort"><valueInteger value="999999999"/></extension><extension url="http://hl7.org/fhir/StructureDefinition/implementationguide-page"><valueUri value="StructureDefinition-EHDSCondition.html"/></extension><reference><reference value="StructureDefinition/EHDSCondition"/></reference><name value="Condition model"/><description value="C.15 - EHDS refined base model for A clinical condition, problem, diagnosis, or other event, situation, issue, or clinical concept that has risen to a level of concern."/><isExample value="false"/><groupingId value="EHDSCommonLogicalModels"/></resource><resource><extension url="http://hl7.org/fhir/tools/StructureDefinition/resource-sort"><valueInteger value="999999999"/></extension><extension url="http://hl7.org/fhir/StructureDefinition/implementationguide-page"><valueUri value="StructureDefinition-EHDSDevice.html"/></extension><reference><reference value="StructureDefinition/EHDSDevice"/></reference><name value="Device model"/><description value="C.12 - EHDS refined base model for Device information"/><isExample value="false"/><groupingId value="EHDSCommonLogicalModels"/></resource><resource><extension url="http://hl7.org/fhir/tools/StructureDefinition/resource-sort"><valueInteger value="999999999"/></extension><extension url="http://hl7.org/fhir/StructureDefinition/implementationguide-page"><valueUri value="StructureDefinition-EHDSGoal.html"/></extension><reference><reference value="StructureDefinition/EHDSGoal"/></reference><name value="Goal model"/><description value="C.XX - EHDS refined base model for Goal"/><isExample value="false"/><groupingId value="EHDSCommonLogicalModels"/></resource><resource><extension url="http://hl7.org/fhir/tools/StructureDefinition/resource-sort"><valueInteger value="999999999"/></extension><extension url="http://hl7.org/fhir/StructureDefinition/implementationguide-page"><valueUri value="StructureDefinition-EHDSGroup.html"/></extension><reference><reference value="StructureDefinition/EHDSGroup"/></reference><name value="Group model"/><description value="C. - EHDS refined base model for Group"/><isExample value="false"/><groupingId value="EHDSCommonLogicalModels"/></resource><resource><extension url="http://hl7.org/fhir/tools/StructureDefinition/resource-sort"><valueInteger value="999999999"/></extension><extension url="http://hl7.org/fhir/StructureDefinition/implementationguide-page"><valueUri value="StructureDefinition-EHDSHealthProfessional.html"/></extension><reference><reference value="StructureDefinition/EHDSHealthProfessional"/></reference><name value="Health professional model"/><description value="C.2 - EHDS refined base model for Health professional (HP)"/><isExample value="false"/><groupingId value="EHDSCommonLogicalModels"/></resource><resource><extension url="http://hl7.org/fhir/tools/StructureDefinition/resource-sort"><valueInteger value="999999999"/></extension><extension url="http://hl7.org/fhir/StructureDefinition/implementationguide-page"><valueUri value="StructureDefinition-EHDSHumanName.html"/></extension><reference><reference value="StructureDefinition/EHDSHumanName"/></reference><name value="Human name model"/><description value="C.27 - EHDS refined base model for Human name"/><isExample value="false"/><groupingId value="EHDSCommonLogicalModels"/></resource><resource><extension url="http://hl7.org/fhir/tools/StructureDefinition/resource-sort"><valueInteger value="999999999"/></extension><extension url="http://hl7.org/fhir/StructureDefinition/implementationguide-page"><valueUri value="StructureDefinition-EHDSImgCondition.html"/></extension><reference><reference value="StructureDefinition/EHDSImgCondition"/></reference><name value="Imaging condition model"/><description value="C.XX - EHDS refined base model for a clinical condition, problem, diagnosis, or other event, situation, issue, or clinical concept that has risen to a level of concern."/><isExample value="false"/><groupingId value="EHDSCommonLogicalModels"/></resource><resource><extension url="http://hl7.org/fhir/tools/StructureDefinition/resource-sort"><valueInteger value="999999999"/></extension><extension url="http://hl7.org/fhir/StructureDefinition/implementationguide-page"><valueUri value="StructureDefinition-EHDSImmunization.html"/></extension><reference><reference value="StructureDefinition/EHDSImmunization"/></reference><name value="Immunization model"/><description value="C.24 - EHDS refined base model for Immunization"/><isExample value="false"/><groupingId value="EHDSCommonLogicalModels"/></resource><resource><extension url="http://hl7.org/fhir/tools/StructureDefinition/resource-sort"><valueInteger value="999999999"/></extension><extension url="http://hl7.org/fhir/StructureDefinition/implementationguide-page"><valueUri value="StructureDefinition-EHDSLocation.html"/></extension><reference><reference value="StructureDefinition/EHDSLocation"/></reference><name value="Location model"/><description value="C.17 - EHDS refined base model for Details and position information for a place where services are provided and resources and participants may be stored, found, contained, or accommodated."/><isExample value="false"/><groupingId value="EHDSCommonLogicalModels"/></resource><resource><extension url="http://hl7.org/fhir/tools/StructureDefinition/resource-sort"><valueInteger value="999999999"/></extension><extension url="http://hl7.org/fhir/StructureDefinition/implementationguide-page"><valueUri value="StructureDefinition-EHDSMedia.html"/></extension><reference><reference value="StructureDefinition/EHDSMedia"/></reference><name value="Media model"/><description value="C.14 - EHDS refined base model for A photo, video, or audio recording acquired or used in healthcare."/><isExample value="false"/><groupingId value="EHDSCommonLogicalModels"/></resource><resource><extension url="http://hl7.org/fhir/tools/StructureDefinition/resource-sort"><valueInteger value="999999999"/></extension><extension url="http://hl7.org/fhir/StructureDefinition/implementationguide-page"><valueUri value="StructureDefinition-EHDSMedicationAdministration.html"/></extension><reference><reference value="StructureDefinition/EHDSMedicationAdministration"/></reference><name value="Medication administration model"/><description value="C.18 - EHDS refined base model for Medication administration"/><isExample value="false"/><groupingId value="EHDSCommonLogicalModels"/></resource><resource><extension url="http://hl7.org/fhir/tools/StructureDefinition/resource-sort"><valueInteger value="999999999"/></extension><extension url="http://hl7.org/fhir/StructureDefinition/implementationguide-page"><valueUri value="StructureDefinition-EHDSMedication.html"/></extension><reference><reference value="StructureDefinition/EHDSMedication"/></reference><name value="Medicinal product model"/><description value="Logical model for prescribed/dispensed medication. The model is shared by statements, requests, dispensations, and treatment lines. Each of those may have different restrictions in FHIR profile."/><isExample value="false"/><groupingId value="EHDSCommonLogicalModels"/></resource><resource><extension url="http://hl7.org/fhir/tools/StructureDefinition/resource-sort"><valueInteger value="999999999"/></extension><extension url="http://hl7.org/fhir/StructureDefinition/implementationguide-page"><valueUri value="StructureDefinition-EHDSObservation.html"/></extension><reference><reference value="StructureDefinition/EHDSObservation"/></reference><name value="Observation model"/><description value="C.10 - EHDS refined base model for Observation information"/><isExample value="false"/><groupingId value="EHDSCommonLogicalModels"/></resource><resource><extension url="http://hl7.org/fhir/tools/StructureDefinition/resource-sort"><valueInteger value="999999999"/></extension><extension url="http://hl7.org/fhir/StructureDefinition/implementationguide-page"><valueUri value="StructureDefinition-EHDSOrganization.html"/></extension><reference><reference value="StructureDefinition/EHDSOrganization"/></reference><name value="Organization model"/><description value="C.3 - EHDS refined base model for Health provider or any other type of organization"/><isExample value="false"/><groupingId value="EHDSCommonLogicalModels"/></resource><resource><extension url="http://hl7.org/fhir/tools/StructureDefinition/resource-sort"><valueInteger value="999999999"/></extension><extension url="http://hl7.org/fhir/StructureDefinition/implementationguide-page"><valueUri value="StructureDefinition-EHDSPatient.html"/></extension><reference><reference value="StructureDefinition/EHDSPatient"/></reference><name value="Patient model"/><description value="C.1 - EHDS refined base model for Patient/subject information"/><isExample value="false"/><groupingId value="EHDSCommonLogicalModels"/></resource><resource><extension url="http://hl7.org/fhir/tools/StructureDefinition/resource-sort"><valueInteger value="999999999"/></extension><extension url="http://hl7.org/fhir/StructureDefinition/implementationguide-page"><valueUri value="StructureDefinition-EHDSProcedure.html"/></extension><reference><reference value="StructureDefinition/EHDSProcedure"/></reference><name value="Procedure model"/><description value="C.16 - EHDS refined base model for An action that is or was performed on or for a patient"/><isExample value="false"/><groupingId value="EHDSCommonLogicalModels"/></resource><resource><extension url="http://hl7.org/fhir/tools/StructureDefinition/resource-sort"><valueInteger value="999999999"/></extension><extension url="http://hl7.org/fhir/StructureDefinition/implementationguide-page"><valueUri value="StructureDefinition-EHDSRelatedPerson.html"/></extension><reference><reference value="StructureDefinition/EHDSRelatedPerson"/></reference><name value="Related person model"/><description value="C.13 - EHDS refined base model for Patient/subject guardian and other related person information"/><isExample value="false"/><groupingId value="EHDSCommonLogicalModels"/></resource><resource><extension url="http://hl7.org/fhir/tools/StructureDefinition/resource-sort"><valueInteger value="999999999"/></extension><extension url="http://hl7.org/fhir/StructureDefinition/implementationguide-page"><valueUri value="StructureDefinition-EHDSReportHeader.html"/></extension><reference><reference value="StructureDefinition/EHDSReportHeader"/></reference><name value="Report header model"/><description value="EHDS refined base model for Report header data elements. Common for hospital discharge, laboratory and medical imaging reports."/><isExample value="false"/><groupingId value="EHDSCommonLogicalModels"/></resource><resource><extension url="http://hl7.org/fhir/tools/StructureDefinition/resource-sort"><valueInteger value="999999999"/></extension><extension url="http://hl7.org/fhir/StructureDefinition/implementationguide-page"><valueUri value="StructureDefinition-EHDSServiceRequest.html"/></extension><reference><reference value="StructureDefinition/EHDSServiceRequest"/></reference><name value="Service request model"/><description value="C.8 - EHDS refined base model for Specification of requested service or services"/><isExample value="false"/><groupingId value="EHDSCommonLogicalModels"/></resource><resource><extension url="http://hl7.org/fhir/tools/StructureDefinition/resource-sort"><valueInteger value="999999999"/></extension><extension url="http://hl7.org/fhir/StructureDefinition/implementationguide-page"><valueUri value="StructureDefinition-EHDSSlot.html"/></extension><reference><reference value="StructureDefinition/EHDSSlot"/></reference><name value="Slot model"/><description value="C.XX - EHDS refined base model for Slot"/><isExample value="false"/><groupingId value="EHDSCommonLogicalModels"/></resource><resource><extension url="http://hl7.org/fhir/tools/StructureDefinition/resource-sort"><valueInteger value="999999999"/></extension><extension url="http://hl7.org/fhir/StructureDefinition/implementationguide-page"><valueUri value="StructureDefinition-EHDSSpecimen.html"/></extension><reference><reference value="StructureDefinition/EHDSSpecimen"/></reference><name value="Specimen model"/><description value="C.9 - EHDS refined base model for Specimen information"/><isExample value="false"/><groupingId value="EHDSCommonLogicalModels"/></resource><resource><extension url="http://hl7.org/fhir/tools/StructureDefinition/resource-sort"><valueInteger value="999999999"/></extension><extension url="http://hl7.org/fhir/StructureDefinition/implementationguide-page"><valueUri value="StructureDefinition-EHDSSubstance.html"/></extension><reference><reference value="StructureDefinition/EHDSSubstance"/></reference><name value="Substance model"/><description value="C.28 - EHDS refined base model for Substance"/><isExample value="false"/><groupingId value="EHDSCommonLogicalModels"/></resource><resource><extension url="http://hl7.org/fhir/tools/StructureDefinition/resource-sort"><valueInteger value="999999999"/></extension><extension url="http://hl7.org/fhir/StructureDefinition/implementationguide-page"><valueUri value="StructureDefinition-EHDSTask.html"/></extension><reference><reference value="StructureDefinition/EHDSTask"/></reference><name value="Task model"/><description value="C.20 - EHDS refined base model for Task"/><isExample value="false"/><groupingId value="EHDSCommonLogicalModels"/></resource><resource><extension url="http://hl7.org/fhir/tools/StructureDefinition/resource-sort"><valueInteger value="999999999"/></extension><extension url="http://hl7.org/fhir/StructureDefinition/implementationguide-page"><valueUri value="StructureDefinition-EHDSTelecom.html"/></extension><reference><reference value="StructureDefinition/EHDSTelecom"/></reference><name value="Telecom model"/><description value="C.6 - EHDS refined base model for Telecommunication contact information structure"/><isExample value="false"/><groupingId value="EHDSCommonLogicalModels"/></resource><resource><extension url="http://hl7.org/fhir/tools/StructureDefinition/resource-sort"><valueInteger value="999999999"/></extension><extension url="http://hl7.org/fhir/StructureDefinition/implementationguide-page"><valueUri value="StructureDefinition-EHDSDosaging.html"/></extension><reference><reference value="StructureDefinition/EHDSDosaging"/></reference><name value="Dosaging model"/><description value="Logical model for usage instructions for administring the requested product. Based on FHIR Dosage complex data type. When implemented, this model may be reduced significantly according to the specific use case."/><isExample value="false"/><groupingId value="EHDSPrescriptionDispenseLogicalModels"/></resource><resource><extension url="http://hl7.org/fhir/tools/StructureDefinition/resource-sort"><valueInteger value="999999999"/></extension><extension url="http://hl7.org/fhir/StructureDefinition/implementationguide-page"><valueUri value="StructureDefinition-EHDSMedicationDispense.html"/></extension><reference><reference value="StructureDefinition/EHDSMedicationDispense"/></reference><name value="Medication dispensation model"/><description value="Logical model for medication dispensation (based on request or independently)"/><isExample value="false"/><groupingId value="EHDSPrescriptionDispenseLogicalModels"/></resource><resource><extension url="http://hl7.org/fhir/tools/StructureDefinition/resource-sort"><valueInteger value="999999999"/></extension><extension url="http://hl7.org/fhir/StructureDefinition/implementationguide-page"><valueUri value="StructureDefinition-EHDSMedicationPrescription.html"/></extension><reference><reference value="StructureDefinition/EHDSMedicationPrescription"/></reference><name value="Medication prescription model"/><description value="Logical model for medication prescription. A prescription contains one or more prescription items."/><isExample value="false"/><groupingId value="EHDSPrescriptionDispenseLogicalModels"/></resource><resource><extension url="http://hl7.org/fhir/tools/StructureDefinition/resource-sort"><valueInteger value="999999999"/></extension><extension url="http://hl7.org/fhir/StructureDefinition/implementationguide-page"><valueUri value="StructureDefinition-EHDSLaboratoryObservation.html"/></extension><reference><reference value="StructureDefinition/EHDSLaboratoryObservation"/></reference><name value="Laboratory observation model"/><description value="C.11 - EHDS refined base model for Observation performed by laboratory"/><isExample value="false"/><groupingId value="EHDSLaboratoryLogicalModels"/></resource><resource><extension url="http://hl7.org/fhir/tools/StructureDefinition/resource-sort"><valueInteger value="999999999"/></extension><extension url="http://hl7.org/fhir/StructureDefinition/implementationguide-page"><valueUri value="StructureDefinition-EHDSLaboratoryReportBody.html"/></extension><reference><reference value="StructureDefinition/EHDSLaboratoryReportBody"/></reference><name value="Laboratory report body model"/><description value="B.1 - EEHRxF refined base model for Laboratory result report body"/><isExample value="false"/><groupingId value="EHDSLaboratoryLogicalModels"/></resource><resource><extension url="http://hl7.org/fhir/tools/StructureDefinition/resource-sort"><valueInteger value="999999999"/></extension><extension url="http://hl7.org/fhir/StructureDefinition/implementationguide-page"><valueUri value="StructureDefinition-EHDSLaboratoryReportHeader.html"/></extension><reference><reference value="StructureDefinition/EHDSLaboratoryReportHeader"/></reference><name value="Laboratory report header model"/><description value="A.1 - EHDS refined base model for Report header data elements"/><isExample value="false"/><groupingId value="EHDSLaboratoryLogicalModels"/></resource><resource><extension url="http://hl7.org/fhir/tools/StructureDefinition/resource-sort"><valueInteger value="999999999"/></extension><extension url="http://hl7.org/fhir/StructureDefinition/implementationguide-page"><valueUri value="StructureDefinition-EHDSLaboratoryReport.html"/></extension><reference><reference value="StructureDefinition/EHDSLaboratoryReport"/></reference><name value="Laboratory report model"/><description value="A - EHDS refined base model for Laboratory Result Report"/><isExample value="false"/><groupingId value="EHDSLaboratoryLogicalModels"/></resource><resource><extension url="http://hl7.org/fhir/tools/StructureDefinition/resource-sort"><valueInteger value="999999999"/></extension><extension url="http://hl7.org/fhir/StructureDefinition/implementationguide-page"><valueUri value="StructureDefinition-EHDSImagingReportBody.html"/></extension><reference><reference value="StructureDefinition/EHDSImagingReportBody"/></reference><name value="Imaging report body model"/><description value="B.1 - EHDS refined base model for Imaging report body"/><isExample value="false"/><groupingId value="EHDSImagingLogicalModels"/></resource><resource><extension url="http://hl7.org/fhir/tools/StructureDefinition/resource-sort"><valueInteger value="999999999"/></extension><extension url="http://hl7.org/fhir/StructureDefinition/implementationguide-page"><valueUri value="StructureDefinition-EHDSImagingReportHeader.html"/></extension><reference><reference value="StructureDefinition/EHDSImagingReportHeader"/></reference><name value="Imaging report header model"/><description value="A.1 - EHDS refined base model for Imaging Report header data elements"/><isExample value="false"/><groupingId value="EHDSImagingLogicalModels"/></resource><resource><extension url="http://hl7.org/fhir/tools/StructureDefinition/resource-sort"><valueInteger value="999999999"/></extension><extension url="http://hl7.org/fhir/StructureDefinition/implementationguide-page"><valueUri value="StructureDefinition-EHDSImagingReport.html"/></extension><reference><reference value="StructureDefinition/EHDSImagingReport"/></reference><name value="Imaging report model"/><description value="A - EHDS refined base model for Imaging Result Report"/><isExample value="false"/><groupingId value="EHDSImagingLogicalModels"/></resource><resource><extension url="http://hl7.org/fhir/tools/StructureDefinition/resource-sort"><valueInteger value="999999999"/></extension><extension url="http://hl7.org/fhir/StructureDefinition/implementationguide-page"><valueUri value="StructureDefinition-EHDSInpatientEncounter.html"/></extension><reference><reference value="StructureDefinition/EHDSInpatientEncounter"/></reference><name value="Inpatient encounter model"/><description value="C.23 - EHDS refined base model for Inpatient encounter"/><isExample value="false"/><groupingId value="EHDSHdrLogicalModels"/></resource><resource><extension url="http://hl7.org/fhir/tools/StructureDefinition/resource-sort"><valueInteger value="999999999"/></extension><extension url="http://hl7.org/fhir/StructureDefinition/implementationguide-page"><valueUri value="StructureDefinition-EHDSPatientSummaryBody.html"/></extension><reference><reference value="StructureDefinition/EHDSPatientSummaryBody"/></reference><name value="Patient summary body model"/><description value="B.1 - EHDS refined base model for Patient Summary body data elements"/><isExample value="false"/><groupingId value="EHDSPsLogicalModels"/></resource><resource><extension url="http://hl7.org/fhir/tools/StructureDefinition/resource-sort"><valueInteger value="999999999"/></extension><extension url="http://hl7.org/fhir/StructureDefinition/implementationguide-page"><valueUri value="StructureDefinition-EHDSPatientSummaryHeader.html"/></extension><reference><reference value="StructureDefinition/EHDSPatientSummaryHeader"/></reference><name value="Patient summary header model"/><description value="A.1 - EHDS refined base model for Patient Summary header data elements"/><isExample value="false"/><groupingId value="EHDSPsLogicalModels"/></resource><resource><extension url="http://hl7.org/fhir/tools/StructureDefinition/resource-sort"><valueInteger value="999999999"/></extension><extension url="http://hl7.org/fhir/StructureDefinition/implementationguide-page"><valueUri value="StructureDefinition-EHDSPatientSummary.html"/></extension><reference><reference value="StructureDefinition/EHDSPatientSummary"/></reference><name value="Patient summary model"/><description value="A - EHDS refined base model for Patient Summary Report"/><isExample value="false"/><groupingId value="EHDSPsLogicalModels"/></resource><resource><extension url="http://hl7.org/fhir/tools/StructureDefinition/resource-sort"><valueInteger value="999999999"/></extension><extension url="http://hl7.org/fhir/StructureDefinition/implementationguide-page"><valueUri value="StructureDefinition-EHDSDeviceUse.html"/></extension><reference><reference value="StructureDefinition/EHDSDeviceUse"/></reference><name value="Device use model"/><description value="C.25 - EHDS refined base model for Device Use"/><isExample value="false"/><groupingId value="-str-logicalmodel"/></resource><resource><extension url="http://hl7.org/fhir/tools/StructureDefinition/resource-sort"><valueInteger value="999999999"/></extension><extension url="http://hl7.org/fhir/StructureDefinition/implementationguide-page"><valueUri value="StructureDefinition-EHDSFunctionalStatus.html"/></extension><reference><reference value="StructureDefinition/EHDSFunctionalStatus"/></reference><name value="Functional status"/><description value="C.25 - EHDS refined base model for Functional status"/><isExample value="false"/><groupingId value="-str-logicalmodel"/></resource><resource><extension url="http://hl7.org/fhir/tools/StructureDefinition/resource-sort"><valueInteger value="999999999"/></extension><extension url="http://hl7.org/fhir/StructureDefinition/implementationguide-page"><valueUri value="StructureDefinition-ANY.html"/></extension><reference><reference value="StructureDefinition/ANY"/></reference><name value="ANY"/><description value="An abstract type"/><isExample value="false"/><groupingId value="-str-datatype"/></resource><resource><extension url="http://hl7.org/fhir/tools/StructureDefinition/resource-sort"><valueInteger value="999999999"/></extension><extension url="http://hl7.org/fhir/StructureDefinition/implementationguide-page"><valueUri value="StructureDefinition-Coded.html"/></extension><reference><reference value="StructureDefinition/Coded"/></reference><name value="Coded"/><description value="Coded data element"/><isExample value="false"/><groupingId value="-str-datatype"/></resource><page><sourceUrl value="toc.html"/><name value="toc.html"/><title value="Table of Contents"/><generation value="html"/><page><sourceUrl value="index.html"/><name value="index.html"/><title value="Home"/><generation value="markdown"/></page><page><sourceUrl value="howto.html"/><name value="howto.html"/><title value="How to read this guide"/><generation value="markdown"/></page><page><sourceUrl value="knownIssues.html"/><name value="knownIssues.html"/><title value="Known issues"/><generation value="markdown"/></page><page><sourceUrl value="scope.html"/><name value="scope.html"/><title value="Scope and Content"/><generation value="markdown"/></page><page><sourceUrl value="wow.html"/><name value="wow.html"/><title value="Ways of working"/><generation value="markdown"/></page><page><sourceUrl value="useCasePrescription.html"/><name value="useCasePrescription.html"/><title value="ePrescription &amp; eDispensation"/><generation value="markdown"/></page><page><sourceUrl value="useCasePatientSummary.html"/><name value="useCasePatientSummary.html"/><title value="Patient Summary"/><generation value="markdown"/></page><page><sourceUrl value="useCaseLabReport.html"/><name value="useCaseLabReport.html"/><title value="Laboratory Report"/><generation value="markdown"/></page><page><sourceUrl value="useCaseMedicalImages.html"/><name value="useCaseMedicalImages.html"/><title value="Medical Images"/><generation value="markdown"/></page><page><sourceUrl value="useCaseHospitalDischargeReport.html"/><name value="useCaseHospitalDischargeReport.html"/><title value="Hospital Discharge Report"/><generation value="markdown"/></page><page><sourceUrl value="downloads.html"/><name value="downloads.html"/><title value="Download"/><generation value="markdown"/></page><page><sourceUrl value="artifacts.html"/><name value="artifacts.html"/><title value="Artifacts Summary"/><generation value="html"/><page><sourceUrl value="StructureDefinition-EHDSAddress.html"/><name value="StructureDefinition-EHDSAddress.html"/><title value="Address model"/><generation value="generated"/></page><page><sourceUrl value="StructureDefinition-EHDSAlertFlag.html"/><name value="StructureDefinition-EHDSAlertFlag.html"/><title value="Alert flag model"/><generation value="generated"/></page><page><sourceUrl value="StructureDefinition-EHDSAllergyIntolerance.html"/><name value="StructureDefinition-EHDSAllergyIntolerance.html"/><title value="Allergy intolerance model"/><generation value="generated"/></page><page><sourceUrl value="StructureDefinition-EHDSAppointment.html"/><name value="StructureDefinition-EHDSAppointment.html"/><title value="Appointment model"/><generation value="generated"/></page><page><sourceUrl value="StructureDefinition-EHDSAttachments.html"/><name value="StructureDefinition-EHDSAttachments.html"/><title value="Attachements"/><generation value="generated"/></page><page><sourceUrl value="StructureDefinition-EHDSAttachment.html"/><name value="StructureDefinition-EHDSAttachment.html"/><title value="Attachment model"/><generation value="generated"/></page><page><sourceUrl value="StructureDefinition-EHDSCarePlan.html"/><name value="StructureDefinition-EHDSCarePlan.html"/><title value="Care plan model"/><generation value="generated"/></page><page><sourceUrl value="StructureDefinition-EHDSCondition.html"/><name value="StructureDefinition-EHDSCondition.html"/><title value="Condition model"/><generation value="generated"/></page><page><sourceUrl value="StructureDefinition-EHDSDevice.html"/><name value="StructureDefinition-EHDSDevice.html"/><title value="Device model"/><generation value="generated"/></page><page><sourceUrl value="StructureDefinition-EHDSGoal.html"/><name value="StructureDefinition-EHDSGoal.html"/><title value="Goal model"/><generation value="generated"/></page><page><sourceUrl value="StructureDefinition-EHDSGroup.html"/><name value="StructureDefinition-EHDSGroup.html"/><title value="Group model"/><generation value="generated"/></page><page><sourceUrl value="StructureDefinition-EHDSHealthProfessional.html"/><name value="StructureDefinition-EHDSHealthProfessional.html"/><title value="Health professional model"/><generation value="generated"/></page><page><sourceUrl value="StructureDefinition-EHDSHumanName.html"/><name value="StructureDefinition-EHDSHumanName.html"/><title value="Human name model"/><generation value="generated"/></page><page><sourceUrl value="StructureDefinition-EHDSImgCondition.html"/><name value="StructureDefinition-EHDSImgCondition.html"/><title value="Imaging condition model"/><generation value="generated"/></page><page><sourceUrl value="StructureDefinition-EHDSImmunization.html"/><name value="StructureDefinition-EHDSImmunization.html"/><title value="Immunization model"/><generation value="generated"/></page><page><sourceUrl value="StructureDefinition-EHDSLocation.html"/><name value="StructureDefinition-EHDSLocation.html"/><title value="Location model"/><generation value="generated"/></page><page><sourceUrl value="StructureDefinition-EHDSMedia.html"/><name value="StructureDefinition-EHDSMedia.html"/><title value="Media model"/><generation value="generated"/></page><page><sourceUrl value="StructureDefinition-EHDSMedicationAdministration.html"/><name value="StructureDefinition-EHDSMedicationAdministration.html"/><title value="Medication administration model"/><generation value="generated"/></page><page><sourceUrl value="StructureDefinition-EHDSMedication.html"/><name value="StructureDefinition-EHDSMedication.html"/><title value="Medicinal product model"/><generation value="generated"/></page><page><sourceUrl value="StructureDefinition-EHDSObservation.html"/><name value="StructureDefinition-EHDSObservation.html"/><title value="Observation model"/><generation value="generated"/></page><page><sourceUrl value="StructureDefinition-EHDSOrganization.html"/><name value="StructureDefinition-EHDSOrganization.html"/><title value="Organization model"/><generation value="generated"/></page><page><sourceUrl value="StructureDefinition-EHDSPatient.html"/><name value="StructureDefinition-EHDSPatient.html"/><title value="Patient model"/><generation value="generated"/></page><page><sourceUrl value="StructureDefinition-EHDSProcedure.html"/><name value="StructureDefinition-EHDSProcedure.html"/><title value="Procedure model"/><generation value="generated"/></page><page><sourceUrl value="StructureDefinition-EHDSRelatedPerson.html"/><name value="StructureDefinition-EHDSRelatedPerson.html"/><title value="Related person model"/><generation value="generated"/></page><page><sourceUrl value="StructureDefinition-EHDSReportHeader.html"/><name value="StructureDefinition-EHDSReportHeader.html"/><title value="Report header model"/><generation value="generated"/></page><page><sourceUrl value="StructureDefinition-EHDSServiceRequest.html"/><name value="StructureDefinition-EHDSServiceRequest.html"/><title value="Service request model"/><generation value="generated"/></page><page><sourceUrl value="StructureDefinition-EHDSSlot.html"/><name value="StructureDefinition-EHDSSlot.html"/><title value="Slot model"/><generation value="generated"/></page><page><sourceUrl value="StructureDefinition-EHDSSpecimen.html"/><name value="StructureDefinition-EHDSSpecimen.html"/><title value="Specimen model"/><generation value="generated"/></page><page><sourceUrl value="StructureDefinition-EHDSSubstance.html"/><name value="StructureDefinition-EHDSSubstance.html"/><title value="Substance model"/><generation value="generated"/></page><page><sourceUrl value="StructureDefinition-EHDSTask.html"/><name value="StructureDefinition-EHDSTask.html"/><title value="Task model"/><generation value="generated"/></page><page><sourceUrl value="StructureDefinition-EHDSTelecom.html"/><name value="StructureDefinition-EHDSTelecom.html"/><title value="Telecom model"/><generation value="generated"/></page><page><sourceUrl value="StructureDefinition-EHDSDosaging.html"/><name value="StructureDefinition-EHDSDosaging.html"/><title value="Dosaging model"/><generation value="generated"/></page><page><sourceUrl value="StructureDefinition-EHDSMedicationDispense.html"/><name value="StructureDefinition-EHDSMedicationDispense.html"/><title value="Medication dispensation model"/><generation value="generated"/></page><page><sourceUrl value="StructureDefinition-EHDSMedicationPrescription.html"/><name value="StructureDefinition-EHDSMedicationPrescription.html"/><title value="Medication prescription model"/><generation value="generated"/></page><page><sourceUrl value="StructureDefinition-EHDSLaboratoryObservation.html"/><name value="StructureDefinition-EHDSLaboratoryObservation.html"/><title value="Laboratory observation model"/><generation value="generated"/></page><page><sourceUrl value="StructureDefinition-EHDSLaboratoryReportBody.html"/><name value="StructureDefinition-EHDSLaboratoryReportBody.html"/><title value="Laboratory report body model"/><generation value="generated"/></page><page><sourceUrl value="StructureDefinition-EHDSLaboratoryReportHeader.html"/><name value="StructureDefinition-EHDSLaboratoryReportHeader.html"/><title value="Laboratory report header model"/><generation value="generated"/></page><page><sourceUrl value="StructureDefinition-EHDSLaboratoryReport.html"/><name value="StructureDefinition-EHDSLaboratoryReport.html"/><title value="Laboratory report model"/><generation value="generated"/></page><page><sourceUrl value="StructureDefinition-EHDSImagingReportBody.html"/><name value="StructureDefinition-EHDSImagingReportBody.html"/><title value="Imaging report body model"/><generation value="generated"/></page><page><sourceUrl value="StructureDefinition-EHDSImagingReportHeader.html"/><name value="StructureDefinition-EHDSImagingReportHeader.html"/><title value="Imaging report header model"/><generation value="generated"/></page><page><sourceUrl value="StructureDefinition-EHDSImagingReport.html"/><name value="StructureDefinition-EHDSImagingReport.html"/><title value="Imaging report model"/><generation value="generated"/></page><page><sourceUrl value="StructureDefinition-EHDSInpatientEncounter.html"/><name value="StructureDefinition-EHDSInpatientEncounter.html"/><title value="Inpatient encounter model"/><generation value="generated"/></page><page><sourceUrl value="StructureDefinition-EHDSPatientSummaryBody.html"/><name value="StructureDefinition-EHDSPatientSummaryBody.html"/><title value="Patient summary body model"/><generation value="generated"/></page><page><sourceUrl value="StructureDefinition-EHDSPatientSummaryHeader.html"/><name value="StructureDefinition-EHDSPatientSummaryHeader.html"/><title value="Patient summary header model"/><generation value="generated"/></page><page><sourceUrl value="StructureDefinition-EHDSPatientSummary.html"/><name value="StructureDefinition-EHDSPatientSummary.html"/><title value="Patient summary model"/><generation value="generated"/></page><page><sourceUrl value="StructureDefinition-EHDSDeviceUse.html"/><name value="StructureDefinition-EHDSDeviceUse.html"/><title value="Device use model"/><generation value="generated"/></page><page><sourceUrl value="StructureDefinition-EHDSFunctionalStatus.html"/><name value="StructureDefinition-EHDSFunctionalStatus.html"/><title value="Functional status"/><generation value="generated"/></page><page><sourceUrl value="StructureDefinition-ANY.html"/><name value="StructureDefinition-ANY.html"/><title value="ANY"/><generation value="generated"/></page><page><sourceUrl value="StructureDefinition-Coded.html"/><name value="StructureDefinition-Coded.html"/><title value="Coded"/><generation value="generated"/></page></page></page><parameter><code><system value="http://hl7.org/fhir/tools/CodeSystem/ig-parameters"/><code value="copyrightyear"/></code><value value="2022+"/></parameter><parameter><code><system value="http://hl7.org/fhir/tools/CodeSystem/ig-parameters"/><code value="releaselabel"/></code><value value="ci-build"/></parameter><parameter><code><system value="http://hl7.org/fhir/tools/CodeSystem/ig-parameters"/><code value="produce-jekyll-data"/></code><value value="true"/></parameter><parameter><code><system value="http://hl7.org/fhir/tools/CodeSystem/ig-parameters"/><code value="autoload-resources"/></code><value value="true"/></parameter><parameter><code><system value="http://hl7.org/fhir/guide-parameter-code"/><code value="path-resource"/></code><value value="input/capabilities"/></parameter><parameter><code><system value="http://hl7.org/fhir/guide-parameter-code"/><code value="path-resource"/></code><value value="input/examples"/></parameter><parameter><code><system value="http://hl7.org/fhir/guide-parameter-code"/><code value="path-resource"/></code><value value="input/extensions"/></parameter><parameter><code><system value="http://hl7.org/fhir/guide-parameter-code"/><code value="path-resource"/></code><value value="input/models"/></parameter><parameter><code><system value="http://hl7.org/fhir/guide-parameter-code"/><code value="path-resource"/></code><value value="input/operations"/></parameter><parameter><code><system value="http://hl7.org/fhir/guide-parameter-code"/><code value="path-resource"/></code><value value="input/profiles"/></parameter><parameter><code><system value="http://hl7.org/fhir/guide-parameter-code"/><code value="path-resource"/></code><value value="input/resources"/></parameter><parameter><code><system value="http://hl7.org/fhir/guide-parameter-code"/><code value="path-resource"/></code><value value="input/vocabulary"/></parameter><parameter><code><system value="http://hl7.org/fhir/guide-parameter-code"/><code value="path-resource"/></code><value value="input/maps"/></parameter><parameter><code><system value="http://hl7.org/fhir/guide-parameter-code"/><code value="path-resource"/></code><value value="input/testing"/></parameter><parameter><code><system value="http://hl7.org/fhir/guide-parameter-code"/><code value="path-resource"/></code><value value="input/history"/></parameter><parameter><code><system value="http://hl7.org/fhir/guide-parameter-code"/><code value="path-resource"/></code><value value="fsh-generated/resources"/></parameter><parameter><code><system value="http://hl7.org/fhir/guide-parameter-code"/><code value="path-pages"/></code><value value="template/config"/></parameter><parameter><code><system value="http://hl7.org/fhir/guide-parameter-code"/><code value="path-pages"/></code><value value="input/images"/></parameter><parameter><code><system value="http://hl7.org/fhir/tools/CodeSystem/ig-parameters"/><code value="path-liquid"/></code><value value="template/liquid"/></parameter><parameter><code><system value="http://hl7.org/fhir/tools/CodeSystem/ig-parameters"/><code value="path-liquid"/></code><value value="input/liquid"/></parameter><parameter><code><system value="http://hl7.org/fhir/tools/CodeSystem/ig-parameters"/><code value="path-qa"/></code><value value="temp/qa"/></parameter><parameter><code><system value="http://hl7.org/fhir/tools/CodeSystem/ig-parameters"/><code value="path-temp"/></code><value value="temp/pages"/></parameter><parameter><code><system value="http://hl7.org/fhir/tools/CodeSystem/ig-parameters"/><code value="path-output"/></code><value value="output"/></parameter><parameter><code><system value="http://hl7.org/fhir/guide-parameter-code"/><code value="path-tx-cache"/></code><value value="input-cache/txcache"/></parameter><parameter><code><system value="http://hl7.org/fhir/tools/CodeSystem/ig-parameters"/><code value="path-suppressed-warnings"/></code><value value="input/ignoreWarnings.txt"/></parameter><parameter><code><system value="http://hl7.org/fhir/tools/CodeSystem/ig-parameters"/><code value="path-history"/></code><value value="https://www.xt-ehr.eu/specifications/fhir/history.html"/></parameter><parameter><code><system value="http://hl7.org/fhir/tools/CodeSystem/ig-parameters"/><code value="template-html"/></code><value value="template-page.html"/></parameter><parameter><code><system value="http://hl7.org/fhir/tools/CodeSystem/ig-parameters"/><code value="template-md"/></code><value value="template-page-md.html"/></parameter><parameter><code><system value="http://hl7.org/fhir/tools/CodeSystem/ig-parameters"/><code value="apply-contact"/></code><value value="true"/></parameter><parameter><code><system value="http://hl7.org/fhir/tools/CodeSystem/ig-parameters"/><code value="apply-context"/></code><value value="true"/></parameter><parameter><code><system value="http://hl7.org/fhir/tools/CodeSystem/ig-parameters"/><code value="apply-copyright"/></code><value value="true"/></parameter><parameter><code><system value="http://hl7.org/fhir/tools/CodeSystem/ig-parameters"/><code value="apply-jurisdiction"/></code><value value="true"/></parameter><parameter><code><system value="http://hl7.org/fhir/tools/CodeSystem/ig-parameters"/><code value="apply-license"/></code><value value="true"/></parameter><parameter><code><system value="http://hl7.org/fhir/tools/CodeSystem/ig-parameters"/><code value="apply-publisher"/></code><value value="true"/></parameter><parameter><code><system value="http://hl7.org/fhir/tools/CodeSystem/ig-parameters"/><code value="apply-version"/></code><value value="true"/></parameter><parameter><code><system value="http://hl7.org/fhir/tools/CodeSystem/ig-parameters"/><code value="apply-wg"/></code><value value="true"/></parameter><parameter><code><system value="http://hl7.org/fhir/tools/CodeSystem/ig-parameters"/><code value="active-tables"/></code><value value="true"/></parameter><parameter><code><system value="http://hl7.org/fhir/tools/CodeSystem/ig-parameters"/><code value="fmm-definition"/></code><value value="http://hl7.org/fhir/versions.html#maturity"/></parameter><parameter><code><system value="http://hl7.org/fhir/tools/CodeSystem/ig-parameters"/><code value="propagate-status"/></code><value value="true"/></parameter><parameter><code><system value="http://hl7.org/fhir/tools/CodeSystem/ig-parameters"/><code value="excludelogbinaryformat"/></code><value value="true"/></parameter><parameter><code><system value="http://hl7.org/fhir/tools/CodeSystem/ig-parameters"/><code value="tabbed-snapshots"/></code><value value="true"/></parameter></definition></ImplementationGuide>