<?xml version="1.0" encoding="UTF-8"?>

<ImplementationGuide xmlns="http://hl7.org/fhir">
  <id value="hl7.eu.fhir.xt-ehr.common"/>
  <text>
    <status value="generated"/><div xmlns="http://www.w3.org/1999/xhtml"><p class="res-header-id"><b>Generated Narrative: ImplementationGuide hl7.eu.fhir.xt-ehr.common</b></p><a name="hl7.eu.fhir.xt-ehr.common"> </a><a name="hchl7.eu.fhir.xt-ehr.common"> </a><a name="hl7.eu.fhir.xt-ehr.common-en-US"> </a><h2>XtEHRLogicalModelsImplementationGuide</h2><p>The official URL for this implementation guide is: </p><pre>https://www.xt-ehr.eu/specifications/fhir/ImplementationGuide/hl7.eu.fhir.xt-ehr.common</pre><div><p>Xt-EHR Logical Models Implementation Guide</p>
</div></div>
  </text>
  <url value="https://www.xt-ehr.eu/specifications/fhir/ImplementationGuide/hl7.eu.fhir.xt-ehr.common"/>
  <version value="0.1.0"/>
  <name value="XtEHRLogicalModelsImplementationGuide"/>
  <title value="Xt-EHR Logical Models Implementation Guide"/>
  <status value="draft"/>
  <date value="2024-10-13T07:03:28+00:00"/>
  <publisher value="Xt-EHR"/>
  <contact>
    <name value="Xt-EHR"/>
    <telecom>
      <system value="url"/>
      <value value="http://Xt-EHR.eu"/>
    </telecom>
  </contact>
  <description value="Xt-EHR Logical Models Implementation Guide"/>
  <packageId value="hl7.eu.fhir.xt-ehr.common"/>
  <license value="CC0-1.0"/>
  <fhirVersion value="5.0.0"/>
  <dependsOn id="hl7tx">
    <extension url="http://hl7.org/fhir/tools/StructureDefinition/implementationguide-dependency-comment">
      <valueMarkdown value="Automatically added as a dependency - all IGs depend on HL7 Terminology"/>
    </extension>
    <uri value="http://terminology.hl7.org/ImplementationGuide/hl7.terminology"/>
    <packageId value="hl7.terminology.r5"/>
    <version value="6.0.2"/>
  </dependsOn>
  <dependsOn id="hl7ext">
    <extension url="http://hl7.org/fhir/tools/StructureDefinition/implementationguide-dependency-comment">
      <valueMarkdown value="Automatically added as a dependency - all IGs depend on the HL7 Extension Pack"/>
    </extension>
    <uri value="http://hl7.org/fhir/extensions/ImplementationGuide/hl7.fhir.uv.extensions"/>
    <packageId value="hl7.fhir.uv.extensions.r5"/>
    <version value="5.1.0"/>
  </dependsOn>
  <definition>
    <extension url="http://hl7.org/fhir/tools/StructureDefinition/ig-internal-dependency">
      <valueCode value="hl7.fhir.uv.tools#0.2.0"/>
    </extension>
    <grouping id="EHDSCommonLogicalModels">
      <name value="EHDS Common Logical Models"/>
      <description value="Information Models for implementing EEHRxF services under EHDS. Format based on ISO 13972 &quot;Health informatics — Clinical information models — Characteristics, structures and requirements.&quot;"/>
    </grouping>
    <grouping id="EHDSPrescriptionDispenseLogicalModels">
      <name value="EHDS ePrescription and eDispense Logical Models"/>
      <description value="Information Models for implementing EEHRxF services for medication prescription and dispense services."/>
    </grouping>
    <grouping id="EHDSLaboratoryLogicalModels">
      <name value="EHDS Laboratory Domain Logical Models"/>
      <description value="Information Models for implementing EEHRxF services in the laboratory domain under EHDS. Format based on ISO 13972 &quot;Health informatics — Clinical information models — Characteristics, structures and requirements.&quot;"/>
    </grouping>
    <grouping id="EHDSImagingLogicalModels">
      <name value="EHDS Imaging Domain Logical Models"/>
      <description value="Information Models for implementing EEHRxF services in the imaging domain under EHDS. Format based on ISO 13972 &quot;Health informatics — Clinical information models — Characteristics, structures and requirements.&quot;"/>
    </grouping>
    <grouping id="eHNDataSets">
      <name value="eHN Guidelines Data Sets"/>
      <description value="Data sets from eHealth Network guidelines. eHN data sets do not have information about cardinalities."/>
    </grouping>
    <resource>
      <extension url="http://hl7.org/fhir/tools/StructureDefinition/resource-information">
        <valueString value="StructureDefinition:logical"/>
      </extension>
      <reference>
        <reference value="StructureDefinition/EHDSAddress"/>
      </reference>
      <name value="Address (model)"/>
      <description value="C.5 - EHDS refined base model for Address structure"/>
      <isExample value="false"/>
      <groupingId value="EHDSCommonLogicalModels"/>
    </resource>
    <resource>
      <extension url="http://hl7.org/fhir/tools/StructureDefinition/resource-information">
        <valueString value="StructureDefinition:logical"/>
      </extension>
      <reference>
        <reference value="StructureDefinition/EHDSAllergy"/>
      </reference>
      <name value="Allergy (model)"/>
      <description value="C.XX - EHDS refined base model for Allergy"/>
      <isExample value="false"/>
      <groupingId value="EHDSCommonLogicalModels"/>
    </resource>
    <resource>
      <extension url="http://hl7.org/fhir/tools/StructureDefinition/resource-information">
        <valueString value="StructureDefinition:complex-type"/>
      </extension>
      <reference>
        <reference value="StructureDefinition/ANY"/>
      </reference>
      <name value="ANY"/>
      <description value="An abstract type"/>
      <isExample value="false"/>
    </resource>
    <resource>
      <extension url="http://hl7.org/fhir/tools/StructureDefinition/resource-information">
        <valueString value="StructureDefinition:logical"/>
      </extension>
      <reference>
        <reference value="StructureDefinition/EHDSAppointment"/>
      </reference>
      <name value="Appointment (model)"/>
      <description value="C.20 - EHDS refined base model for Appointment"/>
      <isExample value="false"/>
      <groupingId value="EHDSCommonLogicalModels"/>
    </resource>
    <resource>
      <extension url="http://hl7.org/fhir/tools/StructureDefinition/resource-information">
        <valueString value="StructureDefinition:logical"/>
      </extension>
      <reference>
        <reference value="StructureDefinition/EHDSAttachment"/>
      </reference>
      <name value="Attachment (model)"/>
      <description value="C.7 - EHDS refined base model for This type is for containing or referencing attachments - additional data content defined in other formats. The most common use of this type is to include images or reports in some report format such as PDF. However, it can be used for any data that has a MIME type."/>
      <isExample value="false"/>
      <groupingId value="EHDSCommonLogicalModels"/>
    </resource>
    <resource>
      <extension url="http://hl7.org/fhir/tools/StructureDefinition/resource-information">
        <valueString value="StructureDefinition:logical"/>
      </extension>
      <reference>
        <reference value="StructureDefinition/EHDSCarePlan"/>
      </reference>
      <name value="Care plan (model)"/>
      <description value="C.19 - EHDS refined base model for Care plan"/>
      <isExample value="false"/>
      <groupingId value="EHDSCommonLogicalModels"/>
    </resource>
    <resource>
      <extension url="http://hl7.org/fhir/tools/StructureDefinition/resource-information">
        <valueString value="StructureDefinition:complex-type"/>
      </extension>
      <reference>
        <reference value="StructureDefinition/Coded"/>
      </reference>
      <name value="Coded"/>
      <description value="Coded data element"/>
      <isExample value="false"/>
    </resource>
    <resource>
      <extension url="http://hl7.org/fhir/tools/StructureDefinition/resource-information">
        <valueString value="StructureDefinition:logical"/>
      </extension>
      <reference>
        <reference value="StructureDefinition/EHDSCondition"/>
      </reference>
      <name value="Condition (model)"/>
      <description value="C.15 - EHDS refined base model for A clinical condition, problem, diagnosis, or other event, situation, issue, or clinical concept that has risen to a level of concern."/>
      <isExample value="false"/>
      <groupingId value="EHDSCommonLogicalModels"/>
    </resource>
    <resource>
      <extension url="http://hl7.org/fhir/tools/StructureDefinition/resource-information">
        <valueString value="StructureDefinition:logical"/>
      </extension>
      <reference>
        <reference value="StructureDefinition/EHDSDevice"/>
      </reference>
      <name value="Device (model)"/>
      <description value="C.12 - EHDS refined base model for Device information"/>
      <isExample value="false"/>
      <groupingId value="EHDSCommonLogicalModels"/>
    </resource>
    <resource>
      <extension url="http://hl7.org/fhir/tools/StructureDefinition/resource-information">
        <valueString value="StructureDefinition:logical"/>
      </extension>
      <reference>
        <reference value="StructureDefinition/EHDSDosaging"/>
      </reference>
      <name value="Dosaging (model)"/>
      <description value="Logical model for usage instructions for administring the requested product. Based on FHIR Dosage complex data type. When implemented, this model may be reduced significantly according to the specific use case."/>
      <isExample value="false"/>
      <groupingId value="EHDSPrescriptionDispenseLogicalModels"/>
    </resource>
    <resource>
      <extension url="http://hl7.org/fhir/tools/StructureDefinition/resource-information">
        <valueString value="StructureDefinition:logical"/>
      </extension>
      <reference>
        <reference value="StructureDefinition/EHNDocumentMetadata"/>
      </reference>
      <name value="eHN Document Metadata"/>
      <description value="eHN Dataset for Document Metadata"/>
      <isExample value="false"/>
      <groupingId value="eHNDataSets"/>
    </resource>
    <resource>
      <extension url="http://hl7.org/fhir/tools/StructureDefinition/resource-information">
        <valueString value="StructureDefinition:logical"/>
      </extension>
      <reference>
        <reference value="StructureDefinition/EHNHealthProfessional"/>
      </reference>
      <name value="eHN Health Professional"/>
      <description value="eHN Dataset for identification of the health professional"/>
      <isExample value="false"/>
      <groupingId value="eHNDataSets"/>
    </resource>
    <resource>
      <extension url="http://hl7.org/fhir/tools/StructureDefinition/resource-information">
        <valueString value="StructureDefinition:logical"/>
      </extension>
      <reference>
        <reference value="StructureDefinition/EHNOrganizationModel"/>
      </reference>
      <name value="eHN HP Organisation"/>
      <description value="eHN Dataset for health professional organisation"/>
      <isExample value="false"/>
      <groupingId value="eHNDataSets"/>
    </resource>
    <resource>
      <extension url="http://hl7.org/fhir/tools/StructureDefinition/resource-information">
        <valueString value="StructureDefinition:logical"/>
      </extension>
      <reference>
        <reference value="StructureDefinition/EHNMedication"/>
      </reference>
      <name value="eHN Medication"/>
      <description value="eHN Dataset for medication"/>
      <isExample value="false"/>
      <groupingId value="eHNDataSets"/>
    </resource>
    <resource>
      <extension url="http://hl7.org/fhir/tools/StructureDefinition/resource-information">
        <valueString value="StructureDefinition:logical"/>
      </extension>
      <reference>
        <reference value="StructureDefinition/EHNMedicationPrescription"/>
      </reference>
      <name value="eHN Medication Prescription"/>
      <description value="eHN Dataset for medication prescription"/>
      <isExample value="false"/>
      <groupingId value="eHNDataSets"/>
    </resource>
    <resource>
      <extension url="http://hl7.org/fhir/tools/StructureDefinition/resource-information">
        <valueString value="StructureDefinition:logical"/>
      </extension>
      <reference>
        <reference value="StructureDefinition/EHNPatient"/>
      </reference>
      <name value="eHN Patient"/>
      <description value="eHN Dataset for identification of the patient/subject"/>
      <isExample value="false"/>
      <groupingId value="eHNDataSets"/>
    </resource>
    <resource>
      <extension url="http://hl7.org/fhir/tools/StructureDefinition/resource-information">
        <valueString value="StructureDefinition:logical"/>
      </extension>
      <reference>
        <reference value="StructureDefinition/EHDSGoal"/>
      </reference>
      <name value="Goal (model)"/>
      <description value="C.XX - EHDS refined base model for Goal"/>
      <isExample value="false"/>
      <groupingId value="EHDSCommonLogicalModels"/>
    </resource>
    <resource>
      <extension url="http://hl7.org/fhir/tools/StructureDefinition/resource-information">
        <valueString value="StructureDefinition:logical"/>
      </extension>
      <reference>
        <reference value="StructureDefinition/EHDSGroup"/>
      </reference>
      <name value="Group (model)"/>
      <description value="C. - EHDS refined base model for Group"/>
      <isExample value="false"/>
      <groupingId value="EHDSCommonLogicalModels"/>
    </resource>
    <resource>
      <extension url="http://hl7.org/fhir/tools/StructureDefinition/resource-information">
        <valueString value="StructureDefinition:logical"/>
      </extension>
      <reference>
        <reference value="StructureDefinition/EHDSHealthProfessional"/>
      </reference>
      <name value="Health professional (model)"/>
      <description value="C.2 - EHDS refined base model for Health professional (HP)"/>
      <isExample value="false"/>
      <groupingId value="EHDSCommonLogicalModels"/>
    </resource>
    <resource>
      <extension url="http://hl7.org/fhir/tools/StructureDefinition/resource-information">
        <valueString value="StructureDefinition:logical"/>
      </extension>
      <reference>
        <reference value="StructureDefinition/EHDSHealthProfessionalRole"/>
      </reference>
      <name value="Health professional role (model)"/>
      <description value="C.4 - EHDS refined base model for Role and location details associated with a practitioner that are applicable to the healthcare event."/>
      <isExample value="false"/>
      <groupingId value="EHDSCommonLogicalModels"/>
    </resource>
    <resource>
      <extension url="http://hl7.org/fhir/tools/StructureDefinition/resource-information">
        <valueString value="StructureDefinition:logical"/>
      </extension>
      <reference>
        <reference value="StructureDefinition/EHDSImgCondition"/>
      </reference>
      <name value="Imaging Condition (model)"/>
      <description value="C.XX - EHDS refined base model for a clinical condition, problem, diagnosis, or other event, situation, issue, or clinical concept that has risen to a level of concern."/>
      <isExample value="false"/>
      <groupingId value="EHDSCommonLogicalModels"/>
    </resource>
    <resource>
      <extension url="http://hl7.org/fhir/tools/StructureDefinition/resource-information">
        <valueString value="StructureDefinition:logical"/>
      </extension>
      <reference>
        <reference value="StructureDefinition/EHDSImagingReport"/>
      </reference>
      <name value="Imaging Report (model)"/>
      <description value="A - EHDS refined base model for Imaging Result Report"/>
      <isExample value="false"/>
      <groupingId value="EHDSImagingLogicalModels"/>
    </resource>
    <resource>
      <extension url="http://hl7.org/fhir/tools/StructureDefinition/resource-information">
        <valueString value="StructureDefinition:logical"/>
      </extension>
      <reference>
        <reference value="StructureDefinition/EHDSImagingReportBody"/>
      </reference>
      <name value="Imaging Report body"/>
      <description value="B.1 - EHDS refined base model for Imaging report body"/>
      <isExample value="false"/>
      <groupingId value="EHDSImagingLogicalModels"/>
    </resource>
    <resource>
      <extension url="http://hl7.org/fhir/tools/StructureDefinition/resource-information">
        <valueString value="StructureDefinition:logical"/>
      </extension>
      <reference>
        <reference value="StructureDefinition/EHDSImagingReportHeader"/>
      </reference>
      <name value="Imging Report header (model)"/>
      <description value="A.1 - EHDS refined base model for Imaging Report header data elements"/>
      <isExample value="false"/>
      <groupingId value="EHDSImagingLogicalModels"/>
    </resource>
    <resource>
      <extension url="http://hl7.org/fhir/tools/StructureDefinition/resource-information">
        <valueString value="StructureDefinition:logical"/>
      </extension>
      <reference>
        <reference value="StructureDefinition/EHDSLaboratoryObservation"/>
      </reference>
      <name value="Laboratory observation (model)"/>
      <description value="C.11 - EHDS refined base model for Observation performed by laboratory"/>
      <isExample value="false"/>
      <groupingId value="EHDSLaboratoryLogicalModels"/>
    </resource>
    <resource>
      <extension url="http://hl7.org/fhir/tools/StructureDefinition/resource-information">
        <valueString value="StructureDefinition:logical"/>
      </extension>
      <reference>
        <reference value="StructureDefinition/EHDSLaboratoryReport"/>
      </reference>
      <name value="Laboratory Report (model)"/>
      <description value="A - EHDS refined base model for Laboratory Result Report"/>
      <isExample value="false"/>
      <groupingId value="EHDSLaboratoryLogicalModels"/>
    </resource>
    <resource>
      <extension url="http://hl7.org/fhir/tools/StructureDefinition/resource-information">
        <valueString value="StructureDefinition:logical"/>
      </extension>
      <reference>
        <reference value="StructureDefinition/EHDSLaboratoryReportBody"/>
      </reference>
      <name value="Laboratory report body (model)"/>
      <description value="B.1 - EEHRxF refined base model for Laboratory result report body"/>
      <isExample value="false"/>
      <groupingId value="EHDSLaboratoryLogicalModels"/>
    </resource>
    <resource>
      <extension url="http://hl7.org/fhir/tools/StructureDefinition/resource-information">
        <valueString value="StructureDefinition:logical"/>
      </extension>
      <reference>
        <reference value="StructureDefinition/EHDSLaboratoryReportHeader"/>
      </reference>
      <name value="Laboratory report header (model)"/>
      <description value="A.1 - EHDS refined base model for Report header data elements"/>
      <isExample value="false"/>
      <groupingId value="EHDSLaboratoryLogicalModels"/>
    </resource>
    <resource>
      <extension url="http://hl7.org/fhir/tools/StructureDefinition/resource-information">
        <valueString value="StructureDefinition:logical"/>
      </extension>
      <reference>
        <reference value="StructureDefinition/EHDSLocation"/>
      </reference>
      <name value="Location (model)"/>
      <description value="C.17 - EHDS refined base model for Details and position information for a place where services are provided and resources and participants may be stored, found, contained, or accommodated."/>
      <isExample value="false"/>
      <groupingId value="EHDSCommonLogicalModels"/>
    </resource>
    <resource>
      <extension url="http://hl7.org/fhir/tools/StructureDefinition/resource-information">
        <valueString value="StructureDefinition:logical"/>
      </extension>
      <reference>
        <reference value="StructureDefinition/EHDSMedia"/>
      </reference>
      <name value="Media (model)"/>
      <description value="C.14 - EHDS refined base model for A photo, video, or audio recording acquired or used in healthcare."/>
      <isExample value="false"/>
      <groupingId value="EHDSCommonLogicalModels"/>
    </resource>
    <resource>
      <extension url="http://hl7.org/fhir/tools/StructureDefinition/resource-information">
        <valueString value="StructureDefinition:logical"/>
      </extension>
      <reference>
        <reference value="StructureDefinition/EHDSMedicationAdministration"/>
      </reference>
      <name value="Medication administration"/>
      <description value="C.18 - EHDS refined base model for Medication administration"/>
      <isExample value="false"/>
      <groupingId value="EHDSCommonLogicalModels"/>
    </resource>
    <resource>
      <extension url="http://hl7.org/fhir/tools/StructureDefinition/resource-information">
        <valueString value="StructureDefinition:logical"/>
      </extension>
      <reference>
        <reference value="StructureDefinition/EHDSMedicationDispense"/>
      </reference>
      <name value="Medication Dispensation (model)"/>
      <description value="Logical model for medication dispensation (based on request or independently)"/>
      <isExample value="false"/>
      <groupingId value="EHDSPrescriptionDispenseLogicalModels"/>
    </resource>
    <resource>
      <extension url="http://hl7.org/fhir/tools/StructureDefinition/resource-information">
        <valueString value="StructureDefinition:logical"/>
      </extension>
      <reference>
        <reference value="StructureDefinition/EHDSMedicationPrescription"/>
      </reference>
      <name value="Medication Prescription (model)"/>
      <description value="Logical model for medication prescription. A prescription contains one or more prescription items."/>
      <isExample value="false"/>
      <groupingId value="EHDSPrescriptionDispenseLogicalModels"/>
    </resource>
    <resource>
      <extension url="http://hl7.org/fhir/tools/StructureDefinition/resource-information">
        <valueString value="StructureDefinition:logical"/>
      </extension>
      <reference>
        <reference value="StructureDefinition/EHDSMedication"/>
      </reference>
      <name value="Medicinal product (model)"/>
      <description value="Logical model for prescribed/dispensed medication. The model is shared by statements, requests, dispensations, and treatment lines. Each of those may have different restrictions in FHIR profile."/>
      <isExample value="false"/>
      <groupingId value="EHDSCommonLogicalModels"/>
    </resource>
    <resource>
      <extension url="http://hl7.org/fhir/tools/StructureDefinition/resource-information">
        <valueString value="StructureDefinition:logical"/>
      </extension>
      <reference>
        <reference value="StructureDefinition/EHDSObservation"/>
      </reference>
      <name value="Observation (model)"/>
      <description value="C.10 - EHDS refined base model for Observation information"/>
      <isExample value="false"/>
      <groupingId value="EHDSCommonLogicalModels"/>
    </resource>
    <resource>
      <extension url="http://hl7.org/fhir/tools/StructureDefinition/resource-information">
        <valueString value="StructureDefinition:logical"/>
      </extension>
      <reference>
        <reference value="StructureDefinition/EHDSOrganization"/>
      </reference>
      <name value="Organization (model)"/>
      <description value="C.3 - EHDS refined base model for Health provider or any other type of organization"/>
      <isExample value="false"/>
      <groupingId value="EHDSCommonLogicalModels"/>
    </resource>
    <resource>
      <extension url="http://hl7.org/fhir/tools/StructureDefinition/resource-information">
        <valueString value="StructureDefinition:logical"/>
      </extension>
      <reference>
        <reference value="StructureDefinition/EHDSPatient"/>
      </reference>
      <name value="Patient (model)"/>
      <description value="C.1 - EHDS refined base model for Patient/subject information"/>
      <isExample value="false"/>
      <groupingId value="EHDSCommonLogicalModels"/>
    </resource>
    <resource>
      <extension url="http://hl7.org/fhir/tools/StructureDefinition/resource-information">
        <valueString value="StructureDefinition:logical"/>
      </extension>
      <reference>
        <reference value="StructureDefinition/EHDSProcedure"/>
      </reference>
      <name value="Procedure (model)"/>
      <description value="C.16 - EHDS refined base model for An action that is or was performed on or for a patient"/>
      <isExample value="false"/>
      <groupingId value="EHDSCommonLogicalModels"/>
    </resource>
    <resource>
      <extension url="http://hl7.org/fhir/tools/StructureDefinition/resource-information">
        <valueString value="StructureDefinition:logical"/>
      </extension>
      <reference>
        <reference value="StructureDefinition/EHDSRelatedPerson"/>
      </reference>
      <name value="Related person (model)"/>
      <description value="C.13 - EHDS refined base model for Patient/subject related person information"/>
      <isExample value="false"/>
      <groupingId value="EHDSCommonLogicalModels"/>
    </resource>
    <resource>
      <extension url="http://hl7.org/fhir/tools/StructureDefinition/resource-information">
        <valueString value="StructureDefinition:logical"/>
      </extension>
      <reference>
        <reference value="StructureDefinition/EHDSServiceRequest"/>
      </reference>
      <name value="Service request (model)"/>
      <description value="C.8 - EHDS refined base model for Specification of requested service or services"/>
      <isExample value="false"/>
      <groupingId value="EHDSCommonLogicalModels"/>
    </resource>
    <resource>
      <extension url="http://hl7.org/fhir/tools/StructureDefinition/resource-information">
        <valueString value="StructureDefinition:logical"/>
      </extension>
      <reference>
        <reference value="StructureDefinition/EHDSSlot"/>
      </reference>
      <name value="Slot (model)"/>
      <description value="C.XX - EHDS refined base model for Slot"/>
      <isExample value="false"/>
      <groupingId value="EHDSCommonLogicalModels"/>
    </resource>
    <resource>
      <extension url="http://hl7.org/fhir/tools/StructureDefinition/resource-information">
        <valueString value="StructureDefinition:logical"/>
      </extension>
      <reference>
        <reference value="StructureDefinition/EHDSSpecimen"/>
      </reference>
      <name value="Specimen (model)"/>
      <description value="C.9 - EHDS refined base model for Specimen information"/>
      <isExample value="false"/>
      <groupingId value="EHDSCommonLogicalModels"/>
    </resource>
    <resource>
      <extension url="http://hl7.org/fhir/tools/StructureDefinition/resource-information">
        <valueString value="StructureDefinition:logical"/>
      </extension>
      <reference>
        <reference value="StructureDefinition/EHDSTask"/>
      </reference>
      <name value="Task (model)"/>
      <description value="C.20 - EHDS refined base model for Task"/>
      <isExample value="false"/>
      <groupingId value="EHDSCommonLogicalModels"/>
    </resource>
    <resource>
      <extension url="http://hl7.org/fhir/tools/StructureDefinition/resource-information">
        <valueString value="StructureDefinition:logical"/>
      </extension>
      <reference>
        <reference value="StructureDefinition/EHDSTelecom"/>
      </reference>
      <name value="Telecom (model)"/>
      <description value="C.5 - EHDS refined base model for Telecommunication contact information structure"/>
      <isExample value="false"/>
      <groupingId value="EHDSCommonLogicalModels"/>
    </resource>
    <page>
      <sourceUrl value="toc.html"/>
      <name value="toc.html"/>
      <title value="Table of Contents"/>
      <generation value="html"/>
      <page>
        <sourceUrl value="index.html"/>
        <name value="index.html"/>
        <title value="Home"/>
        <generation value="markdown"/>
      </page>
      <page>
        <sourceUrl value="models.html"/>
        <name value="models.html"/>
        <title value="Common models"/>
        <generation value="markdown"/>
      </page>
      <page>
        <sourceUrl value="useCaseLabReport.html"/>
        <name value="useCaseLabReport.html"/>
        <title value="Laboratory Report"/>
        <generation value="markdown"/>
      </page>
      <page>
        <sourceUrl value="useCasePrescription.html"/>
        <name value="useCasePrescription.html"/>
        <title value="ePrescription &amp; eDispensation"/>
        <generation value="markdown"/>
      </page>
    </page>
    <parameter>
      <code>
        <system value="http://hl7.org/fhir/tools/CodeSystem/ig-parameters"/>
        <code value="copyrightyear"/>
      </code>
      <value value="2022+"/>
    </parameter>
    <parameter>
      <code>
        <system value="http://hl7.org/fhir/tools/CodeSystem/ig-parameters"/>
        <code value="releaselabel"/>
      </code>
      <value value="ci-build"/>
    </parameter>
    <parameter>
      <code>
        <system value="http://hl7.org/fhir/tools/CodeSystem/ig-parameters"/>
        <code value="produce-jekyll-data"/>
      </code>
      <value value="true"/>
    </parameter>
    <parameter>
      <code>
        <system value="http://hl7.org/fhir/tools/CodeSystem/ig-parameters"/>
        <code value="autoload-resources"/>
      </code>
      <value value="true"/>
    </parameter>
    <parameter>
      <code>
        <system value="http://hl7.org/fhir/guide-parameter-code"/>
        <code value="path-resource"/>
      </code>
      <value value="input/capabilities"/>
    </parameter>
    <parameter>
      <code>
        <system value="http://hl7.org/fhir/guide-parameter-code"/>
        <code value="path-resource"/>
      </code>
      <value value="input/examples"/>
    </parameter>
    <parameter>
      <code>
        <system value="http://hl7.org/fhir/guide-parameter-code"/>
        <code value="path-resource"/>
      </code>
      <value value="input/extensions"/>
    </parameter>
    <parameter>
      <code>
        <system value="http://hl7.org/fhir/guide-parameter-code"/>
        <code value="path-resource"/>
      </code>
      <value value="input/models"/>
    </parameter>
    <parameter>
      <code>
        <system value="http://hl7.org/fhir/guide-parameter-code"/>
        <code value="path-resource"/>
      </code>
      <value value="input/operations"/>
    </parameter>
    <parameter>
      <code>
        <system value="http://hl7.org/fhir/guide-parameter-code"/>
        <code value="path-resource"/>
      </code>
      <value value="input/profiles"/>
    </parameter>
    <parameter>
      <code>
        <system value="http://hl7.org/fhir/guide-parameter-code"/>
        <code value="path-resource"/>
      </code>
      <value value="input/resources"/>
    </parameter>
    <parameter>
      <code>
        <system value="http://hl7.org/fhir/guide-parameter-code"/>
        <code value="path-resource"/>
      </code>
      <value value="input/vocabulary"/>
    </parameter>
    <parameter>
      <code>
        <system value="http://hl7.org/fhir/guide-parameter-code"/>
        <code value="path-resource"/>
      </code>
      <value value="input/maps"/>
    </parameter>
    <parameter>
      <code>
        <system value="http://hl7.org/fhir/guide-parameter-code"/>
        <code value="path-resource"/>
      </code>
      <value value="input/testing"/>
    </parameter>
    <parameter>
      <code>
        <system value="http://hl7.org/fhir/guide-parameter-code"/>
        <code value="path-resource"/>
      </code>
      <value value="input/history"/>
    </parameter>
    <parameter>
      <code>
        <system value="http://hl7.org/fhir/guide-parameter-code"/>
        <code value="path-resource"/>
      </code>
      <value value="fsh-generated/resources"/>
    </parameter>
    <parameter>
      <code>
        <system value="http://hl7.org/fhir/guide-parameter-code"/>
        <code value="path-pages"/>
      </code>
      <value value="template/config"/>
    </parameter>
    <parameter>
      <code>
        <system value="http://hl7.org/fhir/guide-parameter-code"/>
        <code value="path-pages"/>
      </code>
      <value value="input/images"/>
    </parameter>
    <parameter>
      <code>
        <system value="http://hl7.org/fhir/tools/CodeSystem/ig-parameters"/>
        <code value="path-liquid"/>
      </code>
      <value value="template/liquid"/>
    </parameter>
    <parameter>
      <code>
        <system value="http://hl7.org/fhir/tools/CodeSystem/ig-parameters"/>
        <code value="path-liquid"/>
      </code>
      <value value="input/liquid"/>
    </parameter>
    <parameter>
      <code>
        <system value="http://hl7.org/fhir/tools/CodeSystem/ig-parameters"/>
        <code value="path-qa"/>
      </code>
      <value value="temp/qa"/>
    </parameter>
    <parameter>
      <code>
        <system value="http://hl7.org/fhir/tools/CodeSystem/ig-parameters"/>
        <code value="path-temp"/>
      </code>
      <value value="temp/pages"/>
    </parameter>
    <parameter>
      <code>
        <system value="http://hl7.org/fhir/tools/CodeSystem/ig-parameters"/>
        <code value="path-output"/>
      </code>
      <value value="output"/>
    </parameter>
    <parameter>
      <code>
        <system value="http://hl7.org/fhir/guide-parameter-code"/>
        <code value="path-tx-cache"/>
      </code>
      <value value="input-cache/txcache"/>
    </parameter>
    <parameter>
      <code>
        <system value="http://hl7.org/fhir/tools/CodeSystem/ig-parameters"/>
        <code value="path-suppressed-warnings"/>
      </code>
      <value value="input/ignoreWarnings.txt"/>
    </parameter>
    <parameter>
      <code>
        <system value="http://hl7.org/fhir/tools/CodeSystem/ig-parameters"/>
        <code value="path-history"/>
      </code>
      <value value="https://www.xt-ehr.eu/specifications/fhir/history.html"/>
    </parameter>
    <parameter>
      <code>
        <system value="http://hl7.org/fhir/tools/CodeSystem/ig-parameters"/>
        <code value="template-html"/>
      </code>
      <value value="template-page.html"/>
    </parameter>
    <parameter>
      <code>
        <system value="http://hl7.org/fhir/tools/CodeSystem/ig-parameters"/>
        <code value="template-md"/>
      </code>
      <value value="template-page-md.html"/>
    </parameter>
    <parameter>
      <code>
        <system value="http://hl7.org/fhir/tools/CodeSystem/ig-parameters"/>
        <code value="apply-contact"/>
      </code>
      <value value="true"/>
    </parameter>
    <parameter>
      <code>
        <system value="http://hl7.org/fhir/tools/CodeSystem/ig-parameters"/>
        <code value="apply-context"/>
      </code>
      <value value="true"/>
    </parameter>
    <parameter>
      <code>
        <system value="http://hl7.org/fhir/tools/CodeSystem/ig-parameters"/>
        <code value="apply-copyright"/>
      </code>
      <value value="true"/>
    </parameter>
    <parameter>
      <code>
        <system value="http://hl7.org/fhir/tools/CodeSystem/ig-parameters"/>
        <code value="apply-jurisdiction"/>
      </code>
      <value value="true"/>
    </parameter>
    <parameter>
      <code>
        <system value="http://hl7.org/fhir/tools/CodeSystem/ig-parameters"/>
        <code value="apply-license"/>
      </code>
      <value value="true"/>
    </parameter>
    <parameter>
      <code>
        <system value="http://hl7.org/fhir/tools/CodeSystem/ig-parameters"/>
        <code value="apply-publisher"/>
      </code>
      <value value="true"/>
    </parameter>
    <parameter>
      <code>
        <system value="http://hl7.org/fhir/tools/CodeSystem/ig-parameters"/>
        <code value="apply-version"/>
      </code>
      <value value="true"/>
    </parameter>
    <parameter>
      <code>
        <system value="http://hl7.org/fhir/tools/CodeSystem/ig-parameters"/>
        <code value="apply-wg"/>
      </code>
      <value value="true"/>
    </parameter>
    <parameter>
      <code>
        <system value="http://hl7.org/fhir/tools/CodeSystem/ig-parameters"/>
        <code value="active-tables"/>
      </code>
      <value value="true"/>
    </parameter>
    <parameter>
      <code>
        <system value="http://hl7.org/fhir/tools/CodeSystem/ig-parameters"/>
        <code value="fmm-definition"/>
      </code>
      <value value="http://hl7.org/fhir/versions.html#maturity"/>
    </parameter>
    <parameter>
      <code>
        <system value="http://hl7.org/fhir/tools/CodeSystem/ig-parameters"/>
        <code value="propagate-status"/>
      </code>
      <value value="true"/>
    </parameter>
    <parameter>
      <code>
        <system value="http://hl7.org/fhir/tools/CodeSystem/ig-parameters"/>
        <code value="excludelogbinaryformat"/>
      </code>
      <value value="true"/>
    </parameter>
    <parameter>
      <code>
        <system value="http://hl7.org/fhir/tools/CodeSystem/ig-parameters"/>
        <code value="tabbed-snapshots"/>
      </code>
      <value value="true"/>
    </parameter>
  </definition>
</ImplementationGuide>