"Id","Path","Slice Name","Alias(s)","Label","Min","Max","Must Support?","Is Modifier?","Is Summary?","Type(s)","Short","Definition","Comments","Requirements","Default Value","Meaning When Missing","Fixed Value","Pattern","Example","Minimum Value","Maximum Value","Maximum Length","Binding Strength","Binding Description","Binding Value Set","Code","Slicing Discriminator","Slicing Description","Slicing Ordered","Slicing Rules","Base Path","Base Min","Base Max","Condition(s)","Constraint(s)","Mapping: RIM Mapping"
"EHNHealthProfessional","EHNHealthProfessional","","","",0,*,"","","","null {[]} {[]}
","eHN Health Professional","eHN Dataset for identification of the health professional","","","","","","","","","",,,,,"",,,,"Base",0,*,"","","n/a"
"EHNHealthProfessional.identifier","EHNHealthProfessional.identifier","","","",0,*,"","","","Identifier {[]} {[]}
","Halth proifessional identifier","An identifier of the health professional that is unique within a defined scope. Example: National health professional ID. Multiple identifiers could be provided.","","","","","","","","","",,,,,"",,,,"EHNHealthProfessional.identifier",0,*,"",""
"EHNHealthProfessional.name","EHNHealthProfessional.name","","","",0,*,"","","","HumanName {[]} {[]}
","Name","Structured name of the HP. The structure of the name will be the same as for the patient (given name, family name / surname.","","","","","","","","","",,,,,"",,,,"EHNHealthProfessional.name",0,*,"",""
"EHNHealthProfessional.role","EHNHealthProfessional.role","","","",0,*,"","","","CodeableConcept {[]} {[]}
","Role or occupation","Role or occupation of the health professional. Multiple roles could be provided (medical doctor; nursing professional; pharmacist).","","","","","","","","","",,,,,"",,,,"EHNHealthProfessional.role",0,*,"",""
"EHNHealthProfessional.organization","EHNHealthProfessional.organization","","","",0,*,"","","","Reference {[]} {[CanonicalType[http://hl7.org/fhir/StructureDefinition/Organization]]}
","Provider organization","The healthcare provider organisation the health professional is associated with.","","","","","","","","","",,,,,"",,,,"EHNHealthProfessional.organization",0,*,"",""
"EHNHealthProfessional.address","EHNHealthProfessional.address","","","",0,*,"","","","Address {[]} {[]}
","Health professional address","Mailing and home or office addresses. The addresses are always sequences of address parts (e.g. street address line, country, postcode, city) even if postal address formats may vary depending on the country. An address may or may not include a specific use code; if this attribute is not present it is assumed to be the default address useful for any purpose.","","","","","","","","","",,,,,"",,,,"EHNHealthProfessional.address",0,*,"",""
"EHNHealthProfessional.relatedWith","EHNHealthProfessional.relatedWith","","","",0,*,"","","","Reference {[]} {[CanonicalType[http://hl7.org/fhir/StructureDefinition/Resource]]}
","Related with","Identify the entry or entries of this Patient Summary for which the health professional is the preferred contact.","","","","","","","","","",,,,,"",,,,"EHNHealthProfessional.relatedWith",0,*,"",""
