"Id","Path","Slice Name","Alias(s)","Label","Min","Max","Must Support?","Is Modifier?","Is Summary?","Type(s)","Short","Definition","Comments","Requirements","Default Value","Meaning When Missing","Fixed Value","Pattern","Example","Minimum Value","Maximum Value","Maximum Length","Binding Strength","Binding Description","Binding Value Set","Code","Slicing Discriminator","Slicing Description","Slicing Ordered","Slicing Rules","Base Path","Base Min","Base Max","Condition(s)","Constraint(s)","Mapping: RIM Mapping"
"EHDSMedication","EHDSMedication","","","",0,*,"","","","null {[]} {[]}
","Medicinal product (model)","Logical model for prescribed/dispensed medication. The model is shared by statements, requests, dispensations, and treatment lines. Each of those may have different restrictions in FHIR profile.","","","","","","","","","",,,,,"",,,,"Base",0,*,"","","n/a"
"EHDSMedication.identifyingCode[x]","EHDSMedication.identifyingCode[x]","","","",0,*,"","","","CodeableConcept {[]} {[]}
Identifier {[]} {[]}","Identifier or code for the product (virtual product, branded product or package). If several identifiers are specified, they shall not have conflicting meanings or very different granularities.","Identifier or code for the product (virtual product, branded product or package). If several identifiers are specified, they shall not have conflicting meanings or very different granularities.","Non-conflicting change","","","","","","","","",,,,,"",,,,"EHDSMedication.identifyingCode[x]",0,*,"",""
"EHDSMedication.classification","EHDSMedication.classification","","","",0,*,"","","","CodeableConcept {[]} {[]}
","Classification (e.g. ATC; narcotic/psychotropic; orphan drug; etc.)","Classification (e.g. ATC; narcotic/psychotropic; orphan drug; etc.)","No change","","","","","","","","",,"preferred","WHO ATC","","",,,,"EHDSMedication.classification",0,*,"",""
"EHDSMedication.productName","EHDSMedication.productName","","","",0,1,"","","","string {[]} {[]}
","Name of the product (full name, invented name, other). When the product has different names, the appropriate one for the context should be used. Translations of names can be provided.","Name of the product (full name, invented name, other). When the product has different names, the appropriate one for the context should be used. Translations of names can be provided.","No change","","","","","","","","",,,,,"",,,,"EHDSMedication.productName",0,1,"",""
"EHDSMedication.marketingAuthorisationHolder","EHDSMedication.marketingAuthorisationHolder","","","",0,1,"","","","Base {[]} {[]}
","Marketing authorisation holder or manufacturer of the medicinal product. Relevant for identifying the exact product.","Marketing authorisation holder or manufacturer of the medicinal product. Relevant for identifying the exact product.","No change, but subelements added","","","","","","","","",,,,,"",,,,"EHDSMedication.marketingAuthorisationHolder",0,1,"",""
"EHDSMedication.marketingAuthorisationHolder.organizationName","EHDSMedication.marketingAuthorisationHolder.organizationName","","","",0,1,"","","","string {[]} {[]}
","Name of the organisation holding the authorisation for marketing/mahufacturing","Name of the organisation holding the authorisation for marketing/mahufacturing","","","","","","","","","",,,,,"",,,,"EHDSMedication.marketingAuthorisationHolder.organizationName",0,1,"",""
"EHDSMedication.marketingAuthorisationHolder.organizationIdentifier","EHDSMedication.marketingAuthorisationHolder.organizationIdentifier","","","",0,*,"","","","Identifier {[]} {[]}
","Identifier of the organisation and/or its physical location","Identifier of the organisation and/or its physical location","","","","","","","","","",,,,,"",,,,"EHDSMedication.marketingAuthorisationHolder.organizationIdentifier",0,*,"",""
"EHDSMedication.doseForm","EHDSMedication.doseForm","","","",0,1,"","","","CodeableConcept {[]} {[]}
","Dose form(s) on a product level. Dose form for a single package item is defined below.","Dose form(s) on a product level. Dose form for a single package item is defined below.","No change","","","","","","","","",,"preferred","EDQM Standard Terms","","",,,,"EHDSMedication.doseForm",0,1,"",""
"EHDSMedication.packSize","EHDSMedication.packSize","","","",0,*,"","","","Quantity {[]} {[]}
","Overall amount of product in one package (100ml; 20 tablets; 1 creme & 6 pessaries)","Overall amount of product in one package (100ml; 20 tablets; 1 creme & 6 pessaries)","No change","","","","","","","","",,"preferred","UCUM for units of measure. EDQM Standard Terms for units of presentation.","","",,,,"EHDSMedication.packSize",0,*,"",""
"EHDSMedication.item","EHDSMedication.item","","","",0,*,"","","","Base {[]} {[]}
","A medication item. For combination packs, this can be manufactured items with each item having its own dose form and ingredients+strengths defined","A medication item. For combination packs, this can be manufactured items with each item having its own dose form and ingredients+strengths defined","Structure changed, elements repeated for complex packages","","","","","","","","",,,,,"",,,,"EHDSMedication.item",0,*,"",""
"EHDSMedication.item.doseForm","EHDSMedication.item.doseForm","","","",0,1,"","","","CodeableConcept {[]} {[]}
","Dose form","Dose form","No change","","","","","","","","",,"preferred","EDQM Standard Terms","","",,,,"EHDSMedication.item.doseForm",0,1,"",""
"EHDSMedication.item.ingredient","EHDSMedication.item.ingredient","","","",1,*,"","","","Base {[]} {[]}
","Ingredients","Ingredients","No conflicting change","","","","","","","","",,,,,"",,,,"EHDSMedication.item.ingredient",1,*,"",""
"EHDSMedication.item.ingredient.isActive","EHDSMedication.item.ingredient.isActive","","","",0,1,"","","","boolean {[]} {[]}
","Marks if the ingredient is considered an active ingredient. Typically excipients are not needed, so by default active ingredients are expected.","Marks if the ingredient is considered an active ingredient. Typically excipients are not needed, so by default active ingredients are expected.","Added","","","","","","","","",,,,,"",,,,"EHDSMedication.item.ingredient.isActive",0,1,"",""
"EHDSMedication.item.ingredient.substance","EHDSMedication.item.ingredient.substance","","","",1,1,"","","","CodeableConcept {[]} {[]}
","Substance","Substance","","","","","","","","","",,"preferred","EMA SPOR SMS","","",,,,"EHDSMedication.item.ingredient.substance",1,1,"",""
"EHDSMedication.item.ingredient.strengthInfo","EHDSMedication.item.ingredient.strengthInfo","","","",0,*,"","","","CodeableConcept {[]} {[]}
","Concentration or presentation strength","Concentration or presentation strength","","","","","","","","","",,,,,"",,,,"EHDSMedication.item.ingredient.strengthInfo",0,*,"","ele-1:All FHIR elements must have a @value or children {hasValue() or (children().count() > id.count())}
"
"EHDSMedication.item.ingredient.strengthInfo.id","EHDSMedication.item.ingredient.strengthInfo.id","","","",0,1,"","","","id {[]} {[]}
","Unique id for inter-element referencing","Unique id for the element within a resource (for internal references). This may be any string value that does not contain spaces.","","","","","","","","","",,,,,"",,,,"Element.id",0,1,"ele-1
","","n/a"
"EHDSMedication.item.ingredient.strengthInfo.extension","EHDSMedication.item.ingredient.strengthInfo.extension","","extensions
user content","",0,*,"","","","Extension {[]} {[]}
","Additional content defined by implementations","May be used to represent additional information that is not part of the basic definition of the element. To make the use of extensions safe and managable, there is a strict set of governance applied to the definition and use of extensions. Though any implementer can define an extension, there is a set of requirements that SHALL be met as part of the definition of the extension.","There can be no stigma associated with the use of extensions by any application, project, or standard - regardless of the institution or jurisdiction that uses or defines the extensions.  The use of extensions is what allows the FHIR specification to retain a core level of simplicity for everyone.","","","","","","","","",,,,,"","value:url}
","Extensions are always sliced by (at least) url",,"open","Element.extension",0,*,"","ele-1:All FHIR elements must have a @value or children {hasValue() or (children().count() > id.count())}
ext-1:Must have either extensions or value[x], not both {extension.exists() != value.exists()}","n/a"
"EHDSMedication.item.ingredient.strengthInfo.coding","EHDSMedication.item.ingredient.strengthInfo.coding","","","",0,*,"","","Y","Coding {[]} {[]}
","Code defined by a terminology system","A reference to a code defined by a terminology system.","Codes may be defined very casually in enumerations, or code lists, up to very formal definitions such as SNOMED CT - see the HL7 v3 Core Principles for more information.  Ordering of codings is undefined and SHALL NOT be used to infer meaning. Generally, at most only one of the coding values will be labeled as UserSelected = true.","Allows for alternative encodings within a code system, and translations to other code systems.","","","","","","","",,,,,"",,,,"CodeableConcept.coding",0,*,"","ele-1:All FHIR elements must have a @value or children {hasValue() or (children().count() > id.count())}
","union(., ./translation)"
"EHDSMedication.item.ingredient.strengthInfo.text","EHDSMedication.item.ingredient.strengthInfo.text","","","",0,1,"","","Y","string {[]} {[]}
","Plain text representation of the concept","A human language representation of the concept as seen/selected/uttered by the user who entered the data and/or which represents the intended meaning of the user.","Very often the text is the same as a displayName of one of the codings.","The codes from the terminologies do not always capture the correct meaning with all the nuances of the human using them, or sometimes there is no appropriate code at all. In these cases, the text is used to capture the full meaning of the source.","","","","","","","",,,,,"",,,,"CodeableConcept.text",0,1,"","ele-1:All FHIR elements must have a @value or children {hasValue() or (children().count() > id.count())}
","./originalText[mediaType/code=""text/plain""]/data"
"EHDSMedication.item.ingredient.strengthInfo.strength","EHDSMedication.item.ingredient.strengthInfo.strength","","","",1,1,"","","","Ratio {[]} {[]}
","Concentration or presentation strength of the precise active ingredient","Concentration or presentation strength of the precise active ingredient","No change","","","","","","","","",,,,,"",,,,"EHDSMedication.item.ingredient.strengthInfo.strength",1,1,"",""
"EHDSMedication.item.ingredient.strengthInfo.strengthType","EHDSMedication.item.ingredient.strengthInfo.strengthType","","","",0,1,"","","","CodeableConcept {[]} {[]}
","Type of strength that is expressed","Type of strength that is expressed","Added","","","","","","","","",,,,,"",,,,"EHDSMedication.item.ingredient.strengthInfo.strengthType",0,1,"",""
"EHDSMedication.item.ingredient.strengthInfo.strengthSubstance","EHDSMedication.item.ingredient.strengthInfo.strengthSubstance","","","",0,1,"","","","CodeableConcept {[]} {[]}
","Substance that the strength refers to, if different from the main substance","Substance that the strength refers to, if different from the main substance","Added (eHN guidelines A.1.4.4.1 'in addition reference strength could be provided')","","","","","","","","",,"preferred","EMA SPOR SMS","","",,,,"EHDSMedication.item.ingredient.strengthInfo.strengthSubstance",0,1,"",""
"EHDSMedication.item.unitOfPresentation","EHDSMedication.item.unitOfPresentation","","","",0,1,"","","","CodeableConcept {[]} {[]}
","Unit of presentation for the manufactured item (tablet, vial, tube). Typically, the smallest countable object in the package.","Unit of presentation for the manufactured item (tablet, vial, tube). Typically, the smallest countable object in the package.","No change","","","","","","","","",,"preferred","EDQM Standard Terms","","",,,,"EHDSMedication.item.unitOfPresentation",0,1,"",""
"EHDSMedication.item.containedQuantity","EHDSMedication.item.containedQuantity","","","",0,1,"","","","Ratio {[]} {[]}
","Manufactured item quantity for liquids (3ml / 1 vial)","Manufactured item quantity for liquids (3ml / 1 vial)","Added (eHN guidelines A.1.4.9 mention layered structure for describing a package)","","","","","","","","",,,,,"",,,,"EHDSMedication.item.containedQuantity",0,1,"",""
"EHDSMedication.item.amount","EHDSMedication.item.amount","","","",0,1,"","","","Quantity {[]} {[]}
","Number of such manufactured items in this product (5 vials)","Number of such manufactured items in this product (5 vials)","Added (eHN guidelines A.1.4.9 mention layered structure for describing a package)","","","","","","","","",,"preferred","UCUM for units of measure. EDQM Standard Terms for units of presentation.","","",,,,"EHDSMedication.item.amount",0,1,"",""
"EHDSMedication.item.packageType","EHDSMedication.item.packageType","","","",0,1,"","","","CodeableConcept {[]} {[]}
","Type of package of the medication item","Type of package of the medication item","Added (eHN guidelines A.1.4.8 Package type)","","","","","","","","",,"preferred","EDQM Standard Terms for packaging.","","",,,,"EHDSMedication.item.packageType",0,1,"",""
"EHDSMedication.device","EHDSMedication.device","","","",0,*,"","","","Base {[]} {[]}
","Administration device included in the product","Administration device included in the product","","","","","","","","","",,,,,"",,,,"EHDSMedication.device",0,*,"",""
"EHDSMedication.device.deviceQuantity","EHDSMedication.device.deviceQuantity","","","",1,1,"","","","Quantity {[]} {[]}
","Number of such devices","Number of such devices","","","","","","","","","",,,,,"",,,,"EHDSMedication.device.deviceQuantity",1,1,"",""
"EHDSMedication.device.device[x]","EHDSMedication.device.device[x]","","","",1,1,"","","","CodeableConcept {[]} {[]}
Reference {[]} {[CanonicalType[https://www.xt-ehr.eu/specifications/fhir/StructureDefinition/EHDSDevice]]}","Device coded","Device coded","Added","","","","","","","","",,,,,"",,,,"EHDSMedication.device.device[x]",1,1,"",""
"EHDSMedication.characteristic","EHDSMedication.characteristic","","","",0,*,"","","","Base {[]} {[]}
","Other features of the product","Other features of the product","Added for any other information. Currently missing from the model A.1.4.8 Package type (unit of presentation sometimes providing this info)","","","","","","","","",,,,,"",,,,"EHDSMedication.characteristic",0,*,"",""
"EHDSMedication.characteristic.type","EHDSMedication.characteristic.type","","","",1,1,"","","","CodeableConcept {[]} {[]}
","A code expressing the type of characteristic","A code expressing the type of characteristic","","","","","","","","","",,,,,"",,,,"EHDSMedication.characteristic.type",1,1,"",""
"EHDSMedication.characteristic.value","EHDSMedication.characteristic.value","","","",0,1,"","","","Element {[CanonicalType[https://www.xt-ehr.eu/specifications/fhir/StructureDefinition/ANY]]} {[]}
","Description of the characteristic","Description of the characteristic","","","","","","","","","",,,,,"",,,,"EHDSMedication.characteristic.value",0,1,"",""
"EHDSMedication.additionalProductInformation","EHDSMedication.additionalProductInformation","","","",0,1,"","","","Base {[]} {[]}
","Additional information about product - for example, a reference to a product catalogue","Additional information about product - for example, a reference to a product catalogue","Added","","","","","","","","",,,,,"",,,,"EHDSMedication.additionalProductInformation",0,1,"",""
