{
  "resourceType" : "ActorDefinition",
  "id" : "actor-ncp-system",
  "text" : {
    "status" : "generated",
    "div" : "<div xmlns=\"http://www.w3.org/1999/xhtml\"><p class=\"res-header-id\"><b>Generated Narrative: ActorDefinition actor-ncp-system</b></p><a name=\"actor-ncp-system\"> </a><a name=\"hcactor-ncp-system\"> </a><a name=\"actor-ncp-system-en-US\"> </a><table class=\"grid\"><tr><td><b>Actor: NCP System </b></td><td/><td>Type: system </td></tr><tr><td colspan=\"3\"/></tr></table></div>"
  },
  "url" : "https://www.xt-ehr.eu/specifications/fhir/actor-ncp-system",
  "version" : "0.1.0",
  "name" : "NCP System",
  "status" : "active",
  "date" : "2025-04-17T17:12:41+00:00",
  "publisher" : "Xt-EHR",
  "contact" : [{
    "name" : "Xt-EHR",
    "telecom" : [{
      "system" : "url",
      "value" : "http://Xt-EHR.eu"
    }]
  }],
  "type" : "system"
}