"Id","Path","Slice Name","Alias(s)","Label","Min","Max","Must Support?","Is Modifier?","Is Summary?","Type(s)","Short","Definition","Comments","Requirements","Default Value","Meaning When Missing","Fixed Value","Pattern","Example","Minimum Value","Maximum Value","Maximum Length","Binding Strength","Binding Description","Binding Value Set","Code","Slicing Discriminator","Slicing Description","Slicing Ordered","Slicing Rules","Base Path","Base Min","Base Max","Condition(s)","Constraint(s)","Mapping: RIM Mapping"
"EHDSDeviceUse","EHDSDeviceUse","","","",0,*,"","","","null {[]} {[]}
","Device use model","EHDS refined base model for device use information","","","","","","","","","",,,,,"",,,,"Base",0,*,"","","n/a"
"EHDSDeviceUse.header","EHDSDeviceUse.header","","","",1,1,"","","","Base {[]} {[]}
","Common header for all patient-related data","Common header for all patient-related data","","","","","","","","","",,,,,"",,,,"EHDSDataSet.header",1,1,"",""
"EHDSDeviceUse.header.subject","EHDSDeviceUse.header.subject","","","",1,1,"","","","https://www.xt-ehr.eu/specifications/fhir/StructureDefinition/EHDSPatient {[]} {[]}
","Patient/subject information","Patient/subject information","","","","","","","","","",,,,,"",,,,"EHDSDataSet.header.subject",1,1,"",""
"EHDSDeviceUse.header.identifier","EHDSDeviceUse.header.identifier","","","",0,*,"","","","Identifier {[]} {[]}
","Business identifier for the object","Business identifier for the object","","","","","","","","","",,,,,"",,,,"EHDSDataSet.header.identifier",0,*,"",""
"EHDSDeviceUse.header.authorship","EHDSDeviceUse.header.authorship","","","",1,*,"","","","Base {[]} {[]}
","Resource authoring details","Resource authoring details","","","","","","","","","",,,,,"",,,,"EHDSDataSet.header.authorship",1,*,"",""
"EHDSDeviceUse.header.authorship.author[x]","EHDSDeviceUse.header.authorship.author[x]","","","",1,1,"","","","https://www.xt-ehr.eu/specifications/fhir/StructureDefinition/EHDSHealthProfessional {[]} {[]}
https://www.xt-ehr.eu/specifications/fhir/StructureDefinition/EHDSOrganisation {[]} {[]}https://www.xt-ehr.eu/specifications/fhir/StructureDefinition/EHDSDevice {[]} {[]}","Author(s) by whom the resource was/were authored. Multiple authors could be provided.","Author(s) by whom the resource was/were authored. Multiple authors could be provided.","","","","","","","","","",,,,,"",,,,"EHDSDataSet.header.authorship.author[x]",1,1,"",""
"EHDSDeviceUse.header.authorship.datetime","EHDSDeviceUse.header.authorship.datetime","","","",1,1,"","","","dateTime {[]} {[]}
","Date and time of authoring/issuing","Date and time of authoring/issuing","","","","","","","","","",,,,,"",,,,"EHDSDataSet.header.authorship.datetime",1,1,"",""
"EHDSDeviceUse.header.lastUpdate","EHDSDeviceUse.header.lastUpdate","","","",0,1,"","","","dateTime {[]} {[]}
","Date and time of the last update to the resource (may be used for technical corrections).","Date and time of the last update to the resource (may be used for technical corrections).","","","","","","","","","",,,,,"",,,,"EHDSDataSet.header.lastUpdate",0,1,"",""
"EHDSDeviceUse.header.status","EHDSDeviceUse.header.status","","","",1,1,"","","","CodeableConcept {[]} {[]}
","Current status of the device usage.","Status of the resource or document","","","","","","","","","",,"preferred","HL7 device-statement-status","","",,,,"EHDSDataSet.header.status",1,1,"",""
"EHDSDeviceUse.header.statusReason[x]","EHDSDeviceUse.header.statusReason[x]","","","",0,1,"","","","CodeableConcept {[]} {[]}
string {[]} {[]}","Reason for the current status of the resource.","Reason for the current status of the resource.","","","","","","","","","",,,,,"",,,,"EHDSDataSet.header.statusReason[x]",0,1,"",""
"EHDSDeviceUse.header.language","EHDSDeviceUse.header.language","","","",0,1,"","","","CodeableConcept {[]} {[]}
","Language in which the resource is written. Language is expressed by the IETF language tag.","Language in which the resource is written. Language is expressed by the IETF language tag.","","","","","","","","","",,"preferred","BCP 47","","",,,,"EHDSDataSet.header.language",0,1,"",""
"EHDSDeviceUse.startDate","EHDSDeviceUse.startDate","","","",0,1,"","","","dateTime {[]} {[]}
","Date when the device was implantable to the patient or the external device was first in use.","Date when the device was implantable to the patient or the external device was first in use.","","eHN PS Guideline, ISO IPS.","","","","","","","",,,,,"",,,,"EHDSDeviceUse.startDate",0,1,"",""
"EHDSDeviceUse.endDate","EHDSDeviceUse.endDate","","","",0,1,"","","","dateTime {[]} {[]}
","Date when the device was explanted from the patient or the external device was no longer in use.","Date when the device was explanted from the patient or the external device was no longer in use.","","eHN PS Guideline, ISO IPS.","","","","","","","",,,,,"",,,,"EHDSDeviceUse.endDate",0,1,"",""
"EHDSDeviceUse.device[x]","EHDSDeviceUse.device[x]","","","",1,1,"","","","CodeableConcept {[]} {[]}
https://www.xt-ehr.eu/specifications/fhir/StructureDefinition/EHDSDevice {[]} {[]}","The details of the device used.","The details of the device used.","","eHN PS Guideline, ISO IPS.","","","","","","","",,,,,"",,,,"EHDSDeviceUse.device[x]",1,1,"",""
"EHDSDeviceUse.bodySite","EHDSDeviceUse.bodySite","","","",0,1,"","","","https://www.xt-ehr.eu/specifications/fhir/StructureDefinition/EHDSBodyStructure {[]} {[]}
","Anatomical location of the device. May include laterality.","Anatomical location of the device. May include laterality.","","eHN PS Guideline, ISO IPS.","","","","","","","",,,,,"",,,,"EHDSDeviceUse.bodySite",0,1,"",""
"EHDSDeviceUse.reason[x]","EHDSDeviceUse.reason[x]","","","",0,*,"","","","CodeableConcept {[]} {[]}
https://www.xt-ehr.eu/specifications/fhir/StructureDefinition/EHDSCondition {[]} {[]}https://www.xt-ehr.eu/specifications/fhir/StructureDefinition/EHDSObservation {[]} {[]}https://www.xt-ehr.eu/specifications/fhir/StructureDefinition/EHDSProcedure {[]} {[]}","Reason or justification for the use of the device.","Reason or justification for the use of the device.","","eHN PS Guideline, ISO IPS.","","","","","","","",,,,,"",,,,"EHDSDeviceUse.reason[x]",0,*,"",""
"EHDSDeviceUse.source[x]","EHDSDeviceUse.source[x]","","","",0,1,"","","","https://www.xt-ehr.eu/specifications/fhir/StructureDefinition/EHDSPatient {[]} {[]}
https://www.xt-ehr.eu/specifications/fhir/StructureDefinition/EHDSHealthProfessional {[]} {[]}https://www.xt-ehr.eu/specifications/fhir/StructureDefinition/EHDSRelatedPerson {[]} {[]}","Who reported the device was being used by the patient.","Who reported the device was being used by the patient.","","","","","","","","","",,,,,"",,,,"EHDSDeviceUse.source[x]",0,1,"",""
"EHDSDeviceUse.note","EHDSDeviceUse.note","","","",0,*,"","","","string {[]} {[]}
","Note about the device statement that were not represented at all or sufficiently in one of the attributes provided in a class. These may include for example a comment, an instruction, or a note associated with the statement.","Note about the device statement that were not represented at all or sufficiently in one of the attributes provided in a class. These may include for example a comment, an instruction, or a note associated with the statement.","","","","","","","","","",,,,,"",,,,"EHDSDeviceUse.note",0,*,"",""
