"Id","Path","Slice Name","Alias(s)","Label","Min","Max","Must Support?","Is Modifier?","Is Summary?","Type(s)","Short","Definition","Comments","Requirements","Default Value","Meaning When Missing","Fixed Value","Pattern","Example","Minimum Value","Maximum Value","Maximum Length","Binding Strength","Binding Description","Binding Value Set","Code","Slicing Discriminator","Slicing Description","Slicing Ordered","Slicing Rules","Base Path","Base Min","Base Max","Condition(s)","Constraint(s)","Mapping: RIM Mapping"
"EHDSDosage","EHDSDosage","","","",0,*,"","","","null {[]} {[]}
","Dosage model","EHDS refined base model for Dosage","","","","","","","","","",,,,,"",,,,"Base",0,*,"","","n/a"
"EHDSDosage.dosageDescription","EHDSDosage.dosageDescription","","","",0,1,"","","","string {[]} {[]}
","Dosage description","Free text dosage instructions.","","","","","","","","","",,,,,"",,,,"EHDSDosage.dosageDescription",0,1,"",""
"EHDSDosage.site","EHDSDosage.site","","","",0,1,"","","","CodeableConcept {[]} {[]}
","Site","Body site administered to.","","","","","","","","","",,,,,"",,,,"EHDSDosage.site",0,1,"",""
"EHDSDosage.route","EHDSDosage.route","","","",0,1,"","","","CodeableConcept {[]} {[]}
","Route","Path of substance into body.","","","","","","","","","",,,,,"",,,,"EHDSDosage.route",0,1,"",""
"EHDSDosage.method","EHDSDosage.method","","","",0,1,"","","","CodeableConcept {[]} {[]}
","Method","How drug was administered.","","","","","","","","","",,,,,"",,,,"EHDSDosage.method",0,1,"",""
"EHDSDosage.dose","EHDSDosage.dose","","","",0,1,"","","","Quantity {[]} {[]}
","Dose","Amount of medication per dose.","","","","","","","","","",,,,,"",,,,"EHDSDosage.dose",0,1,"",""
"EHDSDosage.rate[x]","EHDSDosage.rate[x]","","","",0,1,"","","","Ratio {[]} {[]}
Quantity {[]} {[]}","Rate","Dose quantity per unit of time.","","","","","","","","","",,,,,"",,,,"EHDSDosage.rate[x]",0,1,"",""
