"Id","Path","Slice Name","Alias(s)","Label","Min","Max","Must Support?","Is Modifier?","Is Summary?","Type(s)","Short","Definition","Comments","Requirements","Default Value","Meaning When Missing","Fixed Value","Pattern","Example","Minimum Value","Maximum Value","Maximum Length","Binding Strength","Binding Description","Binding Value Set","Code","Slicing Discriminator","Slicing Description","Slicing Ordered","Slicing Rules","Base Path","Base Min","Base Max","Condition(s)","Constraint(s)","Mapping: RIM Mapping"
"EHDSMedicationDispense","EHDSMedicationDispense","","","",0,*,"","","","null {[]} {[]}
","Medication dispense model","Logical model for medication dispensation (based on request or independently)","","","","","","","","","",,,,,"",,,,"Base",0,*,"","","n/a"
"EHDSMedicationDispense.header","EHDSMedicationDispense.header","","","",1,*,"","","","Base {[]} {[]}
","Common header for all patient-related data","Common header for all patient-related data","","","","","","","","","",,,,,"",,,,"EHDSDataSet.header",1,*,"",""
"EHDSMedicationDispense.header.subject","EHDSMedicationDispense.header.subject","","","",1,1,"","","","https://www.xt-ehr.eu/specifications/fhir/StructureDefinition/EHDSPatient {[]} {[]}
","Subject","Patient/subject information","","","","","","","","","",,,,,"",,,,"EHDSDataSet.header.subject",1,1,"",""
"EHDSMedicationDispense.header.identifier","EHDSMedicationDispense.header.identifier","","","",0,*,"","","","Identifier {[]} {[]}
","Business identifier for the object","Business identifier for the object","","","","","","","","","",,,,,"",,,,"EHDSDataSet.header.identifier",0,*,"",""
"EHDSMedicationDispense.header.authorship","EHDSMedicationDispense.header.authorship","","","",1,*,"","","","Base {[]} {[]}
","Authorship","Resource authoring details","","","","","","","","","",,,,,"",,,,"EHDSDataSet.header.authorship",1,*,"",""
"EHDSMedicationDispense.header.authorship.author[x]","EHDSMedicationDispense.header.authorship.author[x]","","","",1,1,"","","","https://www.xt-ehr.eu/specifications/fhir/StructureDefinition/EHDSHealthProfessional {[]} {[]}
https://www.xt-ehr.eu/specifications/fhir/StructureDefinition/EHDSOrganization {[]} {[]}https://www.xt-ehr.eu/specifications/fhir/StructureDefinition/EHDSDevice {[]} {[]}","Author","Author(s) by whom the resource was/were authored. Multiple authors could be provided.","","","","","","","","","",,,,,"",,,,"EHDSDataSet.header.authorship.author[x]",1,1,"",""
"EHDSMedicationDispense.header.authorship.datetime","EHDSMedicationDispense.header.authorship.datetime","","","",1,1,"","","","dateTime {[]} {[]}
","Date and time of authoring/issuing","Date and time of the issuing the document/resource by its author.","","","","","","","","","",,,,,"",,,,"EHDSDataSet.header.authorship.datetime",1,1,"",""
"EHDSMedicationDispense.header.lastUpdate","EHDSMedicationDispense.header.lastUpdate","","","",0,1,"","","","dateTime {[]} {[]}
","Date and time of the last update to the resource","Date and time of the last update to the document/information","","","","","","","","","",,,,,"",,,,"EHDSDataSet.header.lastUpdate",0,1,"",""
"EHDSMedicationDispense.header.status","EHDSMedicationDispense.header.status","","","",1,1,"","","","CodeableConcept {[]} {[]}
","Status of the resource","Status of the resource","","","","","","","","","",,,,,"",,,,"EHDSDataSet.header.status",1,1,"",""
"EHDSMedicationDispense.header.statusReason[x]","EHDSMedicationDispense.header.statusReason[x]","","","",0,1,"","","","CodeableConcept {[]} {[]}
string {[]} {[]}","Reason for the current status of the resource.","Reason for the current status of the resource.","","","","","","","","","",,,,,"",,,,"EHDSDataSet.header.statusReason[x]",0,1,"",""
"EHDSMedicationDispense.header.language","EHDSMedicationDispense.header.language","","","",0,1,"","","","CodeableConcept {[]} {[]}
","Language","Language in which the resource is written. Language is expressed by the IETF language tag.","","","","","","","","","",,"preferred","BCP 47","","",,,,"EHDSDataSet.header.language",0,1,"",""
"EHDSMedicationDispense.header.version","EHDSMedicationDispense.header.version","","","",0,1,"","","","string {[]} {[]}
","Version","Business version of the resource.","","","","","","","","","",,,,,"",,,,"EHDSDataSet.header.version",0,1,"",""
"EHDSMedicationDispense.presentedForm","EHDSMedicationDispense.presentedForm","","","",0,*,"","","","https://www.xt-ehr.eu/specifications/fhir/StructureDefinition/EHDSAttachment {[]} {[]}
","A narrative easy-to-read representation of the full data set, e.g. PDF-version of a document","A narrative easy-to-read representation of the full data set, e.g. PDF-version of a document","","","","","","","","","",,,,,"",,,,"EHDSDataSet.presentedForm",0,*,"",""
"EHDSMedicationDispense.dispenseLocation","EHDSMedicationDispense.dispenseLocation","","","",0,1,"","","","https://www.xt-ehr.eu/specifications/fhir/StructureDefinition/EHDSLocation {[]} {[]}
","Location of dispense","Location of dispense","","","","","","","","","",,,,,"",,,,"EHDSMedicationDispense.dispenseLocation",0,1,"",""
"EHDSMedicationDispense.receiver[x]","EHDSMedicationDispense.receiver[x]","","","",0,1,"","","","https://www.xt-ehr.eu/specifications/fhir/StructureDefinition/EHDSPatient {[]} {[]}
https://www.xt-ehr.eu/specifications/fhir/StructureDefinition/EHDSHealthProfessional {[]} {[]}https://www.xt-ehr.eu/specifications/fhir/StructureDefinition/EHDSRelatedPerson {[]} {[]}","Identification of the person who received the dispensed medication, especially when it was not the patient","Identification of the person who received the dispensed medication, especially when it was not the patient","","","","","","","","","",,,,,"",,,,"EHDSMedicationDispense.receiver[x]",0,1,"",""
"EHDSMedicationDispense.relatedRequest","EHDSMedicationDispense.relatedRequest","","","",0,*,"","","","Identifier {[]} {[]}
","Identifier of the prescription or prescription item the dispense is related to","Identifier of the prescription or prescription item the dispense is related to","","","","","","","","","",,,,,"",,,,"EHDSMedicationDispense.relatedRequest",0,*,"",""
"EHDSMedicationDispense.medication","EHDSMedicationDispense.medication","","","",1,1,"","","","https://www.xt-ehr.eu/specifications/fhir/StructureDefinition/EHDSMedication {[]} {[]}
","Exact dispensed product","Exact dispensed product","","","","","","","","","",,,,,"",,,,"EHDSMedicationDispense.medication",1,1,"",""
"EHDSMedicationDispense.dispensedQuantity","EHDSMedicationDispense.dispensedQuantity","","","",1,1,"","","","Quantity {[]} {[]}
","Number of dispensed packages if the pack size is known, or number of smaller items/units","Number of dispensed packages if the pack size is known, or number of smaller items/units","","","","","","","","","",,"preferred","UCUM, EDQM Standard Terms","","",,,,"EHDSMedicationDispense.dispensedQuantity",1,1,"",""
"EHDSMedicationDispense.timeOfDispensation","EHDSMedicationDispense.timeOfDispensation","","","",1,1,"","","","dateTime {[]} {[]}
","Date and time of dispensation","Date and time of dispensation","","","","","","","","","",,,,,"",,,,"EHDSMedicationDispense.timeOfDispensation",1,1,"",""
"EHDSMedicationDispense.substitution","EHDSMedicationDispense.substitution","","","",0,1,"","","","Base {[]} {[]}
","Indicated whether substitution was made by the dispenser","Indicated whether substitution was made by the dispenser","","","","","","","","","",,,,,"",,,,"EHDSMedicationDispense.substitution",0,1,"",""
"EHDSMedicationDispense.substitution.substitutionOccurred","EHDSMedicationDispense.substitution.substitutionOccurred","","","",1,1,"","","","boolean {[]} {[]}
","Indicated whether substitution was made by the dispenser","Indicated whether substitution was made by the dispenser","","","","","","","","","",,,,,"",,,,"EHDSMedicationDispense.substitution.substitutionOccurred",1,1,"",""
"EHDSMedicationDispense.substitution.type","EHDSMedicationDispense.substitution.type","","","",0,1,"","","","CodeableConcept {[]} {[]}
","What kind of substitution was made by the dispenser","What kind of substitution was made by the dispenser","","","","","","","","","",,,,,"",,,,"EHDSMedicationDispense.substitution.type",0,1,"",""
"EHDSMedicationDispense.substitution.reason","EHDSMedicationDispense.substitution.reason","","","",0,*,"","","","CodeableConcept {[]} {[]}
","Reason why the substitution was made or why the expected substitution was not made.","Reason why the substitution was made or why the expected substitution was not made.","","","","","","","","","",,,,,"",,,,"EHDSMedicationDispense.substitution.reason",0,*,"",""
"EHDSMedicationDispense.dosageInstructions","EHDSMedicationDispense.dosageInstructions","","","",0,*,"","","","https://www.xt-ehr.eu/specifications/fhir/StructureDefinition/EHDSDosaging {[]} {[]}
","Dosaging and administration instructions","Dosaging and administration instructions","","","","","","","","","",,,,,"",,,,"EHDSMedicationDispense.dosageInstructions",0,*,"",""
"EHDSMedicationDispense.comment","EHDSMedicationDispense.comment","","","",0,*,"","","","string {[]} {[]}
","Additional information or comments","Additional information or comments","","","","","","","","","",,,,,"",,,,"EHDSMedicationDispense.comment",0,*,"",""
