"Id","Path","Slice Name","Alias(s)","Label","Min","Max","Must Support?","Is Modifier?","Is Summary?","Type(s)","Short","Definition","Comments","Requirements","Default Value","Meaning When Missing","Fixed Value","Pattern","Example","Minimum Value","Maximum Value","Maximum Length","Binding Strength","Binding Description","Binding Value Set","Code","Slicing Discriminator","Slicing Description","Slicing Ordered","Slicing Rules","Base Path","Base Min","Base Max","Condition(s)","Constraint(s)","Mapping: RIM Mapping"
"EHDSHospitalDischargeReportBody","EHDSHospitalDischargeReportBody","","","",0,*,"","","","null {[]} {[]}
","Hospital Discharge Report body model","EHDS refined base model for Hospital Discharge Report body","","","","","","","","","",,,,,"",,,,"Base",0,*,"","","n/a"
"EHDSHospitalDischargeReportBody.advanceDirectives","EHDSHospitalDischargeReportBody.advanceDirectives","","","",0,1,"","","","Base {[]} {[]}
","Authored Advance Directive Information","Authored Advance Directive Information","","","","","","","","","",,,,,"",,,,"EHDSHospitalDischargeReportBody.advanceDirectives",0,1,"",""
"EHDSHospitalDischargeReportBody.advanceDirectives.livingWill","EHDSHospitalDischargeReportBody.advanceDirectives.livingWill","","","",0,*,"","","","Base {[]} {[]}
","Living will. Only directives being expressed during current inpatient stay. Multiple records of living wills could be provided.","Living will. Only directives being expressed during current inpatient stay. Multiple records of living wills could be provided.","","","","","","","","","",,,,,"",,,,"EHDSHospitalDischargeReportBody.advanceDirectives.livingWill",0,*,"",""
"EHDSHospitalDischargeReportBody.advanceDirectives.dateAndTime","EHDSHospitalDischargeReportBody.advanceDirectives.dateAndTime","","","",1,1,"","","","dateTime {[]} {[]}
","The date and time on which the living will was recorded.","The date and time on which the living will was recorded.","","","","","","","","","",,,,,"",,,,"EHDSHospitalDischargeReportBody.advanceDirectives.dateAndTime",1,1,"",""
"EHDSHospitalDischargeReportBody.advanceDirectives.type","EHDSHospitalDischargeReportBody.advanceDirectives.type","","","",1,1,"","","","CodeableConcept {[]} {[]}
","Type of a living will, e.g. Do not resuscitate, donorship statement, power of attorney etc.","Type of a living will, e.g. Do not resuscitate, donorship statement, power of attorney etc.","","","","","","","","","",,"preferred","SNOMED CT","","",,,,"EHDSHospitalDischargeReportBody.advanceDirectives.type",1,1,"",""
"EHDSHospitalDischargeReportBody.advanceDirectives.comment","EHDSHospitalDischargeReportBody.advanceDirectives.comment","","","",0,1,"","","","string {[]} {[]}
","Comment on the living will.","Comment on the living will.","","","","","","","","","",,,,,"",,,,"EHDSHospitalDischargeReportBody.advanceDirectives.comment",0,1,"",""
"EHDSHospitalDischargeReportBody.advanceDirectives.relatedConditions","EHDSHospitalDischargeReportBody.advanceDirectives.relatedConditions","","","",0,*,"","","","CodeableConcept {[]} {[]}
","The problem or disorder to which the living will applies.","The problem or disorder to which the living will applies.","","","","","","","","","",,"preferred","ICD-10, SNOMED CT, Orphacode if rare disease is diagnosed","","",,,,"EHDSHospitalDischargeReportBody.advanceDirectives.relatedConditions",0,*,"",""
"EHDSHospitalDischargeReportBody.advanceDirectives.livingWillDocument","EHDSHospitalDischargeReportBody.advanceDirectives.livingWillDocument","","","",1,*,"","","","https://www.xt-ehr.eu/specifications/fhir/StructureDefinition/EHDSAttachment {[]} {[]}
","Living will document","Scanned source document with the living will and the patient's signature, such as a PDF.","","","","","","","","","",,,,,"",,,,"EHDSHospitalDischargeReportBody.advanceDirectives.livingWillDocument",1,*,"",""
"EHDSHospitalDischargeReportBody.alertsSection","EHDSHospitalDischargeReportBody.alertsSection","","","",0,1,"","","","Base {[]} {[]}
","Alerts section","Alert section includes information about allergies, intolerances and other substantial alerts or warnings that health professionals should be aware of.","","","","","","","","","",,,,,"",,,,"EHDSHospitalDischargeReportBody.alertsSection",0,1,"",""
"EHDSHospitalDischargeReportBody.alertsSection.sectionNarrative","EHDSHospitalDischargeReportBody.alertsSection.sectionNarrative","","","",0,1,"","","","string {[]} {[]}
","Narrative content of the section. This narrative shell containing either narrative description of both allergy and alerts, or similar narrative sub-section elements shell be provided.  ","Narrative content of the section. This narrative shell containing either narrative description of both allergy and alerts, or similar narrative sub-section elements shell be provided.","","","","","","","","","",,,,,"",,,,"EHDSHospitalDischargeReportBody.alertsSection.sectionNarrative",0,1,"",""
"EHDSHospitalDischargeReportBody.alertsSection.allergyAndIntolerance","EHDSHospitalDischargeReportBody.alertsSection.allergyAndIntolerance","","","",0,*,"","","","https://www.xt-ehr.eu/specifications/fhir/StructureDefinition/EHDSAllergyIntolerance {[]} {[]}
","Allergy and Intolerance. A record of allergies and intolerances (primarily to be used for new allergies or intolerances that occurred during the hospital stay).","Allergy and Intolerance. A record of allergies and intolerances (primarily to be used for new allergies or intolerances that occurred during the hospital stay).","","","","","","","","","",,,,,"",,,,"EHDSHospitalDischargeReportBody.alertsSection.allergyAndIntolerance",0,*,"",""
"EHDSHospitalDischargeReportBody.alertsSection.medicalAlerts","EHDSHospitalDischargeReportBody.alertsSection.medicalAlerts","","","",0,*,"","","","https://www.xt-ehr.eu/specifications/fhir/StructureDefinition/EHDSAlertFlag {[]} {[]}
","Medical alerts. Specific alerts relevant to the patient’s condition that should be noted (other alerts not included in allergies).","Medical alerts. Specific alerts relevant to the patient’s condition that should be noted (other alerts not included in allergies).","","","","","","","","","",,,,,"",,,,"EHDSHospitalDischargeReportBody.alertsSection.medicalAlerts",0,*,"",""
"EHDSHospitalDischargeReportBody.encounterInformationSection","EHDSHospitalDischargeReportBody.encounterInformationSection","","","",1,1,"","","","Base {[]} {[]}
","Encounter information section.","Encounter information section.","","","","","","","","","",,,,,"",,,,"EHDSHospitalDischargeReportBody.encounterInformationSection",1,1,"",""
"EHDSHospitalDischargeReportBody.encounterInformationSection.sectionNarrative","EHDSHospitalDischargeReportBody.encounterInformationSection.sectionNarrative","","","",1,1,"","","","string {[]} {[]}
","Narrative content of the section.","Narrative content of the section.","","","","","","","","","",,,,,"",,,,"EHDSHospitalDischargeReportBody.encounterInformationSection.sectionNarrative",1,1,"",""
"EHDSHospitalDischargeReportBody.encounterInformationSection.encounterInformationSection","EHDSHospitalDischargeReportBody.encounterInformationSection.encounterInformationSection","","","",0,1,"","","","https://www.xt-ehr.eu/specifications/fhir/StructureDefinition/EHDSEncounter {[]} {[]}
","Encounter information section. Hospital encounter details.","Encounter information section. Hospital encounter details.","","","","","","","","","",,,,,"",,,,"EHDSHospitalDischargeReportBody.encounterInformationSection.encounterInformationSection",0,1,"",""
"EHDSHospitalDischargeReportBody.admissionEvaluation","EHDSHospitalDischargeReportBody.admissionEvaluation","","","",0,1,"","","","Base {[]} {[]}
","Admission evaluation section","Admission evaluation section should be reported exceptionally only if it is relevant to ensure continuity of care.","","","","","","","","","",,,,,"",,,,"EHDSHospitalDischargeReportBody.admissionEvaluation",0,1,"",""
"EHDSHospitalDischargeReportBody.admissionEvaluation.sectionNarrative","EHDSHospitalDischargeReportBody.admissionEvaluation.sectionNarrative","","","",0,1,"","","","string {[]} {[]}
","Narrative content of the section. This narrative shell containing either summary narrative description of all subsections, or similar narrative sub-section elements should be provided.","Narrative content of the section. This narrative shell containing either summary narrative description of all subsections, or similar narrative sub-section elements should be provided.","","","","","","","","","",,,,,"",,,,"EHDSHospitalDischargeReportBody.admissionEvaluation.sectionNarrative",0,1,"",""
"EHDSHospitalDischargeReportBody.admissionEvaluation.objectiveFindings","EHDSHospitalDischargeReportBody.admissionEvaluation.objectiveFindings","","","",0,1,"","","","Base {[]} {[]}
","Objective findings","Sub-section with objective findings.","","","","","","","","","",,,,,"",,,,"EHDSHospitalDischargeReportBody.admissionEvaluation.objectiveFindings",0,1,"",""
"EHDSHospitalDischargeReportBody.admissionEvaluation.objectiveFindings.dateAndTime","EHDSHospitalDischargeReportBody.admissionEvaluation.objectiveFindings.dateAndTime","","","",0,1,"","","","dateTime {[]} {[]}
","Date and time of the examination","Date and time of the examination","","","","","","","","","",,,,,"",,,,"EHDSHospitalDischargeReportBody.admissionEvaluation.objectiveFindings.dateAndTime",0,1,"",""
"EHDSHospitalDischargeReportBody.admissionEvaluation.objectiveFindings.performer","EHDSHospitalDischargeReportBody.admissionEvaluation.objectiveFindings.performer","","","",0,*,"","","","https://www.xt-ehr.eu/specifications/fhir/StructureDefinition/EHDSHealthProfessional {[]} {[]}
","Originator/author. Provides provenance information about the source of the results data that may have not originated with the source of the whole document.","Originator/author. Provides provenance information about the source of the results data that may have not originated with the source of the whole document.","","","","","","","","","",,,,,"",,,,"EHDSHospitalDischargeReportBody.admissionEvaluation.objectiveFindings.performer",0,*,"",""
"EHDSHospitalDischargeReportBody.admissionEvaluation.objectiveFindings.sectionNarrative","EHDSHospitalDischargeReportBody.admissionEvaluation.objectiveFindings.sectionNarrative","","","",0,1,"","","","string {[]} {[]}
","Narrative content of the section. This narrative shell containing either summary narrative description of all subsections, or similar narrative sub-section elements should be provided.","Narrative content of the section. This narrative shell containing either summary narrative description of all subsections, or similar narrative sub-section elements should be provided.","","","","","","","","","",,,,,"",,,,"EHDSHospitalDischargeReportBody.admissionEvaluation.objectiveFindings.sectionNarrative",0,1,"",""
"EHDSHospitalDischargeReportBody.admissionEvaluation.objectiveFindings.anthropometricObservations","EHDSHospitalDischargeReportBody.admissionEvaluation.objectiveFindings.anthropometricObservations","","","",0,*,"","","","https://www.xt-ehr.eu/specifications/fhir/StructureDefinition/EHDSObservation {[]} {[]}
","Anthropometric observations","Observation of Body weight and height of the patient, BMI, circumference of head, waist, hip, limbs and skin fold thickness. Result of the observation includes text, numeric and coded results of the measurement including measurement units.","","","","","","","","","",,,,,"",,,,"EHDSHospitalDischargeReportBody.admissionEvaluation.objectiveFindings.anthropometricObservations",0,*,"",""
"EHDSHospitalDischargeReportBody.admissionEvaluation.objectiveFindings.vitalSigns","EHDSHospitalDischargeReportBody.admissionEvaluation.objectiveFindings.vitalSigns","","","",0,*,"","","","https://www.xt-ehr.eu/specifications/fhir/StructureDefinition/EHDSObservation {[]} {[]}
","Vital signs","Vital signs observation:•Required: Pulse rate, respiratory rate, systolic and diastolic blood preasure with site information•Optional: 02 saturation","","","","","","","","","",,,,,"",,,,"EHDSHospitalDischargeReportBody.admissionEvaluation.objectiveFindings.vitalSigns",0,*,"",""
"EHDSHospitalDischargeReportBody.admissionEvaluation.objectiveFindings.physicalExamination","EHDSHospitalDischargeReportBody.admissionEvaluation.objectiveFindings.physicalExamination","","","",0,*,"","","","https://www.xt-ehr.eu/specifications/fhir/StructureDefinition/EHDSObservation {[]} {[]}
","Physical examination","Physical examination is the process of evaluating objective anatomical findings. It is typically the first diagnostic measure performed after taking the patient's history, which allows an initial assessment of symptoms and is useful for determining the differential diagnoses and further steps. Physical examination can be performed through observation, palpation, percussion, and auscultation.","","","","","","","","","",,,,,"",,,,"EHDSHospitalDischargeReportBody.admissionEvaluation.objectiveFindings.physicalExamination",0,*,"",""
"EHDSHospitalDischargeReportBody.admissionEvaluation.functionalStatus","EHDSHospitalDischargeReportBody.admissionEvaluation.functionalStatus","","","",0,1,"","","","Base {[]} {[]}
","Functional status","Functional status can be assessed in several different ways, usually with a focus on the person’s abilities to perform basic activities of daily living (ADL), which include basic self-care such as bathing, feeding, and toileting and instrumental activities of daily living (IADL), which includes activities such as cooking, shopping, and managing one’s own affairs.For details see: https://paciowg.github.io/functional-status-ig/","","","","","","","","","",,,,,"",,,,"EHDSHospitalDischargeReportBody.admissionEvaluation.functionalStatus",0,1,"",""
"EHDSHospitalDischargeReportBody.admissionEvaluation.functionalStatus.dateAndTime","EHDSHospitalDischargeReportBody.admissionEvaluation.functionalStatus.dateAndTime","","","",0,1,"","","","dateTime {[]} {[]}
","Date and time of the examination","Date and time of the examination","","","","","","","","","",,,,,"",,,,"EHDSHospitalDischargeReportBody.admissionEvaluation.functionalStatus.dateAndTime",0,1,"",""
"EHDSHospitalDischargeReportBody.admissionEvaluation.functionalStatus.performer","EHDSHospitalDischargeReportBody.admissionEvaluation.functionalStatus.performer","","","",0,*,"","","","https://www.xt-ehr.eu/specifications/fhir/StructureDefinition/EHDSHealthProfessional {[]} {[]}
","Originator/author. Provides provenance information about the source of the results data that may have not originated with the source of the whole document.","Originator/author. Provides provenance information about the source of the results data that may have not originated with the source of the whole document.","","","","","","","","","",,,,,"",,,,"EHDSHospitalDischargeReportBody.admissionEvaluation.functionalStatus.performer",0,*,"",""
"EHDSHospitalDischargeReportBody.admissionEvaluation.functionalStatus.sectionNarrative","EHDSHospitalDischargeReportBody.admissionEvaluation.functionalStatus.sectionNarrative","","","",0,1,"","","","string {[]} {[]}
","Narrative content of the section.","Narrative content of the section.","","","","","","","","","",,,,,"",,,,"EHDSHospitalDischargeReportBody.admissionEvaluation.functionalStatus.sectionNarrative",0,1,"",""
"EHDSHospitalDischargeReportBody.admissionEvaluation.functionalStatus.functionalStatusAssessment","EHDSHospitalDischargeReportBody.admissionEvaluation.functionalStatus.functionalStatusAssessment","","","",0,*,"","","","https://www.xt-ehr.eu/specifications/fhir/StructureDefinition/EHDSFunctionalStatus {[]} {[]}
","Functional status assessment","Formalized assessment of the patient's functional status according to the individual assessment categories of the selected assessment system (e.g. WHO-ICF)","","","","","","","","","",,,,,"",,,,"EHDSHospitalDischargeReportBody.admissionEvaluation.functionalStatus.functionalStatusAssessment",0,*,"",""
"EHDSHospitalDischargeReportBody.patientHistory","EHDSHospitalDischargeReportBody.patientHistory","","","",0,1,"","","","Base {[]} {[]}
","Patient health history section (anamnesis).","Patient health history section (anamnesis).","","","","","","","","","",,,,,"",,,,"EHDSHospitalDischargeReportBody.patientHistory",0,1,"",""
"EHDSHospitalDischargeReportBody.patientHistory.sectionNarrative","EHDSHospitalDischargeReportBody.patientHistory.sectionNarrative","","","",0,1,"","","","string {[]} {[]}
","Narrative content of the section. This narrative shell containing either summary narrative description of all subsections, or similar narrative subsection elements should be provided.","Narrative content of the section. This narrative shell containing either summary narrative description of all subsections, or similar narrative subsection elements should be provided.","","","","","","","","","",,,,,"",,,,"EHDSHospitalDischargeReportBody.patientHistory.sectionNarrative",0,1,"",""
"EHDSHospitalDischargeReportBody.patientHistory.medicalHistory","EHDSHospitalDischargeReportBody.patientHistory.medicalHistory","","","",1,1,"","","","Base {[]} {[]}
","Medical history subsection.","Medical history subsection.","","","","","","","","","",,,,,"",,,,"EHDSHospitalDischargeReportBody.patientHistory.medicalHistory",1,1,"",""
"EHDSHospitalDischargeReportBody.patientHistory.medicalHistory.subsectionNarrative","EHDSHospitalDischargeReportBody.patientHistory.medicalHistory.subsectionNarrative","","","",0,1,"","","","string {[]} {[]}
","Narrative content of the section. This narrative shell containing either summary narrative description of all subsections, or similar narrative subsection elements should be provided.","Narrative content of the section. This narrative shell containing either summary narrative description of all subsections, or similar narrative subsection elements should be provided.","","","","","","","","","",,,,,"",,,,"EHDSHospitalDischargeReportBody.patientHistory.medicalHistory.subsectionNarrative",0,1,"",""
"EHDSHospitalDischargeReportBody.patientHistory.medicalHistory.pastProblems","EHDSHospitalDischargeReportBody.patientHistory.medicalHistory.pastProblems","","","",1,*,"","","","https://www.xt-ehr.eu/specifications/fhir/StructureDefinition/EHDSCondition {[]} {[]}
","Past problems","A list of conditions of a patient that the patient suffered in the past or still suffers. Unlike diagnostic summary, medical history is not only a list of problems, but could contain broader description of the condition and its progress, details about treatment including medication and patient response to treatment. Past problem section (unlike the same section of the patient summary) should include only conditions that are important for continuity of care. This section, if provided, complements the diagnostic summary section of the discharge report.","","","","","","","","","",,,,,"",,,,"EHDSHospitalDischargeReportBody.patientHistory.medicalHistory.pastProblems",1,*,"",""
"EHDSHospitalDischargeReportBody.patientHistory.medicalHistory.devicesAndImplants","EHDSHospitalDischargeReportBody.patientHistory.medicalHistory.devicesAndImplants","","","",1,*,"","","","https://www.xt-ehr.eu/specifications/fhir/StructureDefinition/EHDSDeviceUse {[]} {[]}
","Devices and Implants","Devices and implants in patient anamnesis. Negative statement must be explicitly stated.","","","","","","","","","",,,,,"",,,,"EHDSHospitalDischargeReportBody.patientHistory.medicalHistory.devicesAndImplants",1,*,"",""
"EHDSHospitalDischargeReportBody.patientHistory.medicalHistory.historyOfProcedures","EHDSHospitalDischargeReportBody.patientHistory.medicalHistory.historyOfProcedures","","","",0,*,"","","","https://www.xt-ehr.eu/specifications/fhir/StructureDefinition/EHDSProcedure {[]} {[]}
","History of procedures","Historical procedures performed on or for a patient, relevant for the current encounter.Examples include surgical procedures, diagnostic procedures, endoscopic procedures, biopsies, counselling, physiotherapy, personal support services, adult day care services, etc.","","","","","","","","","",,,,,"",,,,"EHDSHospitalDischargeReportBody.patientHistory.medicalHistory.historyOfProcedures",0,*,"",""
"EHDSHospitalDischargeReportBody.patientHistory.medicalHistory.vaccination","EHDSHospitalDischargeReportBody.patientHistory.medicalHistory.vaccination","","","",0,*,"","","","https://www.xt-ehr.eu/specifications/fhir/StructureDefinition/EHDSImmunization {[]} {[]}
","Vaccination","Vaccination history of the patient.","","","","","","","","","",,,,,"",,,,"EHDSHospitalDischargeReportBody.patientHistory.medicalHistory.vaccination",0,*,"",""
"EHDSHospitalDischargeReportBody.patientHistory.medicalHistory.epidemiologicalHistory","EHDSHospitalDischargeReportBody.patientHistory.medicalHistory.epidemiologicalHistory","","","",0,1,"","","","Base {[]} {[]}
","Epidemiological history","Travel history and infectious contacts","","","","","","","","","",,,,,"",,,,"EHDSHospitalDischargeReportBody.patientHistory.medicalHistory.epidemiologicalHistory",0,1,"",""
"EHDSHospitalDischargeReportBody.patientHistory.medicalHistory.epidemiologicalHistory.infectiousContacts","EHDSHospitalDischargeReportBody.patientHistory.medicalHistory.epidemiologicalHistory.infectiousContacts","","","",0,*,"","","","Base {[]} {[]}
","Infectious contacts","Infectious contacts of the patient","","","","","","","","","",,,,,"",,,,"EHDSHospitalDischargeReportBody.patientHistory.medicalHistory.epidemiologicalHistory.infectiousContacts",0,*,"",""
"EHDSHospitalDischargeReportBody.patientHistory.medicalHistory.epidemiologicalHistory.infectiousContacts.timePeriod","EHDSHospitalDischargeReportBody.patientHistory.medicalHistory.epidemiologicalHistory.infectiousContacts.timePeriod","","","",0,1,"","","","dateTime {[]} {[]}
","A date and duration or date time interval of contact. Partial dates are allowed.","A date and duration or date time interval of contact. Partial dates are allowed.","","","","","","","","","",,,,,"",,,,"EHDSHospitalDischargeReportBody.patientHistory.medicalHistory.epidemiologicalHistory.infectiousContacts.timePeriod",0,1,"",""
"EHDSHospitalDischargeReportBody.patientHistory.medicalHistory.epidemiologicalHistory.infectiousContacts.infectiousAgent","EHDSHospitalDischargeReportBody.patientHistory.medicalHistory.epidemiologicalHistory.infectiousContacts.infectiousAgent","","","",0,*,"","","","CodeableConcept {[]} {[]}
","Infectious agent","Information about a suspected infectious agent or agents the person was exposed to.","","","","","","","","","",,"preferred","ICD-10*, SNOMED CT","","",,,,"EHDSHospitalDischargeReportBody.patientHistory.medicalHistory.epidemiologicalHistory.infectiousContacts.infectiousAgent",0,*,"",""
"EHDSHospitalDischargeReportBody.patientHistory.medicalHistory.epidemiologicalHistory.infectiousContacts.proximity[x]","EHDSHospitalDischargeReportBody.patientHistory.medicalHistory.epidemiologicalHistory.infectiousContacts.proximity[x]","","","",0,1,"","","","CodeableConcept {[]} {[]}
Quantity {[]} {[]}","Proximity to the source/carrier of the infectious agent during exposure. Proximity could be expressed by text, code (direct, indirect) or value specifying distance from the InfectiousAgentCarrier.","Proximity to the source/carrier of the infectious agent during exposure. Proximity could be expressed by text, code (direct, indirect) or value specifying distance from the InfectiousAgentCarrier.","","","","","","","","","",,,,,"",,,,"EHDSHospitalDischargeReportBody.patientHistory.medicalHistory.epidemiologicalHistory.infectiousContacts.proximity[x]",0,1,"",""
"EHDSHospitalDischargeReportBody.patientHistory.medicalHistory.epidemiologicalHistory.infectiousContacts.country","EHDSHospitalDischargeReportBody.patientHistory.medicalHistory.epidemiologicalHistory.infectiousContacts.country","","","",0,1,"","","","CodeableConcept {[]} {[]}
","Country in which the person was potentially exposed to an infectious agent.","Country in which the person was potentially exposed to an infectious agent.","","","","","","","","","",,"preferred","ISO 3166-1 alpha-2","","",,,,"EHDSHospitalDischargeReportBody.patientHistory.medicalHistory.epidemiologicalHistory.infectiousContacts.country",0,1,"",""
"EHDSHospitalDischargeReportBody.patientHistory.medicalHistory.epidemiologicalHistory.infectiousContacts.additionalInformation","EHDSHospitalDischargeReportBody.patientHistory.medicalHistory.epidemiologicalHistory.infectiousContacts.additionalInformation","","","",0,1,"","","","string {[]} {[]}
","A textual note with additional information about infectious contact.","A textual note with additional information about infectious contact.","","","","","","","","","",,,,,"",,,,"EHDSHospitalDischargeReportBody.patientHistory.medicalHistory.epidemiologicalHistory.infectiousContacts.additionalInformation",0,1,"",""
"EHDSHospitalDischargeReportBody.patientHistory.medicalHistory.epidemiologicalHistory.travelHistory","EHDSHospitalDischargeReportBody.patientHistory.medicalHistory.epidemiologicalHistory.travelHistory","","","",0,1,"","","","Base {[]} {[]}
","Travel history reported by the patient. Multiple records could be provided.","Travel history reported by the patient. Multiple records could be provided.","","","","","","","","","",,,,,"",,,,"EHDSHospitalDischargeReportBody.patientHistory.medicalHistory.epidemiologicalHistory.travelHistory",0,1,"",""
"EHDSHospitalDischargeReportBody.patientHistory.medicalHistory.epidemiologicalHistory.travelHistory.timePeriod","EHDSHospitalDischargeReportBody.patientHistory.medicalHistory.epidemiologicalHistory.travelHistory.timePeriod","","","",0,1,"","","","dateTime {[]} {[]}
","Start and end date or end date and duration of stay in a country. Partial dates are allowed.","Start and end date or end date and duration of stay in a country. Partial dates are allowed.","","","","","","","","","",,,,,"",,,,"EHDSHospitalDischargeReportBody.patientHistory.medicalHistory.epidemiologicalHistory.travelHistory.timePeriod",0,1,"",""
"EHDSHospitalDischargeReportBody.patientHistory.medicalHistory.epidemiologicalHistory.travelHistory.countryVisited","EHDSHospitalDischargeReportBody.patientHistory.medicalHistory.epidemiologicalHistory.travelHistory.countryVisited","","","",1,1,"","","","CodeableConcept {[]} {[]}
","Country visited by the patient.","Country visited by the patient.","","","","","","","","","",,"preferred","ISO 3166-1 alpha-2","","",,,,"EHDSHospitalDischargeReportBody.patientHistory.medicalHistory.epidemiologicalHistory.travelHistory.countryVisited",1,1,"",""
"EHDSHospitalDischargeReportBody.patientHistory.medicalHistory.epidemiologicalHistory.travelHistory.comment","EHDSHospitalDischargeReportBody.patientHistory.medicalHistory.epidemiologicalHistory.travelHistory.comment","","","",0,1,"","","","string {[]} {[]}
","Relevant notes on the travel stay.","Relevant notes on the travel stay.","","","","","","","","","",,,,,"",,,,"EHDSHospitalDischargeReportBody.patientHistory.medicalHistory.epidemiologicalHistory.travelHistory.comment",0,1,"",""
"EHDSHospitalDischargeReportBody.patientHistory.familyHistorySection","EHDSHospitalDischargeReportBody.patientHistory.familyHistorySection","","","",0,1,"","","","Base {[]} {[]}
","Family history section","Relevant family history section.","","","","","","","","","",,,,,"",,,,"EHDSHospitalDischargeReportBody.patientHistory.familyHistorySection",0,1,"",""
"EHDSHospitalDischargeReportBody.patientHistory.familyHistorySection.subsectionNarrative","EHDSHospitalDischargeReportBody.patientHistory.familyHistorySection.subsectionNarrative","","","",0,1,"","","","string {[]} {[]}
","Narrative content of the section. This narrative shell containing either summary narrative description of all subsections, or similar narrative subsection elements should be provided.","Narrative content of the section. This narrative shell containing either summary narrative description of all subsections, or similar narrative subsection elements should be provided.","","","","","","","","","",,,,,"",,,,"EHDSHospitalDischargeReportBody.patientHistory.familyHistorySection.subsectionNarrative",0,1,"",""
"EHDSHospitalDischargeReportBody.patientHistory.familyHistorySection.familyHistory","EHDSHospitalDischargeReportBody.patientHistory.familyHistorySection.familyHistory","","","",0,*,"","","","https://www.xt-ehr.eu/specifications/fhir/StructureDefinition/EHDSFamilyMemberHistory {[]} {[]}
","Family history","Information about serious illnesses in close blood relatives with known or suspected genetic potential or with possible impact on patient care.","","","","","","","","","",,,,,"",,,,"EHDSHospitalDischargeReportBody.patientHistory.familyHistorySection.familyHistory",0,*,"",""
"EHDSHospitalDischargeReportBody.patientHistory.socialDeterminantsOfHealth","EHDSHospitalDischargeReportBody.patientHistory.socialDeterminantsOfHealth","","","",0,1,"","","","Base {[]} {[]}
","Social determinants of health","Information about social determinants of health.","","","","","","","","","",,,,,"",,,,"EHDSHospitalDischargeReportBody.patientHistory.socialDeterminantsOfHealth",0,1,"",""
"EHDSHospitalDischargeReportBody.patientHistory.socialDeterminantsOfHealth.subsectionNarrative","EHDSHospitalDischargeReportBody.patientHistory.socialDeterminantsOfHealth.subsectionNarrative","","","",0,1,"","","","string {[]} {[]}
","Sub-section narrative","Narrative content of the section. This narrative shell containing either summary narrative description of all subsections, or similar narrative subsection elements should be provided.","","","","","","","","","",,,,,"",,,,"EHDSHospitalDischargeReportBody.patientHistory.socialDeterminantsOfHealth.subsectionNarrative",0,1,"",""
"EHDSHospitalDischargeReportBody.patientHistory.socialDeterminantsOfHealth.participationInSociety","EHDSHospitalDischargeReportBody.patientHistory.socialDeterminantsOfHealth.participationInSociety","","","",0,1,"","","","Base {[]} {[]}
","Participation in society","Participation in society details.","","","","","","","","","",,,,,"",,,,"EHDSHospitalDischargeReportBody.patientHistory.socialDeterminantsOfHealth.participationInSociety",0,1,"",""
"EHDSHospitalDischargeReportBody.patientHistory.socialDeterminantsOfHealth.participationInSociety.workSituation","EHDSHospitalDischargeReportBody.patientHistory.socialDeterminantsOfHealth.participationInSociety.workSituation","","","",0,1,"","","","CodeableConcept {[]} {[]}
","Work situation","Work Situation describes the extent to which and in what way the patient participates in the workforce. Work is meant in the broadest sense of the word: activities that contribute to the person themselves, their environment or society. This includes both paid and unpaid work.","","","","","","","","","",,"preferred","SNOMED CT","","",,,,"EHDSHospitalDischargeReportBody.patientHistory.socialDeterminantsOfHealth.participationInSociety.workSituation",0,1,"",""
"EHDSHospitalDischargeReportBody.patientHistory.socialDeterminantsOfHealth.participationInSociety.hobby","EHDSHospitalDischargeReportBody.patientHistory.socialDeterminantsOfHealth.participationInSociety.hobby","","","",0,1,"","","","CodeableConcept {[]} {[]}
","An activity the patient enjoys doing in their free time.","An activity the patient enjoys doing in their free time.","","","","","","","","","",,"preferred","SNOMED CT","","",,,,"EHDSHospitalDischargeReportBody.patientHistory.socialDeterminantsOfHealth.participationInSociety.hobby",0,1,"",""
"EHDSHospitalDischargeReportBody.patientHistory.socialDeterminantsOfHealth.participationInSociety.socialNetwork","EHDSHospitalDischargeReportBody.patientHistory.socialDeterminantsOfHealth.participationInSociety.socialNetwork","","","",0,1,"","","","CodeableConcept {[]} {[]}
","Social network","A description of the patient’s social network, such as family, neighbours and friends.","","","","","","","","","",,"preferred","SNOMED CT","","",,,,"EHDSHospitalDischargeReportBody.patientHistory.socialDeterminantsOfHealth.participationInSociety.socialNetwork",0,1,"",""
"EHDSHospitalDischargeReportBody.patientHistory.socialDeterminantsOfHealth.educationSection","EHDSHospitalDischargeReportBody.patientHistory.socialDeterminantsOfHealth.educationSection","","","",0,1,"","","","Base {[]} {[]}
","Education section","Information about patient education level.","","","","","","","","","",,,,,"",,,,"EHDSHospitalDischargeReportBody.patientHistory.socialDeterminantsOfHealth.educationSection",0,1,"",""
"EHDSHospitalDischargeReportBody.patientHistory.socialDeterminantsOfHealth.educationSection.educationLevel","EHDSHospitalDischargeReportBody.patientHistory.socialDeterminantsOfHealth.educationSection.educationLevel","","","",0,1,"","","","CodeableConcept {[]} {[]}
","Education level","Indication of the highest level of education achieved.","","","","","","","","","",,"preferred","hl7:v3.EducationLevel","","",,,,"EHDSHospitalDischargeReportBody.patientHistory.socialDeterminantsOfHealth.educationSection.educationLevel",0,1,"",""
"EHDSHospitalDischargeReportBody.patientHistory.socialDeterminantsOfHealth.educationSection.comment","EHDSHospitalDischargeReportBody.patientHistory.socialDeterminantsOfHealth.educationSection.comment","","","",0,1,"","","","string {[]} {[]}
","If deemed relevant, a specification of the degree program can be provided by means of an explanation (e.g.: patient is in medical school).","If deemed relevant, a specification of the degree program can be provided by means of an explanation (e.g.: patient is in medical school).","","","","","","","","","",,,,,"",,,,"EHDSHospitalDischargeReportBody.patientHistory.socialDeterminantsOfHealth.educationSection.comment",0,1,"",""
"EHDSHospitalDischargeReportBody.patientHistory.socialDeterminantsOfHealth.livingSituation","EHDSHospitalDischargeReportBody.patientHistory.socialDeterminantsOfHealth.livingSituation","","","",0,1,"","","","Base {[]} {[]}
","Living situation - household type and other related living situation information.","Living situation - household type and other related living situation information.","","","","","","","","","",,,,,"",,,,"EHDSHospitalDischargeReportBody.patientHistory.socialDeterminantsOfHealth.livingSituation",0,1,"",""
"EHDSHospitalDischargeReportBody.patientHistory.socialDeterminantsOfHealth.livingSituation.houseType","EHDSHospitalDischargeReportBody.patientHistory.socialDeterminantsOfHealth.livingSituation.houseType","","","",0,1,"","","","CodeableConcept {[]} {[]}
","Type of home the patient lives in.","Type of home the patient lives in.","","","","","","","","","",,"preferred","SNOMED CT","","",,,,"EHDSHospitalDischargeReportBody.patientHistory.socialDeterminantsOfHealth.livingSituation.houseType",0,1,"",""
"EHDSHospitalDischargeReportBody.patientHistory.socialDeterminantsOfHealth.livingSituation.homeAdaption","EHDSHospitalDischargeReportBody.patientHistory.socialDeterminantsOfHealth.livingSituation.homeAdaption","","","",0,*,"","","","CodeableConcept {[]} {[]}
","Home adaptions present in the home that have been made in the context of the illness or disability to make the functioning of the patient safer and more comfortable and to enable independent living. Multiple data elements could be provided.","Home adaptions present in the home that have been made in the context of the illness or disability to make the functioning of the patient safer and more comfortable and to enable independent living. Multiple data elements could be provided.","","","","","","","","","",,"preferred","SNOMED CT","","",,,,"EHDSHospitalDischargeReportBody.patientHistory.socialDeterminantsOfHealth.livingSituation.homeAdaption",0,*,"",""
"EHDSHospitalDischargeReportBody.patientHistory.socialDeterminantsOfHealth.livingSituation.livingConditions","EHDSHospitalDischargeReportBody.patientHistory.socialDeterminantsOfHealth.livingSituation.livingConditions","","","",0,*,"","","","CodeableConcept {[]} {[]}
","Living conditions that affect the accessibility of the home or the stay in the home.","Living conditions that affect the accessibility of the home or the stay in the home.","","","","","","","","","",,"preferred","SNOMED CT","","",,,,"EHDSHospitalDischargeReportBody.patientHistory.socialDeterminantsOfHealth.livingSituation.livingConditions",0,*,"",""
"EHDSHospitalDischargeReportBody.patientHistory.socialDeterminantsOfHealth.familySituation","EHDSHospitalDischargeReportBody.patientHistory.socialDeterminantsOfHealth.familySituation","","","",0,1,"","","","Base {[]} {[]}
","Family situation","Family situation","","","","","","","","","",,,,,"",,,,"EHDSHospitalDischargeReportBody.patientHistory.socialDeterminantsOfHealth.familySituation",0,1,"",""
"EHDSHospitalDischargeReportBody.patientHistory.socialDeterminantsOfHealth.familySituation.comment","EHDSHospitalDischargeReportBody.patientHistory.socialDeterminantsOfHealth.familySituation.comment","","","",0,1,"","","","string {[]} {[]}
","Comment on the family situation.","Comment on the family situation.","","","","","","","","","",,,,,"",,,,"EHDSHospitalDischargeReportBody.patientHistory.socialDeterminantsOfHealth.familySituation.comment",0,1,"",""
"EHDSHospitalDischargeReportBody.patientHistory.socialDeterminantsOfHealth.familySituation.familyComposition","EHDSHospitalDischargeReportBody.patientHistory.socialDeterminantsOfHealth.familySituation.familyComposition","","","",0,1,"","","","CodeableConcept {[]} {[]}
","Family composition","The family composition describes the patient’s home situation and the form of cohabitation. A family can consist of one or more people.","","","","","","","","","",,,,,"",,,,"EHDSHospitalDischargeReportBody.patientHistory.socialDeterminantsOfHealth.familySituation.familyComposition",0,1,"",""
"EHDSHospitalDischargeReportBody.patientHistory.socialDeterminantsOfHealth.familySituation.maritalStatus","EHDSHospitalDischargeReportBody.patientHistory.socialDeterminantsOfHealth.familySituation.maritalStatus","","","",0,1,"","","","CodeableConcept {[]} {[]}
","Person’s marital status according to the terms and definition in the national civil code.","Person’s marital status according to the terms and definition in the national civil code.","","","","","","","","","",,,,,"",,,,"EHDSHospitalDischargeReportBody.patientHistory.socialDeterminantsOfHealth.familySituation.maritalStatus",0,1,"",""
"EHDSHospitalDischargeReportBody.patientHistory.socialDeterminantsOfHealth.familySituation.numberOfChildren","EHDSHospitalDischargeReportBody.patientHistory.socialDeterminantsOfHealth.familySituation.numberOfChildren","","","",0,1,"","","","Quantity {[]} {[]}
","Number of children","The number of children the patient has. Children in the context of this information model include step children, foster children, biological and adopted children.","","","","","","","","","",,,,,"",,,,"EHDSHospitalDischargeReportBody.patientHistory.socialDeterminantsOfHealth.familySituation.numberOfChildren",0,1,"",""
"EHDSHospitalDischargeReportBody.patientHistory.socialDeterminantsOfHealth.familySituation.numberOfChildrenAtHome","EHDSHospitalDischargeReportBody.patientHistory.socialDeterminantsOfHealth.familySituation.numberOfChildrenAtHome","","","",0,1,"","","","Quantity {[]} {[]}
","Number of children living at home with the patient.","Number of children living at home with the patient.","","","","","","","","","",,,,,"",,,,"EHDSHospitalDischargeReportBody.patientHistory.socialDeterminantsOfHealth.familySituation.numberOfChildrenAtHome",0,1,"",""
"EHDSHospitalDischargeReportBody.patientHistory.socialDeterminantsOfHealth.familySituation.childDetails","EHDSHospitalDischargeReportBody.patientHistory.socialDeterminantsOfHealth.familySituation.childDetails","","","",0,*,"","","","Base {[]} {[]}
","Child details (age, co-living status and comment).","Child details (age, co-living status and comment).","","","","","","","","","",,,,,"",,,,"EHDSHospitalDischargeReportBody.patientHistory.socialDeterminantsOfHealth.familySituation.childDetails",0,*,"",""
"EHDSHospitalDischargeReportBody.patientHistory.socialDeterminantsOfHealth.familySituation.childDetails.livingAtHome","EHDSHospitalDischargeReportBody.patientHistory.socialDeterminantsOfHealth.familySituation.childDetails.livingAtHome","","","",0,1,"","","","boolean {[]} {[]}
","Living at home. An indication stating whether the child lives at home.","Living at home. An indication stating whether the child lives at home.","","","","","","","","","",,,,,"",,,,"EHDSHospitalDischargeReportBody.patientHistory.socialDeterminantsOfHealth.familySituation.childDetails.livingAtHome",0,1,"",""
"EHDSHospitalDischargeReportBody.patientHistory.socialDeterminantsOfHealth.familySituation.childDetails.dateOfBirth","EHDSHospitalDischargeReportBody.patientHistory.socialDeterminantsOfHealth.familySituation.childDetails.dateOfBirth","","","",0,1,"","","","date {[]} {[]}
","Child’s date of birth.","Child’s date of birth.","","","","","","","","","",,,,,"",,,,"EHDSHospitalDischargeReportBody.patientHistory.socialDeterminantsOfHealth.familySituation.childDetails.dateOfBirth",0,1,"",""
"EHDSHospitalDischargeReportBody.patientHistory.socialDeterminantsOfHealth.familySituation.childDetails.comment","EHDSHospitalDischargeReportBody.patientHistory.socialDeterminantsOfHealth.familySituation.childDetails.comment","","","",0,1,"","","","string {[]} {[]}
","A comment on the child's family situation.","A comment on the child's family situation.","","","","","","","","","",,,,,"",,,,"EHDSHospitalDischargeReportBody.patientHistory.socialDeterminantsOfHealth.familySituation.childDetails.comment",0,1,"",""
"EHDSHospitalDischargeReportBody.patientHistory.socialDeterminantsOfHealth.familySituation.careResponsibility","EHDSHospitalDischargeReportBody.patientHistory.socialDeterminantsOfHealth.familySituation.careResponsibility","","","",0,*,"","","","CodeableConcept {[]} {[]}
","Care responsibility. The activities the patient carries out to care for a dependent family member.","Care responsibility. The activities the patient carries out to care for a dependent family member.","","","","","","","","","",,"preferred","SNOMED CT","","",,,,"EHDSHospitalDischargeReportBody.patientHistory.socialDeterminantsOfHealth.familySituation.careResponsibility",0,*,"",""
"EHDSHospitalDischargeReportBody.patientHistory.useOfSubstances","EHDSHospitalDischargeReportBody.patientHistory.useOfSubstances","","","",0,1,"","","","Base {[]} {[]}
","Use of substances","Information about use and/or abuse of specific substances.","","","","","","","","","",,,,,"",,,,"EHDSHospitalDischargeReportBody.patientHistory.useOfSubstances",0,1,"",""
"EHDSHospitalDischargeReportBody.patientHistory.useOfSubstances.subsectionNarrative","EHDSHospitalDischargeReportBody.patientHistory.useOfSubstances.subsectionNarrative","","","",0,1,"","","","string {[]} {[]}
","Narrative content of the section. This narrative shell containing either summary narrative description of all subsections, or similar narrative subsection elements should be provided.","Narrative content of the section. This narrative shell containing either summary narrative description of all subsections, or similar narrative subsection elements should be provided.","","","","","","","","","",,,,,"",,,,"EHDSHospitalDischargeReportBody.patientHistory.useOfSubstances.subsectionNarrative",0,1,"",""
"EHDSHospitalDischargeReportBody.patientHistory.useOfSubstances.alcoholUse","EHDSHospitalDischargeReportBody.patientHistory.useOfSubstances.alcoholUse","","","",0,*,"","","","Base {[]} {[]}
","Alcohol consumption by the patient. Multiple records on alcohol use could be provided.","Alcohol consumption by the patient. Multiple records on alcohol use could be provided.","","","","","","","","","",,,,,"",,,,"EHDSHospitalDischargeReportBody.patientHistory.useOfSubstances.alcoholUse",0,*,"",""
"EHDSHospitalDischargeReportBody.patientHistory.useOfSubstances.alcoholUse.status","EHDSHospitalDischargeReportBody.patientHistory.useOfSubstances.alcoholUse.status","","","",0,1,"","","","CodeableConcept {[]} {[]}
","Status of the patient’s alcohol use.","Status of the patient’s alcohol use.","","","","","","","","","",,"preferred","SNOMED CT","","",,,,"EHDSHospitalDischargeReportBody.patientHistory.useOfSubstances.alcoholUse.status",0,1,"",""
"EHDSHospitalDischargeReportBody.patientHistory.useOfSubstances.alcoholUse.periodAndQuantity","EHDSHospitalDischargeReportBody.patientHistory.useOfSubstances.alcoholUse.periodAndQuantity","","","",0,1,"","","","Base {[]} {[]}
","Period of use and amount observation (The extent of the patient’s alcohol use in units of alcohol per time period.)","Period of use and amount observation (The extent of the patient’s alcohol use in units of alcohol per time period.)","","","","","","","","","",,,,,"",,,,"EHDSHospitalDischargeReportBody.patientHistory.useOfSubstances.alcoholUse.periodAndQuantity",0,1,"",""
"EHDSHospitalDischargeReportBody.patientHistory.useOfSubstances.alcoholUse.periodAndQuantity.period","EHDSHospitalDischargeReportBody.patientHistory.useOfSubstances.alcoholUse.periodAndQuantity.period","","","",0,1,"","","","Period {[]} {[]}
","Time period of alcohol use.","Time period of alcohol use.","","","","","","","","","",,,,,"",,,,"EHDSHospitalDischargeReportBody.patientHistory.useOfSubstances.alcoholUse.periodAndQuantity.period",0,1,"",""
"EHDSHospitalDischargeReportBody.patientHistory.useOfSubstances.alcoholUse.periodAndQuantity.quantity","EHDSHospitalDischargeReportBody.patientHistory.useOfSubstances.alcoholUse.periodAndQuantity.quantity","","","",1,1,"","","","Quantity {[]} {[]}
","Quantity (volume per time unit).","Quantity (volume per time unit).","","","","","","","","","",,,,,"",,,,"EHDSHospitalDischargeReportBody.patientHistory.useOfSubstances.alcoholUse.periodAndQuantity.quantity",1,1,"",""
"EHDSHospitalDischargeReportBody.patientHistory.useOfSubstances.alcoholUse.comment","EHDSHospitalDischargeReportBody.patientHistory.useOfSubstances.alcoholUse.comment","","","",0,1,"","","","string {[]} {[]}
","Textual comment.","Textual comment.","","","","","","","","","",,,,,"",,,,"EHDSHospitalDischargeReportBody.patientHistory.useOfSubstances.alcoholUse.comment",0,1,"",""
"EHDSHospitalDischargeReportBody.patientHistory.useOfSubstances.tobaccoUse","EHDSHospitalDischargeReportBody.patientHistory.useOfSubstances.tobaccoUse","","","",0,*,"","","","Base {[]} {[]}
","Tobacco use","Represent smoking or tobacco habits. Multiple records on tobacco use could be provided.","","","","","","","","","",,,,,"",,,,"EHDSHospitalDischargeReportBody.patientHistory.useOfSubstances.tobaccoUse",0,*,"",""
"EHDSHospitalDischargeReportBody.patientHistory.useOfSubstances.tobaccoUse.status","EHDSHospitalDischargeReportBody.patientHistory.useOfSubstances.tobaccoUse.status","","","",0,1,"","","","CodeableConcept {[]} {[]}
","Status of the patient’s tobacco use.","Status of the patient’s tobacco use.","","","","","","","","","",,"preferred","SNOMED CT","","",,,,"EHDSHospitalDischargeReportBody.patientHistory.useOfSubstances.tobaccoUse.status",0,1,"",""
"EHDSHospitalDischargeReportBody.patientHistory.useOfSubstances.tobaccoUse.periodAndQuantity","EHDSHospitalDischargeReportBody.patientHistory.useOfSubstances.tobaccoUse.periodAndQuantity","","","",0,1,"","","","Base {[]} {[]}
","Period of use and amount (The extent of the patient’s tobacco use in units per time period.)","Period of use and amount (The extent of the patient’s tobacco use in units per time period.)","","","","","","","","","",,,,,"",,,,"EHDSHospitalDischargeReportBody.patientHistory.useOfSubstances.tobaccoUse.periodAndQuantity",0,1,"",""
"EHDSHospitalDischargeReportBody.patientHistory.useOfSubstances.tobaccoUse.periodAndQuantity.period","EHDSHospitalDischargeReportBody.patientHistory.useOfSubstances.tobaccoUse.periodAndQuantity.period","","","",0,1,"","","","Period {[]} {[]}
","Time period of tobacco usage.","Time period of tobacco usage.","","","","","","","","","",,,,,"",,,,"EHDSHospitalDischargeReportBody.patientHistory.useOfSubstances.tobaccoUse.periodAndQuantity.period",0,1,"",""
"EHDSHospitalDischargeReportBody.patientHistory.useOfSubstances.tobaccoUse.periodAndQuantity.quantity","EHDSHospitalDischargeReportBody.patientHistory.useOfSubstances.tobaccoUse.periodAndQuantity.quantity","","","",1,1,"","","","Quantity {[]} {[]}
","The number of cigarettes, cigars or grams of rolling tobacco consumed per day, week, month or year.","The number of cigarettes, cigars or grams of rolling tobacco consumed per day, week, month or year.","","","","","","","","","",,,,,"",,,,"EHDSHospitalDischargeReportBody.patientHistory.useOfSubstances.tobaccoUse.periodAndQuantity.quantity",1,1,"",""
"EHDSHospitalDischargeReportBody.patientHistory.useOfSubstances.tobaccoUse.comment","EHDSHospitalDischargeReportBody.patientHistory.useOfSubstances.tobaccoUse.comment","","","",0,1,"","","","string {[]} {[]}
","Textual comment.","Textual comment.","","","","","","","","","",,,,,"",,,,"EHDSHospitalDischargeReportBody.patientHistory.useOfSubstances.tobaccoUse.comment",0,1,"",""
"EHDSHospitalDischargeReportBody.patientHistory.useOfSubstances.drugConsumption","EHDSHospitalDischargeReportBody.patientHistory.useOfSubstances.drugConsumption","","","",0,*,"","","","Base {[]} {[]}
","Consumption of drugs and other substances (in terms of abuse).","Consumption of drugs and other substances (in terms of abuse).","","","","","","","","","",,,,,"",,,,"EHDSHospitalDischargeReportBody.patientHistory.useOfSubstances.drugConsumption",0,*,"",""
"EHDSHospitalDischargeReportBody.patientHistory.useOfSubstances.drugConsumption.status","EHDSHospitalDischargeReportBody.patientHistory.useOfSubstances.drugConsumption.status","","","",0,1,"","","","CodeableConcept {[]} {[]}
","The status of the patient’s drug consumption.","The status of the patient’s drug consumption.","","","","","","","","","",,"preferred","SNOMED CT","","",,,,"EHDSHospitalDischargeReportBody.patientHistory.useOfSubstances.drugConsumption.status",0,1,"",""
"EHDSHospitalDischargeReportBody.patientHistory.useOfSubstances.drugConsumption.periodAndQuantity","EHDSHospitalDischargeReportBody.patientHistory.useOfSubstances.drugConsumption.periodAndQuantity","","","",0,1,"","","","Base {[]} {[]}
","Period of use and amount (The extent of the patient’s drug use in units per time period.)","Period of use and amount (The extent of the patient’s drug use in units per time period.)","","","","","","","","","",,,,,"",,,,"EHDSHospitalDischargeReportBody.patientHistory.useOfSubstances.drugConsumption.periodAndQuantity",0,1,"",""
"EHDSHospitalDischargeReportBody.patientHistory.useOfSubstances.drugConsumption.periodAndQuantity.period","EHDSHospitalDischargeReportBody.patientHistory.useOfSubstances.drugConsumption.periodAndQuantity.period","","","",0,1,"","","","Period {[]} {[]}
","Time period of drug use.","Time period of drug use.","","","","","","","","","",,,,,"",,,,"EHDSHospitalDischargeReportBody.patientHistory.useOfSubstances.drugConsumption.periodAndQuantity.period",0,1,"",""
"EHDSHospitalDischargeReportBody.patientHistory.useOfSubstances.drugConsumption.periodAndQuantity.quantity","EHDSHospitalDischargeReportBody.patientHistory.useOfSubstances.drugConsumption.periodAndQuantity.quantity","","","",1,1,"","","","Quantity {[]} {[]}
","The number of units (pills, joints, shots etc.) per day, week, month, or year; or the frequency of use.","The number of units (pills, joints, shots etc.) per day, week, month, or year; or the frequency of use.","","","","","","","","","",,,,,"",,,,"EHDSHospitalDischargeReportBody.patientHistory.useOfSubstances.drugConsumption.periodAndQuantity.quantity",1,1,"",""
"EHDSHospitalDischargeReportBody.patientHistory.useOfSubstances.drugConsumption.periodAndQuantity.drugOrMedicationType","EHDSHospitalDischargeReportBody.patientHistory.useOfSubstances.drugConsumption.periodAndQuantity.drugOrMedicationType","","","",0,1,"","","","CodeableConcept {[]} {[]}
","Drug or medication type","Drug or medication type","","","","","","","","","",,"preferred","SNOMED CT","","",,,,"EHDSHospitalDischargeReportBody.patientHistory.useOfSubstances.drugConsumption.periodAndQuantity.drugOrMedicationType",0,1,"",""
"EHDSHospitalDischargeReportBody.patientHistory.useOfSubstances.drugConsumption.periodAndQuantity.routeOfAdministration","EHDSHospitalDischargeReportBody.patientHistory.useOfSubstances.drugConsumption.periodAndQuantity.routeOfAdministration","","","",0,*,"","","","CodeableConcept {[]} {[]}
","Route or routes of administration ","Route or routes of administration","","","","","","","","","",,"preferred","EDQM","","",,,,"EHDSHospitalDischargeReportBody.patientHistory.useOfSubstances.drugConsumption.periodAndQuantity.routeOfAdministration",0,*,"",""
"EHDSHospitalDischargeReportBody.patientHistory.useOfSubstances.drugConsumption.comment","EHDSHospitalDischargeReportBody.patientHistory.useOfSubstances.drugConsumption.comment","","","",0,1,"","","","string {[]} {[]}
","Textual comment.","Textual comment.","","","","","","","","","",,,,,"",,,,"EHDSHospitalDischargeReportBody.patientHistory.useOfSubstances.drugConsumption.comment",0,1,"",""
"EHDSHospitalDischargeReportBody.courseOfHospitalisation","EHDSHospitalDischargeReportBody.courseOfHospitalisation","","","",1,1,"","","","Base {[]} {[]}
","Course of hospital stay.","Course of hospital stay.","","","","","","","","","",,,,,"",,,,"EHDSHospitalDischargeReportBody.courseOfHospitalisation",1,1,"",""
"EHDSHospitalDischargeReportBody.courseOfHospitalisation.diagnosticSummary","EHDSHospitalDischargeReportBody.courseOfHospitalisation.diagnosticSummary","","","",1,1,"","","","Base {[]} {[]}
","Diagnostic summary. All problems/diagnoses that affect care during the inpatient case or are important to be recorded to ensure continuity of care. The diagnostic summary differentiates, in accordance with the international recommendation, between problems treated during hospital stay and other (untreated) problems. Treated problems are problems that were the subject of diagnostics, therapy, nursing, or (continuous) monitoring during the hospitalisation. Furthermore problems could be divided into three categories: problems present on admission (POA), conditions acquired during hospital stay (HAC) and problems that cannot be classified as being of any of the two (N/A). The diagnostic summary contains all conditions as they were recognised at the end of hospitalisation, after all examinations. This section contains concise, well specified, codeable, summary of problems. Problems are ordered by importance (main problems first) during hospital stay. Description of the problem might be completed with additional details in the medical history section and/or in the Synthesis section.","Diagnostic summary. All problems/diagnoses that affect care during the inpatient case or are important to be recorded to ensure continuity of care. The diagnostic summary differentiates, in accordance with the international recommendation, between problems treated during hospital stay and other (untreated) problems. Treated problems are problems that were the subject of diagnostics, therapy, nursing, or (continuous) monitoring during the hospitalisation. Furthermore problems could be divided into three categories: problems present on admission (POA), conditions acquired during hospital stay (HAC) and problems that cannot be classified as being of any of the two (N/A). The diagnostic summary contains all conditions as they were recognised at the end of hospitalisation, after all examinations. This section contains concise, well specified, codeable, summary of problems. Problems are ordered by importance (main problems first) during hospital stay. Description of the problem might be completed with additional details in the medical history section and/or in the Synthesis section.","","","","","","","","","",,,,,"",,,,"EHDSHospitalDischargeReportBody.courseOfHospitalisation.diagnosticSummary",1,1,"",""
"EHDSHospitalDischargeReportBody.courseOfHospitalisation.diagnosticSummary.problemDescription","EHDSHospitalDischargeReportBody.courseOfHospitalisation.diagnosticSummary.problemDescription","","","",0,1,"","","","string {[]} {[]}
","Problem specification in narrative form.","Problem specification in narrative form.","","","","","","","","","",,,,,"",,,,"EHDSHospitalDischargeReportBody.courseOfHospitalisation.diagnosticSummary.problemDescription",0,1,"",""
"EHDSHospitalDischargeReportBody.courseOfHospitalisation.diagnosticSummary.problemDetails","EHDSHospitalDischargeReportBody.courseOfHospitalisation.diagnosticSummary.problemDetails","","","",0,*,"","","","https://www.xt-ehr.eu/specifications/fhir/StructureDefinition/EHDSConditionHdr {[]} {[]}
","Problem details include code that identifies problem, specification of the body structure, laterality, and other aspects of the problem.","Problem details include code that identifies problem, specification of the body structure, laterality, and other aspects of the problem.","","","","","","","","","",,,,,"",,,,"EHDSHospitalDischargeReportBody.courseOfHospitalisation.diagnosticSummary.problemDetails",0,*,"",""
"EHDSHospitalDischargeReportBody.courseOfHospitalisation.significantProcedures","EHDSHospitalDischargeReportBody.courseOfHospitalisation.significantProcedures","","","",0,1,"","","","Base {[]} {[]}
","Significant procedures section","Significant surgical and non-surgical procedures performed during hospitalisation which are significant for continuity of care, e.g. surgeries and other ""instrumental"" interventions (endoscopic, intravascular), chemotherapy, radiotherapy, purification methods (dialysis, hemoperfusion), circulation support methods (counterpulsation, etc.), administration of blood derivatives or others. This section does not include purely diagnostic procedures (MRI, CT, etc.). If no significant performance has been performed, this fact must be explicitly stated using the IPS Absent and Unknown Data.","","","","","","","","","",,,,,"",,,,"EHDSHospitalDischargeReportBody.courseOfHospitalisation.significantProcedures",0,1,"",""
"EHDSHospitalDischargeReportBody.courseOfHospitalisation.significantProcedures.subsectionNarrative","EHDSHospitalDischargeReportBody.courseOfHospitalisation.significantProcedures.subsectionNarrative","","","",0,1,"","","","string {[]} {[]}
","Narrative content of the section. This narrative shell containing either summary narrative description of all subsections, or similar narrative subsection elements should be provided.","Narrative content of the section. This narrative shell containing either summary narrative description of all subsections, or similar narrative subsection elements should be provided.","","","","","","","","","",,,,,"",,,,"EHDSHospitalDischargeReportBody.courseOfHospitalisation.significantProcedures.subsectionNarrative",0,1,"",""
"EHDSHospitalDischargeReportBody.courseOfHospitalisation.significantProcedures.procedureEntry","EHDSHospitalDischargeReportBody.courseOfHospitalisation.significantProcedures.procedureEntry","","","",0,*,"","","","https://www.xt-ehr.eu/specifications/fhir/StructureDefinition/EHDSProcedure {[]} {[]}
","Structured procedure entry.","Structured procedure entry.","","","","","","","","","",,,,,"",,,,"EHDSHospitalDischargeReportBody.courseOfHospitalisation.significantProcedures.procedureEntry",0,*,"",""
"EHDSHospitalDischargeReportBody.courseOfHospitalisation.medicalDevicesAndImplantsSection","EHDSHospitalDischargeReportBody.courseOfHospitalisation.medicalDevicesAndImplantsSection","","","",1,1,"","","","Base {[]} {[]}
","Medical devices and implants section","Implants and used medical devices that affected or may affect the provision of health services (diagnosis and treatment). Also medical devices explanted, or its use was stopped during hospitalisation. If the section is blank, the reason must be explicitly stated using the IPS Absent and Unknown Data coding system","","","","","","","","","",,,,,"",,,,"EHDSHospitalDischargeReportBody.courseOfHospitalisation.medicalDevicesAndImplantsSection",1,1,"",""
"EHDSHospitalDischargeReportBody.courseOfHospitalisation.medicalDevicesAndImplantsSection.subsectionNarrative","EHDSHospitalDischargeReportBody.courseOfHospitalisation.medicalDevicesAndImplantsSection.subsectionNarrative","","","",0,1,"","","","string {[]} {[]}
","Narrative content of the section. This narrative shell containing either summary narrative description of all subsections, or similar narrative subsection elements should be provided.","Narrative content of the section. This narrative shell containing either summary narrative description of all subsections, or similar narrative subsection elements should be provided.","","","","","","","","","",,,,,"",,,,"EHDSHospitalDischargeReportBody.courseOfHospitalisation.medicalDevicesAndImplantsSection.subsectionNarrative",0,1,"",""
"EHDSHospitalDischargeReportBody.courseOfHospitalisation.medicalDevicesAndImplantsSection.medicalDevicesAndImplants","EHDSHospitalDischargeReportBody.courseOfHospitalisation.medicalDevicesAndImplantsSection.medicalDevicesAndImplants","","","",1,*,"","","","https://www.xt-ehr.eu/specifications/fhir/StructureDefinition/EHDSDeviceUse {[]} {[]}
","Medical devices and implants","Medical devices and implants","","","","","","","","","",,,,,"",,,,"EHDSHospitalDischargeReportBody.courseOfHospitalisation.medicalDevicesAndImplantsSection.medicalDevicesAndImplants",1,*,"",""
"EHDSHospitalDischargeReportBody.courseOfHospitalisation.pharmacotherapySection","EHDSHospitalDischargeReportBody.courseOfHospitalisation.pharmacotherapySection","","","",0,1,"","","","Base {[]} {[]}
","Pharmacotherapy section","Selected drug treatment during hospitalisation. Medicinal products that were administered during hospitalisation and whose administration has already been discontinued before discharge. Only products which are important for continuity of care (antibiotics other than completely routine, corticosteroids in high doses, etc.) will be listed. Products which administration will continue after discharge will be also recorder in the Medication summary section.Medicinal products, the administration of which was started during hospitalisation, but is also recommended after discharge, will be listed in the summary table in the recommendation section.","","","","","","","","","",,,,,"",,,,"EHDSHospitalDischargeReportBody.courseOfHospitalisation.pharmacotherapySection",0,1,"",""
"EHDSHospitalDischargeReportBody.courseOfHospitalisation.pharmacotherapySection.subsectionNarrative","EHDSHospitalDischargeReportBody.courseOfHospitalisation.pharmacotherapySection.subsectionNarrative","","","",0,1,"","","","string {[]} {[]}
","Narrative content of the section. This narrative shell containing either summary narrative description of all subsections, or similar narrative subsection elements should be provided.","Narrative content of the section. This narrative shell containing either summary narrative description of all subsections, or similar narrative subsection elements should be provided.","","","","","","","","","",,,,,"",,,,"EHDSHospitalDischargeReportBody.courseOfHospitalisation.pharmacotherapySection.subsectionNarrative",0,1,"",""
"EHDSHospitalDischargeReportBody.courseOfHospitalisation.pharmacotherapySection.pharmacotherapy","EHDSHospitalDischargeReportBody.courseOfHospitalisation.pharmacotherapySection.pharmacotherapy","","","",0,*,"","","","https://www.xt-ehr.eu/specifications/fhir/StructureDefinition/EHDSMedicationStatement {[]} {[]}
","Pharmacotherapy structured entry.","Pharmacotherapy structured entry.","","","","","","","","","",,,,,"",,,,"EHDSHospitalDischargeReportBody.courseOfHospitalisation.pharmacotherapySection.pharmacotherapy",0,*,"",""
"EHDSHospitalDischargeReportBody.courseOfHospitalisation.significantObservationResults","EHDSHospitalDischargeReportBody.courseOfHospitalisation.significantObservationResults","","","",0,1,"","","","Base {[]} {[]}
","Significant Observation Results","Results of significant functional, diagnostic, and imaging examinations to ensure continuity of care, performed during hospitalisation. Results of examinations ordered but not yet delivered should be presented separately from results already delivered.","","","","","","","","","",,,,,"",,,,"EHDSHospitalDischargeReportBody.courseOfHospitalisation.significantObservationResults",0,1,"",""
"EHDSHospitalDischargeReportBody.courseOfHospitalisation.significantObservationResults.subsectionNarrative","EHDSHospitalDischargeReportBody.courseOfHospitalisation.significantObservationResults.subsectionNarrative","","","",0,1,"","","","string {[]} {[]}
","Narrative content of the section. This narrative shell containing either summary narrative description of all subsections, or similar narrative subsection elements should be provided.","Narrative content of the section. This narrative shell containing either summary narrative description of all subsections, or similar narrative subsection elements should be provided.","","","","","","","","","",,,,,"",,,,"EHDSHospitalDischargeReportBody.courseOfHospitalisation.significantObservationResults.subsectionNarrative",0,1,"",""
"EHDSHospitalDischargeReportBody.courseOfHospitalisation.significantObservationResults.significantObservationResult[x]","EHDSHospitalDischargeReportBody.courseOfHospitalisation.significantObservationResults.significantObservationResult[x]","","","",0,*,"","","","https://www.xt-ehr.eu/specifications/fhir/StructureDefinition/EHDSObservation {[]} {[]}
https://www.xt-ehr.eu/specifications/fhir/StructureDefinition/EHDSLaboratoryObservation {[]} {[]}","Significant Observation Result","Structured significant observation entry.","","","","","","","","","",,,,,"",,,,"EHDSHospitalDischargeReportBody.courseOfHospitalisation.significantObservationResults.significantObservationResult[x]",0,*,"",""
"EHDSHospitalDischargeReportBody.courseOfHospitalisation.synthesis","EHDSHospitalDischargeReportBody.courseOfHospitalisation.synthesis","","","",1,1,"","","","Base {[]} {[]}
","Synthesis","This section provides clinical synthesis (e.g. description of reasons and course of hospital stay) clustered by managed conditions, Clinical synthesis may include clinical reasoning (differential diagnostics, explanation of clinical context) in clinically complex conditions.","","","","","","","","","",,,,,"",,,,"EHDSHospitalDischargeReportBody.courseOfHospitalisation.synthesis",1,1,"",""
"EHDSHospitalDischargeReportBody.courseOfHospitalisation.synthesis.problemSynthesis","EHDSHospitalDischargeReportBody.courseOfHospitalisation.synthesis.problemSynthesis","","","",1,*,"","","","string {[]} {[]}
","Summary description of the reason and course of hospitalisation for a specific problem.","Summary description of the reason and course of hospitalisation for a specific problem.","","","","","","","","","",,,,,"",,,,"EHDSHospitalDischargeReportBody.courseOfHospitalisation.synthesis.problemSynthesis",1,*,"",""
"EHDSHospitalDischargeReportBody.courseOfHospitalisation.synthesis.clinicalReasoning","EHDSHospitalDischargeReportBody.courseOfHospitalisation.synthesis.clinicalReasoning","","","",0,1,"","","","string {[]} {[]}
","Clinical reasoning","The clinical summary can be concluded with a clinical consideration (diff. diagnosis, explanation of context, etc.) for clinically complex conditions.","","","","","","","","","",,,,,"",,,,"EHDSHospitalDischargeReportBody.courseOfHospitalisation.synthesis.clinicalReasoning",0,1,"",""
"EHDSHospitalDischargeReportBody.dischargeDetails","EHDSHospitalDischargeReportBody.dischargeDetails","","","",1,1,"","","","Base {[]} {[]}
","Discharge details","Structured information should be provided, however if not available, at least a section narrative should be present.","","","","","","","","","",,,,,"",,,,"EHDSHospitalDischargeReportBody.dischargeDetails",1,1,"",""
"EHDSHospitalDischargeReportBody.dischargeDetails.sectionNarrative","EHDSHospitalDischargeReportBody.dischargeDetails.sectionNarrative","","","",0,1,"","","","string {[]} {[]}
","Narrative content of the section. This narrative shell containing either summary narrative description of all subsections, or similar narrative sub-section elements should be provided.","Narrative content of the section. This narrative shell containing either summary narrative description of all subsections, or similar narrative sub-section elements should be provided.","","","","","","","","","",,,,,"",,,,"EHDSHospitalDischargeReportBody.dischargeDetails.sectionNarrative",0,1,"",""
"EHDSHospitalDischargeReportBody.dischargeDetails.objectiveFindings","EHDSHospitalDischargeReportBody.dischargeDetails.objectiveFindings","","","",0,1,"","","","Base {[]} {[]}
","Objective findings","Sub-section with objective findings.","","","","","","","","","",,,,,"",,,,"EHDSHospitalDischargeReportBody.dischargeDetails.objectiveFindings",0,1,"",""
"EHDSHospitalDischargeReportBody.dischargeDetails.objectiveFindings.dateAndTime","EHDSHospitalDischargeReportBody.dischargeDetails.objectiveFindings.dateAndTime","","","",0,1,"","","","dateTime {[]} {[]}
","Date and time of the examination","Date and time of the examination","","","","","","","","","",,,,,"",,,,"EHDSHospitalDischargeReportBody.dischargeDetails.objectiveFindings.dateAndTime",0,1,"",""
"EHDSHospitalDischargeReportBody.dischargeDetails.objectiveFindings.performer","EHDSHospitalDischargeReportBody.dischargeDetails.objectiveFindings.performer","","","",0,*,"","","","https://www.xt-ehr.eu/specifications/fhir/StructureDefinition/EHDSHealthProfessional {[]} {[]}
","Originator/author. Provides provenance information about the source of the results data that may have not originated with the source of the whole document.","Originator/author. Provides provenance information about the source of the results data that may have not originated with the source of the whole document.","","","","","","","","","",,,,,"",,,,"EHDSHospitalDischargeReportBody.dischargeDetails.objectiveFindings.performer",0,*,"",""
"EHDSHospitalDischargeReportBody.dischargeDetails.objectiveFindings.sectionNarrative","EHDSHospitalDischargeReportBody.dischargeDetails.objectiveFindings.sectionNarrative","","","",0,1,"","","","string {[]} {[]}
","Narrative content of the section. This narrative shell containing either summary narrative description of all subsections, or similar narrative sub-section elements should be provided.","Narrative content of the section. This narrative shell containing either summary narrative description of all subsections, or similar narrative sub-section elements should be provided.","","","","","","","","","",,,,,"",,,,"EHDSHospitalDischargeReportBody.dischargeDetails.objectiveFindings.sectionNarrative",0,1,"",""
"EHDSHospitalDischargeReportBody.dischargeDetails.objectiveFindings.anthropometricObservations","EHDSHospitalDischargeReportBody.dischargeDetails.objectiveFindings.anthropometricObservations","","","",0,*,"","","","https://www.xt-ehr.eu/specifications/fhir/StructureDefinition/EHDSObservation {[]} {[]}
","Anthropometric observations","Observation of Body weight and height of the patient, BMI, circumference of head, waist, hip, limbs and skin fold thickness. Result of the observation includes text, numeric and coded results of the measurement including measurement units.","","","","","","","","","",,,,,"",,,,"EHDSHospitalDischargeReportBody.dischargeDetails.objectiveFindings.anthropometricObservations",0,*,"",""
"EHDSHospitalDischargeReportBody.dischargeDetails.objectiveFindings.vitalSigns","EHDSHospitalDischargeReportBody.dischargeDetails.objectiveFindings.vitalSigns","","","",0,*,"","","","https://www.xt-ehr.eu/specifications/fhir/StructureDefinition/EHDSObservation {[]} {[]}
","Vital signs","Vital signs observation:•Required: Pulse rate, respiratory rate, systolic and diastolic blood preasure with site information•Optional: 02 saturation","","","","","","","","","",,,,,"",,,,"EHDSHospitalDischargeReportBody.dischargeDetails.objectiveFindings.vitalSigns",0,*,"",""
"EHDSHospitalDischargeReportBody.dischargeDetails.objectiveFindings.physicalExamination","EHDSHospitalDischargeReportBody.dischargeDetails.objectiveFindings.physicalExamination","","","",0,*,"","","","https://www.xt-ehr.eu/specifications/fhir/StructureDefinition/EHDSObservation {[]} {[]}
","Physical examination","Physical examination is the process of evaluating objective anatomical findings. It is typically the first diagnostic measure performed after taking the patient's history, which allows an initial assessment of symptoms and is useful for determining the differential diagnoses and further steps. Physical examination can be performed through observation, palpation, percussion, and auscultation.","","","","","","","","","",,,,,"",,,,"EHDSHospitalDischargeReportBody.dischargeDetails.objectiveFindings.physicalExamination",0,*,"",""
"EHDSHospitalDischargeReportBody.dischargeDetails.functionalStatus","EHDSHospitalDischargeReportBody.dischargeDetails.functionalStatus","","","",0,1,"","","","Base {[]} {[]}
","Functional status","Functional status can be assessed in several different ways, usually with a focus on the person’s abilities to perform basic activities of daily living (ADL), which include basic self-care such as bathing, feeding, and toileting and instrumental activities of daily living (IADL), which includes activities such as cooking, shopping, and managing one’s own affairs.For details see: https://paciowg.github.io/functional-status-ig/","","","","","","","","","",,,,,"",,,,"EHDSHospitalDischargeReportBody.dischargeDetails.functionalStatus",0,1,"",""
"EHDSHospitalDischargeReportBody.dischargeDetails.functionalStatus.dateAndTime","EHDSHospitalDischargeReportBody.dischargeDetails.functionalStatus.dateAndTime","","","",0,1,"","","","dateTime {[]} {[]}
","Date and time of the examination","Date and time of the examination","","","","","","","","","",,,,,"",,,,"EHDSHospitalDischargeReportBody.dischargeDetails.functionalStatus.dateAndTime",0,1,"",""
"EHDSHospitalDischargeReportBody.dischargeDetails.functionalStatus.performer","EHDSHospitalDischargeReportBody.dischargeDetails.functionalStatus.performer","","","",0,*,"","","","https://www.xt-ehr.eu/specifications/fhir/StructureDefinition/EHDSHealthProfessional {[]} {[]}
","Originator/author. Provides provenance information about the source of the results data that may have not originated with the source of the whole document.","Originator/author. Provides provenance information about the source of the results data that may have not originated with the source of the whole document.","","","","","","","","","",,,,,"",,,,"EHDSHospitalDischargeReportBody.dischargeDetails.functionalStatus.performer",0,*,"",""
"EHDSHospitalDischargeReportBody.dischargeDetails.functionalStatus.sectionNarrative","EHDSHospitalDischargeReportBody.dischargeDetails.functionalStatus.sectionNarrative","","","",0,1,"","","","string {[]} {[]}
","Narrative content of the section.","Narrative content of the section.","","","","","","","","","",,,,,"",,,,"EHDSHospitalDischargeReportBody.dischargeDetails.functionalStatus.sectionNarrative",0,1,"",""
"EHDSHospitalDischargeReportBody.dischargeDetails.functionalStatus.functionalStatusAssessment","EHDSHospitalDischargeReportBody.dischargeDetails.functionalStatus.functionalStatusAssessment","","","",0,*,"","","","https://www.xt-ehr.eu/specifications/fhir/StructureDefinition/EHDSFunctionalStatus {[]} {[]}
","Functional status assessment","Formalized assessment of the patient's functional status according to the individual assessment categories of the selected assessment system (e.g. WHO-ICF)","","","","","","","","","",,,,,"",,,,"EHDSHospitalDischargeReportBody.dischargeDetails.functionalStatus.functionalStatusAssessment",0,*,"",""
"EHDSHospitalDischargeReportBody.medicationSummary","EHDSHospitalDischargeReportBody.medicationSummary","","","",0,1,"","","","Base {[]} {[]}
","Medication summary. Summary information on the medication recommended for the period after discharge, indicating whether the medication is changed or newly started. Compared to previous practices, the overview is supplemented with medication that has been discontinued.","Medication summary. Summary information on the medication recommended for the period after discharge, indicating whether the medication is changed or newly started. Compared to previous practices, the overview is supplemented with medication that has been discontinued.","","","","","","","","","",,,,,"",,,,"EHDSHospitalDischargeReportBody.medicationSummary",0,1,"",""
"EHDSHospitalDischargeReportBody.medicationSummary.sectionNarrative","EHDSHospitalDischargeReportBody.medicationSummary.sectionNarrative","","","",0,1,"","","","string {[]} {[]}
","Narrative content of the section. This narrative shell containing either summary narrative description of all subsections, or similar narrative sub-section elements should be provided.","Narrative content of the section. This narrative shell containing either summary narrative description of all subsections, or similar narrative sub-section elements should be provided.","","","","","","","","","",,,,,"",,,,"EHDSHospitalDischargeReportBody.medicationSummary.sectionNarrative",0,1,"",""
"EHDSHospitalDischargeReportBody.medicationSummary.medicationDetails","EHDSHospitalDischargeReportBody.medicationSummary.medicationDetails","","","",0,*,"","","","https://www.xt-ehr.eu/specifications/fhir/StructureDefinition/EHDSMedicationStatement {[]} {[]}
","Medication details","Structured medication entry.","","","","","","","","","",,,,,"",,,,"EHDSHospitalDischargeReportBody.medicationSummary.medicationDetails",0,*,"",""
"EHDSHospitalDischargeReportBody.carePlanAndOtherRecommendationsAfterDischarge","EHDSHospitalDischargeReportBody.carePlanAndOtherRecommendationsAfterDischarge","","","",0,*,"","","","Base {[]} {[]}
","Care plan and other recommendations after discharge.","Care plan and other recommendations after discharge section.","","","","","","","","","",,,,,"",,,,"EHDSHospitalDischargeReportBody.carePlanAndOtherRecommendationsAfterDischarge",0,*,"",""
"EHDSHospitalDischargeReportBody.carePlanAndOtherRecommendationsAfterDischarge.sectionNarrative","EHDSHospitalDischargeReportBody.carePlanAndOtherRecommendationsAfterDischarge.sectionNarrative","","","",0,1,"","","","string {[]} {[]}
","Narrative content of the section. This narrative shell containing either summary narrative description of all subsections, or similar narrative sub-section elements should be provided.","Narrative content of the section. This narrative shell containing either summary narrative description of all subsections, or similar narrative sub-section elements should be provided.","","","","","","","","","",,,,,"",,,,"EHDSHospitalDischargeReportBody.carePlanAndOtherRecommendationsAfterDischarge.sectionNarrative",0,1,"",""
"EHDSHospitalDischargeReportBody.carePlanAndOtherRecommendationsAfterDischarge.carePlan","EHDSHospitalDischargeReportBody.carePlanAndOtherRecommendationsAfterDischarge.carePlan","","","",0,*,"","","","https://www.xt-ehr.eu/specifications/fhir/StructureDefinition/EHDSCarePlan {[]} {[]}
","Structured care plan after discharge. Multiple care plans could be provided.","Structured care plan after discharge. Multiple care plans could be provided.","","","","","","","","","",,,,,"",,,,"EHDSHospitalDischargeReportBody.carePlanAndOtherRecommendationsAfterDischarge.carePlan",0,*,"",""
"EHDSHospitalDischargeReportBody.carePlanAndOtherRecommendationsAfterDischarge.otherRecommendations","EHDSHospitalDischargeReportBody.carePlanAndOtherRecommendationsAfterDischarge.otherRecommendations","","","",0,*,"","","","string {[]} {[]}
","Other recommendations (advice) after discharge. E.g., recommendation to suggest hip replacement, reduce number of cigarettes, stop smoking, increase physical exercises, etc.","Other recommendations (advice) after discharge. E.g., recommendation to suggest hip replacement, reduce number of cigarettes, stop smoking, increase physical exercises, etc.","","","","","","","","","",,,,,"",,,,"EHDSHospitalDischargeReportBody.carePlanAndOtherRecommendationsAfterDischarge.otherRecommendations",0,*,"",""
