"Id","Path","Slice Name","Alias(s)","Label","Min","Max","Must Support?","Is Modifier?","Is Summary?","Type(s)","Short","Definition","Comments","Requirements","Default Value","Meaning When Missing","Fixed Value","Pattern","Example","Minimum Value","Maximum Value","Maximum Length","Binding Strength","Binding Description","Binding Value Set","Code","Slicing Discriminator","Slicing Description","Slicing Ordered","Slicing Rules","Base Path","Base Min","Base Max","Condition(s)","Constraint(s)","Mapping: RIM Mapping"
"EHDSMedicationPrescriptionHeader","EHDSMedicationPrescriptionHeader","","","",0,*,"","","","null {[]} {[]}
","Medication prescription header model","Logical model for medication prescription header.","","","","","","","","","",,,,,"",,,,"Base",0,*,"","","n/a"
"EHDSMedicationPrescriptionHeader.subject","EHDSMedicationPrescriptionHeader.subject","","","",1,1,"","","","https://www.xt-ehr.eu/specifications/fhir/StructureDefinition/EHDSPatient {[]} {[]}
","The person for whom the medication is prescribed/ordered","Question: would we want to add basic Patient model?","No change (Patient model will be common for all use cases)","","","","","","","","",,,,,"",,,,"EHDSMedicationPrescriptionHeader.subject",1,1,"",""
"EHDSMedicationPrescriptionHeader.identifier","EHDSMedicationPrescriptionHeader.identifier","","","",1,*,"","","","Identifier {[]} {[]}
","Business identifier(s) for the prescription","Business identifier(s) for the prescription","No change","","","","","","","","",,,,,"",,,,"EHDSMedicationPrescriptionHeader.identifier",1,*,"",""
"EHDSMedicationPrescriptionHeader.author","EHDSMedicationPrescriptionHeader.author","","","",1,1,"","","","https://www.xt-ehr.eu/specifications/fhir/StructureDefinition/EHDSHealthProfessional {[]} {[]}
","The prescriber, the person who made the prescription, and who takes the responsibility of the treatment","Question: would we want to add basic Practicioner model?","No change","","","","","","","","",,,,,"",,,,"EHDSMedicationPrescriptionHeader.author",1,1,"",""
"EHDSMedicationPrescriptionHeader.issueDate","EHDSMedicationPrescriptionHeader.issueDate","","","",1,1,"","","","dateTime {[]} {[]}
","Time of issuing (signing) the prescription by health care practicioner","Time of issuing (signing) the prescription by health care practicioner","No change","","","","","","","","",,,,,"",,,,"EHDSMedicationPrescriptionHeader.issueDate",1,1,"",""
"EHDSMedicationPrescriptionHeader.recorder","EHDSMedicationPrescriptionHeader.recorder","","","",0,1,"","","","https://www.xt-ehr.eu/specifications/fhir/StructureDefinition/EHDSHealthProfessional {[]} {[]}
","The recorder of the prescription/draft in the information system","The recorder of the prescription/draft in the information system","Added. Not relevant for crossborder.","","","","","","","","",,,,,"",,,,"EHDSMedicationPrescriptionHeader.recorder",0,1,"",""
"EHDSMedicationPrescriptionHeader.recordingDate","EHDSMedicationPrescriptionHeader.recordingDate","","","",0,1,"","","","dateTime {[]} {[]}
","Time of authoring the prescription/draft in the information system","Time of authoring the prescription/draft in the information system","Added. Not relevant for crossborder.","","","","","","","","",,,,,"",,,,"EHDSMedicationPrescriptionHeader.recordingDate",0,1,"",""
