"Id","Path","Slice Name","Alias(s)","Label","Min","Max","Must Support?","Is Modifier?","Is Summary?","Type(s)","Short","Definition","Comments","Requirements","Default Value","Meaning When Missing","Fixed Value","Pattern","Example","Minimum Value","Maximum Value","Maximum Length","Binding Strength","Binding Description","Binding Value Set","Code","Slicing Discriminator","Slicing Description","Slicing Ordered","Slicing Rules","Base Path","Base Min","Base Max","Condition(s)","Constraint(s)","Mapping: RIM Mapping"
"EHDSMedicationPrescription","EHDSMedicationPrescription","","","",0,*,"","","","null {[]} {[]}
","Medication prescription model","Logical model for medication prescription. A prescription contains one or more prescription items.","","","","","","","","","",,,,,"",,,,"Base",0,*,"","","n/a"
"EHDSMedicationPrescription.header","EHDSMedicationPrescription.header","","","",1,1,"","","","Base {[]} {[]}
","Prescription header","Prescription header data elements","","","","","","","","","",,,,,"",,,,"EHDSDataSet.header",1,1,"",""
"EHDSMedicationPrescription.header.subject","EHDSMedicationPrescription.header.subject","","","",1,1,"","","","https://www.xt-ehr.eu/specifications/fhir/StructureDefinition/EHDSPatient {[]} {[]}
","The person for whom the medication is prescribed/ordered. [Used for searching]","Patient/subject information","","","","","","","","","",,,,,"",,,,"EHDSDataSet.header.subject",1,1,"",""
"EHDSMedicationPrescription.header.identifier","EHDSMedicationPrescription.header.identifier","","","",0,*,"","","","Identifier {[]} {[]}
","Business identifier(s) for the prescription. [Used for searching]","Business identifier for the object","","","","","","","","","",,,,,"",,,,"EHDSDataSet.header.identifier",0,*,"",""
"EHDSMedicationPrescription.header.authorship","EHDSMedicationPrescription.header.authorship","","","",1,*,"","","","Base {[]} {[]}
","Resource authoring details","Resource authoring details","","","","","","","","","",,,,,"",,,,"EHDSDataSet.header.authorship",1,*,"",""
"EHDSMedicationPrescription.header.authorship.author[x]","EHDSMedicationPrescription.header.authorship.author[x]","","","",1,1,"","","","https://www.xt-ehr.eu/specifications/fhir/StructureDefinition/EHDSHealthProfessional {[]} {[]}
https://www.xt-ehr.eu/specifications/fhir/StructureDefinition/EHDSOrganisation {[]} {[]}https://www.xt-ehr.eu/specifications/fhir/StructureDefinition/EHDSDevice {[]} {[]}","The prescriber, the person who made the prescription, and who takes the responsibility of the treatment. [Used for searching]","Author(s) by whom the resource was/were authored. Multiple authors could be provided.","","","","","","","","","",,,,,"",,,,"EHDSDataSet.header.authorship.author[x]",1,1,"",""
"EHDSMedicationPrescription.header.authorship.datetime","EHDSMedicationPrescription.header.authorship.datetime","","","",1,1,"","","","dateTime {[]} {[]}
","Time of issuing (signing) the prescription by health care professional. [Used for searching]","Date and time of authoring/issuing","","","","","","","","","",,,,,"",,,,"EHDSDataSet.header.authorship.datetime",1,1,"",""
"EHDSMedicationPrescription.header.lastUpdate","EHDSMedicationPrescription.header.lastUpdate","","","",0,1,"","","","dateTime {[]} {[]}
","Date and time of the last update to the resource (may be used for technical corrections).","Date and time of the last update to the resource (may be used for technical corrections).","","","","","","","","","",,,,,"",,,,"EHDSDataSet.header.lastUpdate",0,1,"",""
"EHDSMedicationPrescription.header.status","EHDSMedicationPrescription.header.status","","","",1,1,"","","","CodeableConcept {[]} {[]}
","Status of authorisation to dispense of the prescription item, this should not be status of treatment. For multiple-item prescription, the aggregate status of the whole prescription is stated using EHDSMedicationPrescription.header.status. For single-item prescription, the prescriptionItem.status shall be the same as EHDSMedicationPrescription.header.status. [Used for searching]","Status of the resource or document","","","","","","","","","",,,,,"",,,,"EHDSDataSet.header.status",1,1,"",""
"EHDSMedicationPrescription.header.statusReason[x]","EHDSMedicationPrescription.header.statusReason[x]","","","",0,1,"","","","CodeableConcept {[]} {[]}
string {[]} {[]}","Reason for the current status of prescription, for example the reason why the prescription was made invalid or why the prescription was changed from previous","Reason for the current status of the resource.","","","","","","","","","",,,,,"",,,,"EHDSDataSet.header.statusReason[x]",0,1,"",""
"EHDSMedicationPrescription.header.language","EHDSMedicationPrescription.header.language","","","",0,1,"","","","CodeableConcept {[]} {[]}
","Language in which the resource is written. Language is expressed by the IETF language tag.","Language in which the resource is written. Language is expressed by the IETF language tag.","","","","","","","","","",,"preferred","BCP 47","","",,,,"EHDSDataSet.header.language",0,1,"",""
"EHDSMedicationPrescription.header.recorder","EHDSMedicationPrescription.header.recorder","","","",0,1,"","","","https://www.xt-ehr.eu/specifications/fhir/StructureDefinition/EHDSHealthProfessional {[]} {[]}
","The recorder of the prescription/draft in the information system","The recorder of the prescription/draft in the information system","","","","","","","","","",,,,,"",,,,"EHDSMedicationPrescription.header.recorder",0,1,"",""
"EHDSMedicationPrescription.header.recordingDate","EHDSMedicationPrescription.header.recordingDate","","","",0,1,"","","","dateTime {[]} {[]}
","Time of authoring the prescription/draft in the information system","Time of authoring the prescription/draft in the information system","","","","","","","","","",,,,,"",,,,"EHDSMedicationPrescription.header.recordingDate",0,1,"",""
"EHDSMedicationPrescription.header.validFrom","EHDSMedicationPrescription.header.validFrom","","","",0,1,"","","","dateTime {[]} {[]}
","Effective date of the prescription. The prescription is not dispensable before this date. In most cases this information repeats issueDate. [Used for searching]","Effective date of the prescription. The prescription is not dispensable before this date. In most cases this information repeats issueDate. [Used for searching]","","","","","","","","","",,,,,"",,,,"EHDSMedicationPrescription.header.validFrom",0,1,"",""
"EHDSMedicationPrescription.header.validUntil","EHDSMedicationPrescription.header.validUntil","","","",0,1,"","","","dateTime {[]} {[]}
","The validity period end date. The prescription is not dispensable after this date. [Used for searching]","The validity period end date. The prescription is not dispensable after this date. [Used for searching]","","","","","","","","","",,,,,"",,,,"EHDSMedicationPrescription.header.validUntil",0,1,"",""
"EHDSMedicationPrescription.presentedForm","EHDSMedicationPrescription.presentedForm","","","",0,*,"","","","https://www.xt-ehr.eu/specifications/fhir/StructureDefinition/EHDSAttachment {[]} {[]}
","Entire prescription as issued. Various formats could be provided, PDF format is recommended.","Entire prescription as issued. Various formats could be provided, PDF format is recommended.","","","","","","","","","",,,,,"",,,,"EHDSMedicationPrescription.presentedForm",0,*,"",""
"EHDSMedicationPrescription.comment","EHDSMedicationPrescription.comment","","","",0,*,"","","","string {[]} {[]}
","Additional information or comments","Additional information or comments","","","","","","","","","",,,,,"",,,,"EHDSMedicationPrescription.comment",0,*,"",""
"EHDSMedicationPrescription.prescriptionItem","EHDSMedicationPrescription.prescriptionItem","","","",1,*,"","","","Base {[]} {[]}
","Prescription line for one medication. In many countries, only one item is allowed. In case multiple medications are allowed, all lines need to be authored together.","Prescription line for one medication. In many countries, only one item is allowed. In case multiple medications are allowed, all lines need to be authored together.","","","","","","","","","",,,,,"",,,,"EHDSMedicationPrescription.prescriptionItem",1,*,"",""
"EHDSMedicationPrescription.prescriptionItem.identifier","EHDSMedicationPrescription.prescriptionItem.identifier","","","",0,1,"","","","Identifier {[]} {[]}
","Identifier for a single item on prescription, if exists. In case of single-item prescription, this identifier is typically the same as prescription identifier.","Identifier for a single item on prescription, if exists. In case of single-item prescription, this identifier is typically the same as prescription identifier.","","","","","","","","","",,,,,"",,,,"EHDSMedicationPrescription.prescriptionItem.identifier",0,1,"",""
"EHDSMedicationPrescription.prescriptionItem.category","EHDSMedicationPrescription.prescriptionItem.category","","","",0,*,"","","","CodeableConcept {[]} {[]}
","Category or categories of prescription. For example type of reimbursement, or type of prescription (e.g. hospital, private, etc).","Category or categories of prescription. For example type of reimbursement, or type of prescription (e.g. hospital, private, etc).","","","","","","","","","",,,,,"",,,,"EHDSMedicationPrescription.prescriptionItem.category",0,*,"",""
"EHDSMedicationPrescription.prescriptionItem.medication","EHDSMedicationPrescription.prescriptionItem.medication","","","",1,1,"","","","https://www.xt-ehr.eu/specifications/fhir/StructureDefinition/EHDSMedication {[]} {[]}
","Prescribed product, branded, generic, virtual, extemporal, etc","Prescribed product, branded, generic, virtual, extemporal, etc","","","","","","","","","",,,,,"",,,,"EHDSMedicationPrescription.prescriptionItem.medication",1,1,"",""
"EHDSMedicationPrescription.prescriptionItem.indication[x]","EHDSMedicationPrescription.prescriptionItem.indication[x]","","","",0,*,"","","","CodeableConcept {[]} {[]}
https://www.xt-ehr.eu/specifications/fhir/StructureDefinition/EHDSCondition {[]} {[]}","Reason for the prescription (typically diagnosis, or a procedure)","Reason for the prescription (typically diagnosis, or a procedure)","","","","","","","","","",,,,,"",,,,"EHDSMedicationPrescription.prescriptionItem.indication[x]",0,*,"",""
"EHDSMedicationPrescription.prescriptionItem.indicationText","EHDSMedicationPrescription.prescriptionItem.indicationText","","","",0,1,"","","","string {[]} {[]}
","Reason for the prescription in textual form. This might not be allowed by some implementations.","Reason for the prescription in textual form. This might not be allowed by some implementations.","","","","","","","","","",,,,,"",,,,"EHDSMedicationPrescription.prescriptionItem.indicationText",0,1,"",""
"EHDSMedicationPrescription.prescriptionItem.intendedUseType","EHDSMedicationPrescription.prescriptionItem.intendedUseType","","","",0,1,"","","","CodeableConcept {[]} {[]}
","Intent of the prescription - prophylaxis, treatment, anesthesia, etc","Intent of the prescription - prophylaxis, treatment, anesthesia, etc","","","","","","","","","",,,,,"",,,,"EHDSMedicationPrescription.prescriptionItem.intendedUseType",0,1,"",""
"EHDSMedicationPrescription.prescriptionItem.periodOfUse","EHDSMedicationPrescription.prescriptionItem.periodOfUse","","","",0,1,"","","","Period {[]} {[]}
","Period over which the medication is to be taken (in case of multiple dosaging schemes, this would be the overall period of all dosages.)","Period over which the medication is to be taken (in case of multiple dosaging schemes, this would be the overall period of all dosages.)","","","","","","","","","",,,,,"",,,,"EHDSMedicationPrescription.prescriptionItem.periodOfUse",0,1,"",""
"EHDSMedicationPrescription.prescriptionItem.quantityPrescribed","EHDSMedicationPrescription.prescriptionItem.quantityPrescribed","","","",0,1,"","","","Quantity {[]} {[]}
","Overall quantity of prescribed product (e.g number of packages or number of tablets).","Overall quantity of prescribed product (e.g number of packages or number of tablets).","","","","","","","","","",,"preferred","UCUM, EDQM Standard Terms","","",,,,"EHDSMedicationPrescription.prescriptionItem.quantityPrescribed",0,1,"",""
"EHDSMedicationPrescription.prescriptionItem.dosageInstructions","EHDSMedicationPrescription.prescriptionItem.dosageInstructions","","","",0,*,"","","","https://www.xt-ehr.eu/specifications/fhir/StructureDefinition/EHDSDosaging {[]} {[]}
","Dosaging and administration instructions","Dosaging and administration instructions","","","","","","","","","",,,,,"",,,,"EHDSMedicationPrescription.prescriptionItem.dosageInstructions",0,*,"",""
"EHDSMedicationPrescription.prescriptionItem.preparationInstructions","EHDSMedicationPrescription.prescriptionItem.preparationInstructions","","","",0,1,"","","","string {[]} {[]}
","Additional instructions about preparation or dispense","Additional instructions about preparation or dispense","","","","","","","","","",,,,,"",,,,"EHDSMedicationPrescription.prescriptionItem.preparationInstructions",0,1,"",""
"EHDSMedicationPrescription.prescriptionItem.substitution","EHDSMedicationPrescription.prescriptionItem.substitution","","","",0,1,"","","","Base {[]} {[]}
","Whether and which type of substitution is allowed for this medication treatment item","Whether and which type of substitution is allowed for this medication treatment item","","","","","","","","","",,,,,"",,,,"EHDSMedicationPrescription.prescriptionItem.substitution",0,1,"",""
"EHDSMedicationPrescription.prescriptionItem.substitution.allowed[x]","EHDSMedicationPrescription.prescriptionItem.substitution.allowed[x]","","","",0,1,"","","","boolean {[]} {[]}
CodeableConcept {[]} {[]}","Whether and to what extent substitution is allowed.","Whether and to what extent substitution is allowed.","","","","","","","","","",,,,,"",,,,"EHDSMedicationPrescription.prescriptionItem.substitution.allowed[x]",0,1,"",""
"EHDSMedicationPrescription.prescriptionItem.substitution.reason[x]","EHDSMedicationPrescription.prescriptionItem.substitution.reason[x]","","","",0,1,"","","","CodeableConcept {[]} {[]}
string {[]} {[]}","Reason for the substitution requirement (e.g. Biological product, Patient allergic to an excipient in alternative products, etc)","Reason for the substitution requirement (e.g. Biological product, Patient allergic to an excipient in alternative products, etc)","","","","","","","","","",,,,,"",,,,"EHDSMedicationPrescription.prescriptionItem.substitution.reason[x]",0,1,"",""
"EHDSMedicationPrescription.prescriptionItem.status","EHDSMedicationPrescription.prescriptionItem.status","","","",1,1,"","","","CodeableConcept {[]} {[]}
","Status of a single item of a multi-item prescription. In case of single-item prescriptions, the status of prescription has the same meaning as the status of the item.","Status of a single item of a multi-item prescription. In case of single-item prescriptions, the status of prescription has the same meaning as the status of the item.","","","","","","","","","",,,,,"",,,,"EHDSMedicationPrescription.prescriptionItem.status",1,1,"",""
"EHDSMedicationPrescription.prescriptionItem.statusReason[x]","EHDSMedicationPrescription.prescriptionItem.statusReason[x]","","","",0,1,"","","","CodeableConcept {[]} {[]}
string {[]} {[]}","Reason for the current status of prescription, for example the reason why the prescription was made invalid or why the prescription was changed from previous","Reason for the current status of prescription, for example the reason why the prescription was made invalid or why the prescription was changed from previous","","","","","","","","","",,,,,"",,,,"EHDSMedicationPrescription.prescriptionItem.statusReason[x]",0,1,"",""
"EHDSMedicationPrescription.prescriptionItem.repeatsAllowed","EHDSMedicationPrescription.prescriptionItem.repeatsAllowed","","","",0,1,"","","","integer {[]} {[]}
","Number of refills authorized","How many times the prescription item can be dispensed in addition to the original dispense.","","","","","","","","","",,,,,"",,,,"EHDSMedicationPrescription.prescriptionItem.repeatsAllowed",0,1,"",""
"EHDSMedicationPrescription.prescriptionItem.minimumDispenseInterval","EHDSMedicationPrescription.prescriptionItem.minimumDispenseInterval","","","",0,1,"","","","Quantity {[]} {[]}
","Minimum Dispense Interval","If a prescription allows for repeated dispensations, the interval between dispensations shall be stated here.","","","","","","","","","",,,,,"",,,,"EHDSMedicationPrescription.prescriptionItem.minimumDispenseInterval",0,1,"",""
"EHDSMedicationPrescription.prescriptionItem.offLabel","EHDSMedicationPrescription.prescriptionItem.offLabel","","","",0,1,"","","","Base {[]} {[]}
","Indicates that the prescriber has knowingly prescribed the medication for an indication, age group, dosage, or route of administration that is not approved by the regulatory agencies and is not mentioned in the prescribing information for the drug","Indicates that the prescriber has knowingly prescribed the medication for an indication, age group, dosage, or route of administration that is not approved by the regulatory agencies and is not mentioned in the prescribing information for the drug","","","","","","","","","",,,,,"",,,,"EHDSMedicationPrescription.prescriptionItem.offLabel",0,1,"",""
"EHDSMedicationPrescription.prescriptionItem.offLabel.isOffLabelUse","EHDSMedicationPrescription.prescriptionItem.offLabel.isOffLabelUse","","","",1,1,"","","","boolean {[]} {[]}
","Indicates off-label use. Must be 'true' when .reason is provided.","Indicates off-label use. Must be 'true' when .reason is provided.","","","","","","","","","",,,,,"",,,,"EHDSMedicationPrescription.prescriptionItem.offLabel.isOffLabelUse",1,1,"",""
"EHDSMedicationPrescription.prescriptionItem.offLabel.reason[x]","EHDSMedicationPrescription.prescriptionItem.offLabel.reason[x]","","","",0,*,"","","","CodeableConcept {[]} {[]}
string {[]} {[]}","Reason or related clarification for off-label use","Reason or related clarification for off-label use","","","","","","","","","",,,,,"",,,,"EHDSMedicationPrescription.prescriptionItem.offLabel.reason[x]",0,*,"",""
"EHDSMedicationPrescription.prescriptionItem.comment","EHDSMedicationPrescription.prescriptionItem.comment","","","",0,*,"","","","string {[]} {[]}
","Additional information or comments","Additional information or comments","","","","","","","","","",,,,,"",,,,"EHDSMedicationPrescription.prescriptionItem.comment",0,*,"",""
