[
  {
    "id" : "eu.ehds.models",
    "type" : "ImplementationGuide",
    "url" : "https://www.xt-ehr.eu/specifications/fhir/ImplementationGuide/eu.ehds.models",
    "version" : "0.1.0",
    "name" : "EHDSModels"
  },
  {
    "id" : "ANY",
    "type" : "StructureDefinition",
    "url" : "https://www.xt-ehr.eu/specifications/fhir/StructureDefinition/ANY",
    "version" : "0.1.0",
    "name" : "ANY"
  },
  {
    "id" : "Coded",
    "type" : "StructureDefinition",
    "url" : "https://www.xt-ehr.eu/specifications/fhir/StructureDefinition/Coded",
    "version" : "0.1.0",
    "name" : "Coded"
  },
  {
    "id" : "EHDSAddress",
    "type" : "StructureDefinition",
    "url" : "https://www.xt-ehr.eu/specifications/fhir/StructureDefinition/EHDSAddress",
    "version" : "0.1.0",
    "name" : "EHDSAddress"
  },
  {
    "id" : "EHDSAlertFlag",
    "type" : "StructureDefinition",
    "url" : "https://www.xt-ehr.eu/specifications/fhir/StructureDefinition/EHDSAlertFlag",
    "version" : "0.1.0",
    "name" : "EHDSAlertFlag"
  },
  {
    "id" : "EHDSAllergyIntolerance",
    "type" : "StructureDefinition",
    "url" : "https://www.xt-ehr.eu/specifications/fhir/StructureDefinition/EHDSAllergyIntolerance",
    "version" : "0.1.0",
    "name" : "EHDSAllergyIntolerance"
  },
  {
    "id" : "EHDSAppointment",
    "type" : "StructureDefinition",
    "url" : "https://www.xt-ehr.eu/specifications/fhir/StructureDefinition/EHDSAppointment",
    "version" : "0.1.0",
    "name" : "EHDSAppointment"
  },
  {
    "id" : "EHDSAttachment",
    "type" : "StructureDefinition",
    "url" : "https://www.xt-ehr.eu/specifications/fhir/StructureDefinition/EHDSAttachment",
    "version" : "0.1.0",
    "name" : "EHDSAttachment"
  },
  {
    "id" : "EHDSAttachments",
    "type" : "StructureDefinition",
    "url" : "https://www.xt-ehr.eu/specifications/fhir/StructureDefinition/EHDSAttachments",
    "version" : "0.1.0",
    "name" : "EHDSAttachments"
  },
  {
    "id" : "EHDSCarePlan",
    "type" : "StructureDefinition",
    "url" : "https://www.xt-ehr.eu/specifications/fhir/StructureDefinition/EHDSCarePlan",
    "version" : "0.1.0",
    "name" : "EHDSCarePlan"
  },
  {
    "id" : "EHDSClinicalImpression",
    "type" : "StructureDefinition",
    "url" : "https://www.xt-ehr.eu/specifications/fhir/StructureDefinition/EHDSClinicalImpression",
    "version" : "0.1.0",
    "name" : "EHDSClinicalImpression"
  },
  {
    "id" : "EHDSCommonHeader",
    "type" : "StructureDefinition",
    "url" : "https://www.xt-ehr.eu/specifications/fhir/StructureDefinition/EHDSCommonHeader",
    "version" : "0.1.0",
    "name" : "EHDSCommonHeader"
  },
  {
    "id" : "EHDSCondition",
    "type" : "StructureDefinition",
    "url" : "https://www.xt-ehr.eu/specifications/fhir/StructureDefinition/EHDSCondition",
    "version" : "0.1.0",
    "name" : "EHDSCondition"
  },
  {
    "id" : "EHDSCoverage",
    "type" : "StructureDefinition",
    "url" : "https://www.xt-ehr.eu/specifications/fhir/StructureDefinition/EHDSCoverage",
    "version" : "0.1.0",
    "name" : "EHDSCoverage"
  },
  {
    "id" : "EHDSDataSet",
    "type" : "StructureDefinition",
    "url" : "https://www.xt-ehr.eu/specifications/fhir/StructureDefinition/EHDSDataSet",
    "version" : "0.1.0",
    "name" : "EHDSDataSet"
  },
  {
    "id" : "EHDSDevice",
    "type" : "StructureDefinition",
    "url" : "https://www.xt-ehr.eu/specifications/fhir/StructureDefinition/EHDSDevice",
    "version" : "0.1.0",
    "name" : "EHDSDevice"
  },
  {
    "id" : "EHDSDeviceUse",
    "type" : "StructureDefinition",
    "url" : "https://www.xt-ehr.eu/specifications/fhir/StructureDefinition/EHDSDeviceUse",
    "version" : "0.1.0",
    "name" : "EHDSDeviceUse"
  },
  {
    "id" : "EHDSDispenseDecline",
    "type" : "StructureDefinition",
    "url" : "https://www.xt-ehr.eu/specifications/fhir/StructureDefinition/EHDSDispenseDecline",
    "version" : "0.1.0",
    "name" : "EHDSDispenseDecline"
  },
  {
    "id" : "EHDSDocument",
    "type" : "StructureDefinition",
    "url" : "https://www.xt-ehr.eu/specifications/fhir/StructureDefinition/EHDSDocument",
    "version" : "0.1.0",
    "name" : "EHDSDocument"
  },
  {
    "id" : "EHDSDocumentHeader",
    "type" : "StructureDefinition",
    "url" : "https://www.xt-ehr.eu/specifications/fhir/StructureDefinition/EHDSDocumentHeader",
    "version" : "0.1.0",
    "name" : "EHDSDocumentHeader"
  },
  {
    "id" : "EHDSDosaging",
    "type" : "StructureDefinition",
    "url" : "https://www.xt-ehr.eu/specifications/fhir/StructureDefinition/EHDSDosaging",
    "version" : "0.1.0",
    "name" : "EHDSDosaging"
  },
  {
    "id" : "EHDSEncounter",
    "type" : "StructureDefinition",
    "url" : "https://www.xt-ehr.eu/specifications/fhir/StructureDefinition/EHDSEncounter",
    "version" : "0.1.0",
    "name" : "EHDSEncounter"
  },
  {
    "id" : "EHDSEndpoint",
    "type" : "StructureDefinition",
    "url" : "https://www.xt-ehr.eu/specifications/fhir/StructureDefinition/EHDSEndpoint",
    "version" : "0.1.0",
    "name" : "EHDSEndpoint"
  },
  {
    "id" : "EHDSEpisodeOfCare",
    "type" : "StructureDefinition",
    "url" : "https://www.xt-ehr.eu/specifications/fhir/StructureDefinition/EHDSEpisodeOfCare",
    "version" : "0.1.0",
    "name" : "EHDSEpisodeOfCare"
  },
  {
    "id" : "EHDSFunctionalStatus",
    "type" : "StructureDefinition",
    "url" : "https://www.xt-ehr.eu/specifications/fhir/StructureDefinition/EHDSFunctionalStatus",
    "version" : "0.1.0",
    "name" : "EHDSFunctionalStatus"
  },
  {
    "id" : "EHDSGoal",
    "type" : "StructureDefinition",
    "url" : "https://www.xt-ehr.eu/specifications/fhir/StructureDefinition/EHDSGoal",
    "version" : "0.1.0",
    "name" : "EHDSGoal"
  },
  {
    "id" : "EHDSGroup",
    "type" : "StructureDefinition",
    "url" : "https://www.xt-ehr.eu/specifications/fhir/StructureDefinition/EHDSGroup",
    "version" : "0.1.0",
    "name" : "EHDSGroup"
  },
  {
    "id" : "EHDSHealthProfessional",
    "type" : "StructureDefinition",
    "url" : "https://www.xt-ehr.eu/specifications/fhir/StructureDefinition/EHDSHealthProfessional",
    "version" : "0.1.0",
    "name" : "EHDSHealthProfessional"
  },
  {
    "id" : "EHDSHospitalDischargeReport",
    "type" : "StructureDefinition",
    "url" : "https://www.xt-ehr.eu/specifications/fhir/StructureDefinition/EHDSHospitalDischargeReport",
    "version" : "0.1.0",
    "name" : "EHDSHospitalDischargeReport"
  },
  {
    "id" : "EHDSHospitalDischargeReportBody",
    "type" : "StructureDefinition",
    "url" : "https://www.xt-ehr.eu/specifications/fhir/StructureDefinition/EHDSHospitalDischargeReportBody",
    "version" : "0.1.0",
    "name" : "EHDSHospitalDischargeReportBody"
  },
  {
    "id" : "EHDSHospitalDischargeReportHeader",
    "type" : "StructureDefinition",
    "url" : "https://www.xt-ehr.eu/specifications/fhir/StructureDefinition/EHDSHospitalDischargeReportHeader",
    "version" : "0.1.0",
    "name" : "EHDSHospitalDischargeReportHeader"
  },
  {
    "id" : "EHDSHumanName",
    "type" : "StructureDefinition",
    "url" : "https://www.xt-ehr.eu/specifications/fhir/StructureDefinition/EHDSHumanName",
    "version" : "0.1.0",
    "name" : "EHDSHumanName"
  },
  {
    "id" : "EHDSImagingReport",
    "type" : "StructureDefinition",
    "url" : "https://www.xt-ehr.eu/specifications/fhir/StructureDefinition/EHDSImagingReport",
    "version" : "0.1.0",
    "name" : "EHDSImagingReport"
  },
  {
    "id" : "EHDSImagingReportBody",
    "type" : "StructureDefinition",
    "url" : "https://www.xt-ehr.eu/specifications/fhir/StructureDefinition/EHDSImagingReportBody",
    "version" : "0.1.0",
    "name" : "EHDSImagingReportBody"
  },
  {
    "id" : "EHDSImagingReportHeader",
    "type" : "StructureDefinition",
    "url" : "https://www.xt-ehr.eu/specifications/fhir/StructureDefinition/EHDSImagingReportHeader",
    "version" : "0.1.0",
    "name" : "EHDSImagingReportHeader"
  },
  {
    "id" : "EHDSImagingStudy",
    "type" : "StructureDefinition",
    "url" : "https://www.xt-ehr.eu/specifications/fhir/StructureDefinition/EHDSImagingStudy",
    "version" : "0.1.0",
    "name" : "EHDSImagingStudy"
  },
  {
    "id" : "EHDSImmunization",
    "type" : "StructureDefinition",
    "url" : "https://www.xt-ehr.eu/specifications/fhir/StructureDefinition/EHDSImmunization",
    "version" : "0.1.0",
    "name" : "EHDSImmunization"
  },
  {
    "id" : "EHDSInpatientEncounter",
    "type" : "StructureDefinition",
    "url" : "https://www.xt-ehr.eu/specifications/fhir/StructureDefinition/EHDSInpatientEncounter",
    "version" : "0.1.0",
    "name" : "EHDSInpatientEncounter"
  },
  {
    "id" : "EHDSLaboratoryObservation",
    "type" : "StructureDefinition",
    "url" : "https://www.xt-ehr.eu/specifications/fhir/StructureDefinition/EHDSLaboratoryObservation",
    "version" : "0.1.0",
    "name" : "EHDSLaboratoryObservation"
  },
  {
    "id" : "EHDSLaboratoryOrder",
    "type" : "StructureDefinition",
    "url" : "https://www.xt-ehr.eu/specifications/fhir/StructureDefinition/EHDSLaboratoryOrder",
    "version" : "0.1.0",
    "name" : "EHDSLaboratoryOrder"
  },
  {
    "id" : "EHDSLaboratoryOrderBody",
    "type" : "StructureDefinition",
    "url" : "https://www.xt-ehr.eu/specifications/fhir/StructureDefinition/EHDSLaboratoryOrderBody",
    "version" : "0.1.0",
    "name" : "EHDSLaboratoryOrderBody"
  },
  {
    "id" : "EHDSLaboratoryOrderHeader",
    "type" : "StructureDefinition",
    "url" : "https://www.xt-ehr.eu/specifications/fhir/StructureDefinition/EHDSLaboratoryOrderHeader",
    "version" : "0.1.0",
    "name" : "EHDSLaboratoryOrderHeader"
  },
  {
    "id" : "EHDSLaboratoryReport",
    "type" : "StructureDefinition",
    "url" : "https://www.xt-ehr.eu/specifications/fhir/StructureDefinition/EHDSLaboratoryReport",
    "version" : "0.1.0",
    "name" : "EHDSLaboratoryReport"
  },
  {
    "id" : "EHDSLaboratoryReportBody",
    "type" : "StructureDefinition",
    "url" : "https://www.xt-ehr.eu/specifications/fhir/StructureDefinition/EHDSLaboratoryReportBody",
    "version" : "0.1.0",
    "name" : "EHDSLaboratoryReportBody"
  },
  {
    "id" : "EHDSLaboratoryReportHeader",
    "type" : "StructureDefinition",
    "url" : "https://www.xt-ehr.eu/specifications/fhir/StructureDefinition/EHDSLaboratoryReportHeader",
    "version" : "0.1.0",
    "name" : "EHDSLaboratoryReportHeader"
  },
  {
    "id" : "EHDSLocation",
    "type" : "StructureDefinition",
    "url" : "https://www.xt-ehr.eu/specifications/fhir/StructureDefinition/EHDSLocation",
    "version" : "0.1.0",
    "name" : "EHDSLocation"
  },
  {
    "id" : "EHDSMedia",
    "type" : "StructureDefinition",
    "url" : "https://www.xt-ehr.eu/specifications/fhir/StructureDefinition/EHDSMedia",
    "version" : "0.1.0",
    "name" : "EHDSMedia"
  },
  {
    "id" : "EHDSMedication",
    "type" : "StructureDefinition",
    "url" : "https://www.xt-ehr.eu/specifications/fhir/StructureDefinition/EHDSMedication",
    "version" : "0.1.0",
    "name" : "EHDSMedication"
  },
  {
    "id" : "EHDSMedicationAdministration",
    "type" : "StructureDefinition",
    "url" : "https://www.xt-ehr.eu/specifications/fhir/StructureDefinition/EHDSMedicationAdministration",
    "version" : "0.1.0",
    "name" : "EHDSMedicationAdministration"
  },
  {
    "id" : "EHDSMedicationDispense",
    "type" : "StructureDefinition",
    "url" : "https://www.xt-ehr.eu/specifications/fhir/StructureDefinition/EHDSMedicationDispense",
    "version" : "0.1.0",
    "name" : "EHDSMedicationDispense"
  },
  {
    "id" : "EHDSMedicationPrescription",
    "type" : "StructureDefinition",
    "url" : "https://www.xt-ehr.eu/specifications/fhir/StructureDefinition/EHDSMedicationPrescription",
    "version" : "0.1.0",
    "name" : "EHDSMedicationPrescription"
  },
  {
    "id" : "EHDSObservation",
    "type" : "StructureDefinition",
    "url" : "https://www.xt-ehr.eu/specifications/fhir/StructureDefinition/EHDSObservation",
    "version" : "0.1.0",
    "name" : "EHDSObservation"
  },
  {
    "id" : "EHDSOrganization",
    "type" : "StructureDefinition",
    "url" : "https://www.xt-ehr.eu/specifications/fhir/StructureDefinition/EHDSOrganization",
    "version" : "0.1.0",
    "name" : "EHDSOrganization"
  },
  {
    "id" : "EHDSPatient",
    "type" : "StructureDefinition",
    "url" : "https://www.xt-ehr.eu/specifications/fhir/StructureDefinition/EHDSPatient",
    "version" : "0.1.0",
    "name" : "EHDSPatient"
  },
  {
    "id" : "EHDSPatientSummary",
    "type" : "StructureDefinition",
    "url" : "https://www.xt-ehr.eu/specifications/fhir/StructureDefinition/EHDSPatientSummary",
    "version" : "0.1.0",
    "name" : "EHDSPatientSummary"
  },
  {
    "id" : "EHDSPatientSummaryBody",
    "type" : "StructureDefinition",
    "url" : "https://www.xt-ehr.eu/specifications/fhir/StructureDefinition/EHDSPatientSummaryBody",
    "version" : "0.1.0",
    "name" : "EHDSPatientSummaryBody"
  },
  {
    "id" : "EHDSPatientSummaryHeader",
    "type" : "StructureDefinition",
    "url" : "https://www.xt-ehr.eu/specifications/fhir/StructureDefinition/EHDSPatientSummaryHeader",
    "version" : "0.1.0",
    "name" : "EHDSPatientSummaryHeader"
  },
  {
    "id" : "EHDSProcedure",
    "type" : "StructureDefinition",
    "url" : "https://www.xt-ehr.eu/specifications/fhir/StructureDefinition/EHDSProcedure",
    "version" : "0.1.0",
    "name" : "EHDSProcedure"
  },
  {
    "id" : "EHDSRelatedPerson",
    "type" : "StructureDefinition",
    "url" : "https://www.xt-ehr.eu/specifications/fhir/StructureDefinition/EHDSRelatedPerson",
    "version" : "0.1.0",
    "name" : "EHDSRelatedPerson"
  },
  {
    "id" : "EHDSReportHeader",
    "type" : "StructureDefinition",
    "url" : "https://www.xt-ehr.eu/specifications/fhir/StructureDefinition/EHDSReportHeader",
    "version" : "0.1.0",
    "name" : "EHDSReportHeader"
  },
  {
    "id" : "EHDSServiceRequest",
    "type" : "StructureDefinition",
    "url" : "https://www.xt-ehr.eu/specifications/fhir/StructureDefinition/EHDSServiceRequest",
    "version" : "0.1.0",
    "name" : "EHDSServiceRequest"
  },
  {
    "id" : "EHDSSlot",
    "type" : "StructureDefinition",
    "url" : "https://www.xt-ehr.eu/specifications/fhir/StructureDefinition/EHDSSlot",
    "version" : "0.1.0",
    "name" : "EHDSSlot"
  },
  {
    "id" : "EHDSSpecimen",
    "type" : "StructureDefinition",
    "url" : "https://www.xt-ehr.eu/specifications/fhir/StructureDefinition/EHDSSpecimen",
    "version" : "0.1.0",
    "name" : "EHDSSpecimen"
  },
  {
    "id" : "EHDSSubstance",
    "type" : "StructureDefinition",
    "url" : "https://www.xt-ehr.eu/specifications/fhir/StructureDefinition/EHDSSubstance",
    "version" : "0.1.0",
    "name" : "EHDSSubstance"
  },
  {
    "id" : "EHDSTask",
    "type" : "StructureDefinition",
    "url" : "https://www.xt-ehr.eu/specifications/fhir/StructureDefinition/EHDSTask",
    "version" : "0.1.0",
    "name" : "EHDSTask"
  },
  {
    "id" : "EHDSTelecom",
    "type" : "StructureDefinition",
    "url" : "https://www.xt-ehr.eu/specifications/fhir/StructureDefinition/EHDSTelecom",
    "version" : "0.1.0",
    "name" : "EHDSTelecom"
  }
]
