"Id","Path","Slice Name","Alias(s)","Label","Min","Max","Must Support?","Is Modifier?","Is Summary?","Type(s)","Short","Definition","Comments","Requirements","Default Value","Meaning When Missing","Fixed Value","Pattern","Example","Minimum Value","Maximum Value","Maximum Length","Binding Strength","Binding Description","Binding Value Set","Code","Slicing Discriminator","Slicing Description","Slicing Ordered","Slicing Rules","Base Path","Base Min","Base Max","Condition(s)","Constraint(s)","Mapping: RIM Mapping"
"EHDSBodyStructure","EHDSBodyStructure","","","",0,*,"","","","null {[]} {[]}
","Body structure model","EHDS refined base model for Body structure","","","","","","","","","",,,,,"",,,,"Base",0,*,"","","n/a"
"EHDSBodyStructure.identifier","EHDSBodyStructure.identifier","","","",0,*,"","","","Identifier {[]} {[]}
","Identifier for this instance of the anatomical structure.","Identifier for this instance of the anatomical structure.","","","","","","","","","",,,,,"",,,,"EHDSBodyStructure.identifier",0,*,"",""
"EHDSBodyStructure.morphology","EHDSBodyStructure.morphology","","","",0,1,"","","","CodeableConcept {[]} {[]}
","The kind of structure being represented by the body structure at BodyStructure.location. This can define both normal and abnormal morphologies.","The kind of structure being represented by the body structure at BodyStructure.location. This can define both normal and abnormal morphologies.","","","","","","","","","",,"preferred","SNOMED CT","","",,,,"EHDSBodyStructure.morphology",0,1,"",""
"EHDSBodyStructure.location","EHDSBodyStructure.location","","","",0,1,"","","","CodeableConcept {[]} {[]}
","Body site","Body site","","","","","","","","","",,"preferred","SNOMED CT","","",,,,"EHDSBodyStructure.location",0,1,"",""
"EHDSBodyStructure.locationQualifier","EHDSBodyStructure.locationQualifier","","","",0,*,"","","","CodeableConcept {[]} {[]}
","Additional qualifier of the body structure (e.g. upper, lower, left side).","Additional qualifier of the body structure (e.g. upper, lower, left side).","","","","","","","","","",,"preferred","SNOMED CT","","",,,,"EHDSBodyStructure.locationQualifier",0,*,"",""
"EHDSBodyStructure.laterality","EHDSBodyStructure.laterality","","","",0,1,"","","","CodeableConcept {[]} {[]}
","Body structure laterality (e.g. left, right).","Body structure laterality (e.g. left, right).","","","","","","","","","",,"preferred","SNOMED CT","","",,,,"EHDSBodyStructure.laterality",0,1,"",""
"EHDSBodyStructure.description","EHDSBodyStructure.description","","","",0,1,"","","","string {[]} {[]}
","Textual description of the body structure","Textual description of the body structure","","","","","","","","","",,,,,"",,,,"EHDSBodyStructure.description",0,1,"",""
