{"resourceType":"ImplementationGuide","id":"eu.ehds.models","text":{"status":"generated","div":"<div xmlns=\"http://www.w3.org/1999/xhtml\"><p class=\"res-header-id\"><b>Generated Narrative: ImplementationGuide eu.ehds.models</b></p><a name=\"eu.ehds.models\"> </a><a name=\"hceu.ehds.models\"> </a><h2>EHDSModels</h2><p>The official URL for this implementation guide is: </p><pre>https://www.xt-ehr.eu/specifications/fhir/ImplementationGuide/eu.ehds.models</pre><div><p>EHDS Logical Information Models</p>\n</div></div>"},"url":"https://www.xt-ehr.eu/specifications/fhir/ImplementationGuide/eu.ehds.models","version":"0.1.0","name":"EHDSModels","title":"EHDS Logical Information Models","status":"draft","date":"2025-07-08T13:38:32+00:00","publisher":"Xt-EHR","contact":[{"name":"Xt-EHR","telecom":[{"system":"url","value":"http://Xt-EHR.eu"}]}],"description":"EHDS Logical Information Models","packageId":"eu.ehds.models","license":"CC0-1.0","fhirVersion":["5.0.0"],"dependsOn":[{"id":"hl7tx","extension":[{"url":"http://hl7.org/fhir/tools/StructureDefinition/implementationguide-dependency-comment","valueMarkdown":"Automatically added as a dependency - all IGs depend on HL7 Terminology"}],"uri":"http://terminology.hl7.org/ImplementationGuide/hl7.terminology","packageId":"hl7.terminology.r5","version":"6.5.0"},{"id":"hl7ext","extension":[{"url":"http://hl7.org/fhir/tools/StructureDefinition/implementationguide-dependency-comment","valueMarkdown":"Automatically added as a dependency - all IGs depend on the HL7 Extension Pack"}],"uri":"http://hl7.org/fhir/extensions/ImplementationGuide/hl7.fhir.uv.extensions","packageId":"hl7.fhir.uv.extensions.r5","version":"5.2.0"}],"definition":{"extension":[{"url":"http://hl7.org/fhir/tools/StructureDefinition/ig-internal-dependency","valueCode":"hl7.fhir.uv.tools.r5#0.5.0"}],"grouping":[{"id":"EHDSPsLogicalModels","name":"EHDS Patient Summary Logical Models","description":"Information Models for implementing EEHRxF Patient Summary under EHDS. Format based on ISO 13972 \"Health informatics — Clinical information models — Characteristics, structures and requirements.\""},{"id":"-str-logicalmodel","name":"Structures: Logical Models","description":"These define data models that represent the domain covered by this implementation guide in more business-friendly terms than the underlying FHIR resources."},{"id":"-ex-example","name":"Example: Example Instances","description":"These are example instances that show what data produced and consumed by systems conforming with this implementation guide might look like."}],"resource":[{"extension":[{"url":"http://hl7.org/fhir/tools/StructureDefinition/resource-sort","valueInteger":999999999},{"url":"http://hl7.org/fhir/StructureDefinition/implementationguide-page","valueUri":"StructureDefinition-EHDSPatientSummary.html"}],"reference":{"reference":"StructureDefinition/EHDSPatientSummary"},"name":"Patient summary model","description":"EHDS refined base model for Patient Summary","isExample":false,"groupingId":"EHDSPsLogicalModels"},{"extension":[{"url":"http://hl7.org/fhir/tools/StructureDefinition/resource-sort","valueInteger":999999999},{"url":"http://hl7.org/fhir/StructureDefinition/implementationguide-page","valueUri":"StructureDefinition-EHDSAddress.html"}],"reference":{"reference":"StructureDefinition/EHDSAddress"},"name":"Address model","description":"EHDS refined base model for Address structure","isExample":false,"groupingId":"-str-logicalmodel"},{"extension":[{"url":"http://hl7.org/fhir/tools/StructureDefinition/resource-sort","valueInteger":999999999},{"url":"http://hl7.org/fhir/StructureDefinition/implementationguide-page","valueUri":"StructureDefinition-EHDSAdvanceDirective.html"}],"reference":{"reference":"StructureDefinition/EHDSAdvanceDirective"},"name":"Advance directive model","description":"Healthcare directives concerning life or after life wishes of the patient","isExample":false,"groupingId":"-str-logicalmodel"},{"extension":[{"url":"http://hl7.org/fhir/tools/StructureDefinition/resource-sort","valueInteger":999999999},{"url":"http://hl7.org/fhir/StructureDefinition/implementationguide-page","valueUri":"StructureDefinition-EHDSAlert.html"}],"reference":{"reference":"StructureDefinition/EHDSAlert"},"name":"Alert flag model","description":"Alert flag","isExample":false,"groupingId":"-str-logicalmodel"},{"extension":[{"url":"http://hl7.org/fhir/tools/StructureDefinition/resource-sort","valueInteger":999999999},{"url":"http://hl7.org/fhir/StructureDefinition/implementationguide-page","valueUri":"StructureDefinition-EHDSAllergyIntolerance.html"}],"reference":{"reference":"StructureDefinition/EHDSAllergyIntolerance"},"name":"Allergy intolerance model","description":"EHDS refined base model for allergy/intolerance","isExample":false,"groupingId":"-str-logicalmodel"},{"extension":[{"url":"http://hl7.org/fhir/tools/StructureDefinition/resource-sort","valueInteger":999999999},{"url":"http://hl7.org/fhir/StructureDefinition/implementationguide-page","valueUri":"StructureDefinition-EHDSAppointment.html"}],"reference":{"reference":"StructureDefinition/EHDSAppointment"},"name":"Appointment model","description":"EHDS refined base model for Appointment. This is a simplified model with minimal information - it is not intended to cover the full functionality of booking systems.","isExample":false,"groupingId":"-str-logicalmodel"},{"extension":[{"url":"http://hl7.org/fhir/tools/StructureDefinition/resource-sort","valueInteger":999999999},{"url":"http://hl7.org/fhir/StructureDefinition/implementationguide-page","valueUri":"StructureDefinition-EHDSAttachment.html"}],"reference":{"reference":"StructureDefinition/EHDSAttachment"},"name":"Attachment model","description":"EHDS refined base model for This type is for containing or referencing attachments - additional data content defined in other formats. The most common use of this type is to include images or reports in some report format such as PDF. However, it can be used for any data that has a MIME type.","isExample":false,"groupingId":"-str-logicalmodel"},{"extension":[{"url":"http://hl7.org/fhir/tools/StructureDefinition/resource-sort","valueInteger":999999999},{"url":"http://hl7.org/fhir/StructureDefinition/implementationguide-page","valueUri":"StructureDefinition-EHDSBodyStructure.html"}],"reference":{"reference":"StructureDefinition/EHDSBodyStructure"},"name":"Body structure model","description":"EHDS refined base model for Body structure","isExample":false,"groupingId":"-str-logicalmodel"},{"extension":[{"url":"http://hl7.org/fhir/tools/StructureDefinition/resource-sort","valueInteger":999999999},{"url":"http://hl7.org/fhir/StructureDefinition/implementationguide-page","valueUri":"StructureDefinition-EHDSCarePlan.html"}],"reference":{"reference":"StructureDefinition/EHDSCarePlan"},"name":"Care plan model","description":"EHDS simplified model for care plan. The model includes very minimal information and is not designed to cover the full functionality of care plans.","isExample":false,"groupingId":"-str-logicalmodel"},{"extension":[{"url":"http://hl7.org/fhir/tools/StructureDefinition/resource-sort","valueInteger":999999999},{"url":"http://hl7.org/fhir/StructureDefinition/implementationguide-page","valueUri":"StructureDefinition-EHDSCondition.html"}],"reference":{"reference":"StructureDefinition/EHDSCondition"},"name":"Condition model","description":"Health conditions affecting the health of the patient and are important to be known for a health professional during a health encounter.","isExample":false,"groupingId":"-str-logicalmodel"},{"extension":[{"url":"http://hl7.org/fhir/tools/StructureDefinition/resource-sort","valueInteger":999999999},{"url":"http://hl7.org/fhir/StructureDefinition/implementationguide-page","valueUri":"StructureDefinition-EHDSCoverage.html"}],"reference":{"reference":"StructureDefinition/EHDSCoverage"},"name":"Coverage model","description":"EHDS refined base model for Coverage","isExample":false,"groupingId":"-str-logicalmodel"},{"extension":[{"url":"http://hl7.org/fhir/tools/StructureDefinition/resource-sort","valueInteger":999999999},{"url":"http://hl7.org/fhir/StructureDefinition/implementationguide-page","valueUri":"StructureDefinition-EHDSCurrentPregnancy.html"}],"reference":{"reference":"StructureDefinition/EHDSCurrentPregnancy"},"name":"Current pregnancy status model","description":"Current pregnancy status","isExample":false,"groupingId":"-str-logicalmodel"},{"extension":[{"url":"http://hl7.org/fhir/tools/StructureDefinition/resource-sort","valueInteger":999999999},{"url":"http://hl7.org/fhir/StructureDefinition/implementationguide-page","valueUri":"StructureDefinition-EHDSDataSet.html"}],"reference":{"reference":"StructureDefinition/EHDSDataSet"},"name":"DataSet model","description":"Common elements (including header) for all documents and their independently functioning parts, e.g FHIR resources.","isExample":false,"groupingId":"-str-logicalmodel"},{"extension":[{"url":"http://hl7.org/fhir/tools/StructureDefinition/resource-sort","valueInteger":999999999},{"url":"http://hl7.org/fhir/StructureDefinition/implementationguide-page","valueUri":"StructureDefinition-EHDSDevice.html"}],"reference":{"reference":"StructureDefinition/EHDSDevice"},"name":"Device model","description":"EHDS refined base model for Device information","isExample":false,"groupingId":"-str-logicalmodel"},{"extension":[{"url":"http://hl7.org/fhir/tools/StructureDefinition/resource-sort","valueInteger":999999999},{"url":"http://hl7.org/fhir/StructureDefinition/implementationguide-page","valueUri":"StructureDefinition-EHDSDeviceUse.html"}],"reference":{"reference":"StructureDefinition/EHDSDeviceUse"},"name":"Device use model","description":"EHDS refined base model for device use information","isExample":false,"groupingId":"-str-logicalmodel"},{"extension":[{"url":"http://hl7.org/fhir/tools/StructureDefinition/resource-sort","valueInteger":999999999},{"url":"http://hl7.org/fhir/StructureDefinition/implementationguide-page","valueUri":"StructureDefinition-EHDSDocument.html"}],"reference":{"reference":"StructureDefinition/EHDSDocument"},"name":"Document model","description":"EHDS refined base model for common document data elements, including the common header. Data relevant to document type and its content for administrative and searching purposes.","isExample":false,"groupingId":"-str-logicalmodel"},{"extension":[{"url":"http://hl7.org/fhir/tools/StructureDefinition/resource-sort","valueInteger":999999999},{"url":"http://hl7.org/fhir/StructureDefinition/implementationguide-page","valueUri":"StructureDefinition-EHDSDosaging.html"}],"reference":{"reference":"StructureDefinition/EHDSDosaging"},"name":"Dosaging model","description":"Logical model for usage instructions for administring the requested product. Based on FHIR Dosage complex data type. When implemented, this model may be reduced significantly according to the specific use case.","isExample":false,"groupingId":"-str-logicalmodel"},{"extension":[{"url":"http://hl7.org/fhir/tools/StructureDefinition/resource-sort","valueInteger":999999999},{"url":"http://hl7.org/fhir/StructureDefinition/implementationguide-page","valueUri":"StructureDefinition-EHDSEncounter.html"}],"reference":{"reference":"StructureDefinition/EHDSEncounter"},"name":"Encounter model","description":"C.30 - EHDS refined base model for Encounter","isExample":false,"groupingId":"-str-logicalmodel"},{"extension":[{"url":"http://hl7.org/fhir/tools/StructureDefinition/resource-sort","valueInteger":999999999},{"url":"http://hl7.org/fhir/StructureDefinition/implementationguide-page","valueUri":"StructureDefinition-EHDSEndpoint.html"}],"reference":{"reference":"StructureDefinition/EHDSEndpoint"},"name":"Endpoint model","description":"C.33 - EHDS refined base model for Endpoint","isExample":false,"groupingId":"-str-logicalmodel"},{"extension":[{"url":"http://hl7.org/fhir/tools/StructureDefinition/resource-sort","valueInteger":999999999},{"url":"http://hl7.org/fhir/StructureDefinition/implementationguide-page","valueUri":"StructureDefinition-EHDSEpisodeOfCare.html"}],"reference":{"reference":"StructureDefinition/EHDSEpisodeOfCare"},"name":"Episode of care model","description":"C.29 - EHDS refined base model for Episode of care","isExample":false,"groupingId":"-str-logicalmodel"},{"extension":[{"url":"http://hl7.org/fhir/tools/StructureDefinition/resource-sort","valueInteger":999999999},{"url":"http://hl7.org/fhir/StructureDefinition/implementationguide-page","valueUri":"StructureDefinition-EHDSFunctionalStatus.html"}],"reference":{"reference":"StructureDefinition/EHDSFunctionalStatus"},"name":"Functional status","description":"EHDS refined base model for Functional status","isExample":false,"groupingId":"-str-logicalmodel"},{"extension":[{"url":"http://hl7.org/fhir/tools/StructureDefinition/resource-sort","valueInteger":999999999},{"url":"http://hl7.org/fhir/StructureDefinition/implementationguide-page","valueUri":"StructureDefinition-EHDSHealthProfessional.html"}],"reference":{"reference":"StructureDefinition/EHDSHealthProfessional"},"name":"Health professional model","description":"EHDS refined base model for Health professional (HP)","isExample":false,"groupingId":"-str-logicalmodel"},{"extension":[{"url":"http://hl7.org/fhir/tools/StructureDefinition/resource-sort","valueInteger":999999999},{"url":"http://hl7.org/fhir/StructureDefinition/implementationguide-page","valueUri":"StructureDefinition-EHDSHumanName.html"}],"reference":{"reference":"StructureDefinition/EHDSHumanName"},"name":"Human name model","description":"C.27 - EHDS refined base model for Human name","isExample":false,"groupingId":"-str-logicalmodel"},{"extension":[{"url":"http://hl7.org/fhir/tools/StructureDefinition/resource-sort","valueInteger":999999999},{"url":"http://hl7.org/fhir/StructureDefinition/implementationguide-page","valueUri":"StructureDefinition-EHDSImagingStudy.html"}],"reference":{"reference":"StructureDefinition/EHDSImagingStudy"},"name":"Imaging study model","description":"C.32 - EHDS refined base model for Imaging study","isExample":false,"groupingId":"-str-logicalmodel"},{"extension":[{"url":"http://hl7.org/fhir/tools/StructureDefinition/resource-sort","valueInteger":999999999},{"url":"http://hl7.org/fhir/StructureDefinition/implementationguide-page","valueUri":"StructureDefinition-EHDSImmunisation.html"}],"reference":{"reference":"StructureDefinition/EHDSImmunisation"},"name":"Immunisation model","description":"EHDS refined base model for Immunisation","isExample":false,"groupingId":"-str-logicalmodel"},{"extension":[{"url":"http://hl7.org/fhir/tools/StructureDefinition/resource-sort","valueInteger":999999999},{"url":"http://hl7.org/fhir/StructureDefinition/implementationguide-page","valueUri":"StructureDefinition-EHDSLaboratoryObservation.html"}],"reference":{"reference":"StructureDefinition/EHDSLaboratoryObservation"},"name":"Laboratory observation model","description":"EHDS refined base model for Observation performed by laboratory","isExample":false,"groupingId":"-str-logicalmodel"},{"extension":[{"url":"http://hl7.org/fhir/tools/StructureDefinition/resource-sort","valueInteger":999999999},{"url":"http://hl7.org/fhir/StructureDefinition/implementationguide-page","valueUri":"StructureDefinition-EHDSLocation.html"}],"reference":{"reference":"StructureDefinition/EHDSLocation"},"name":"Location model","description":"EHDS refined base model for Details and position information for a place where services are provided and resources and participants may be stored, found, contained, or accommodated.","isExample":false,"groupingId":"-str-logicalmodel"},{"extension":[{"url":"http://hl7.org/fhir/tools/StructureDefinition/resource-sort","valueInteger":999999999},{"url":"http://hl7.org/fhir/StructureDefinition/implementationguide-page","valueUri":"StructureDefinition-EHDSMedication.html"}],"reference":{"reference":"StructureDefinition/EHDSMedication"},"name":"Medication","description":"Logical model for prescribed/dispensed medication. The model is shared by statements, requests, dispensations, and treatment lines. Each of those may have different restrictions in FHIR profile.","isExample":false,"groupingId":"-str-logicalmodel"},{"extension":[{"url":"http://hl7.org/fhir/tools/StructureDefinition/resource-sort","valueInteger":999999999},{"url":"http://hl7.org/fhir/StructureDefinition/implementationguide-page","valueUri":"StructureDefinition-EHDSMedicationStatement.html"}],"reference":{"reference":"StructureDefinition/EHDSMedicationStatement"},"name":"Medication Statement","description":"Statement about a single medication as part of a medication summary.","isExample":false,"groupingId":"-str-logicalmodel"},{"extension":[{"url":"http://hl7.org/fhir/tools/StructureDefinition/resource-sort","valueInteger":999999999},{"url":"http://hl7.org/fhir/StructureDefinition/implementationguide-page","valueUri":"StructureDefinition-EHDSMedicationAdministration.html"}],"reference":{"reference":"StructureDefinition/EHDSMedicationAdministration"},"name":"Medication administration model","description":"EHDS refined base model for medication administration","isExample":false,"groupingId":"-str-logicalmodel"},{"extension":[{"url":"http://hl7.org/fhir/tools/StructureDefinition/resource-sort","valueInteger":999999999},{"url":"http://hl7.org/fhir/StructureDefinition/implementationguide-page","valueUri":"StructureDefinition-EHDSDispenseDecline.html"}],"reference":{"reference":"StructureDefinition/EHDSDispenseDecline"},"name":"Medication dispense decline model","description":"Explicit statement about declining the dispense request (prescription), usually recorded in order to communicate the issue back to the prescriber. Reasons for declining a dispense may vary, but typically this statement is only sent when a following action is expected on the prescriber’s side (cancelling or changing the problematic prescription or the whole treatment).","isExample":false,"groupingId":"-str-logicalmodel"},{"extension":[{"url":"http://hl7.org/fhir/tools/StructureDefinition/resource-sort","valueInteger":999999999},{"url":"http://hl7.org/fhir/StructureDefinition/implementationguide-page","valueUri":"StructureDefinition-EHDSMedicationDispense.html"}],"reference":{"reference":"StructureDefinition/EHDSMedicationDispense"},"name":"Medication dispense model","description":"Logical model for medication dispensation (based on request or independently)","isExample":false,"groupingId":"-str-logicalmodel"},{"extension":[{"url":"http://hl7.org/fhir/tools/StructureDefinition/resource-sort","valueInteger":999999999},{"url":"http://hl7.org/fhir/StructureDefinition/implementationguide-page","valueUri":"StructureDefinition-EHDSMedicationPrescription.html"}],"reference":{"reference":"StructureDefinition/EHDSMedicationPrescription"},"name":"Medication prescription model","description":"Logical model for medication prescription. A prescription contains one or more prescription items.","isExample":false,"groupingId":"-str-logicalmodel"},{"extension":[{"url":"http://hl7.org/fhir/tools/StructureDefinition/resource-sort","valueInteger":999999999},{"url":"http://hl7.org/fhir/StructureDefinition/implementationguide-page","valueUri":"StructureDefinition-EHDSObservation.html"}],"reference":{"reference":"StructureDefinition/EHDSObservation"},"name":"Observation model","description":"EHDS refined base model for Observation information","isExample":false,"groupingId":"-str-logicalmodel"},{"extension":[{"url":"http://hl7.org/fhir/tools/StructureDefinition/resource-sort","valueInteger":999999999},{"url":"http://hl7.org/fhir/StructureDefinition/implementationguide-page","valueUri":"StructureDefinition-EHDSOrganisation.html"}],"reference":{"reference":"StructureDefinition/EHDSOrganisation"},"name":"Organisation model","description":"C.3 - EHDS refined base model for Health provider or any other type of organisation","isExample":false,"groupingId":"-str-logicalmodel"},{"extension":[{"url":"http://hl7.org/fhir/tools/StructureDefinition/resource-sort","valueInteger":999999999},{"url":"http://hl7.org/fhir/StructureDefinition/implementationguide-page","valueUri":"StructureDefinition-EHDSPatientAnimal.html"}],"reference":{"reference":"StructureDefinition/EHDSPatientAnimal"},"name":"Patient Animal model","description":"C.41 - EHDS refined base model for Patient:Animal","isExample":false,"groupingId":"-str-logicalmodel"},{"extension":[{"url":"http://hl7.org/fhir/tools/StructureDefinition/resource-sort","valueInteger":999999999},{"url":"http://hl7.org/fhir/StructureDefinition/implementationguide-page","valueUri":"StructureDefinition-EHDSPatient.html"}],"reference":{"reference":"StructureDefinition/EHDSPatient"},"name":"Patient model","description":"C.1 - EHDS refined base model for Patient/subject information","isExample":false,"groupingId":"-str-logicalmodel"},{"extension":[{"url":"http://hl7.org/fhir/tools/StructureDefinition/resource-sort","valueInteger":999999999},{"url":"http://hl7.org/fhir/StructureDefinition/implementationguide-page","valueUri":"StructureDefinition-EHDSPregnancyHistory.html"}],"reference":{"reference":"StructureDefinition/EHDSPregnancyHistory"},"name":"Pregnancy history model","description":"Pregnancy history for one pregnancy","isExample":false,"groupingId":"-str-logicalmodel"},{"extension":[{"url":"http://hl7.org/fhir/tools/StructureDefinition/resource-sort","valueInteger":999999999},{"url":"http://hl7.org/fhir/StructureDefinition/implementationguide-page","valueUri":"StructureDefinition-EHDSProcedure.html"}],"reference":{"reference":"StructureDefinition/EHDSProcedure"},"name":"Procedure model","description":"EHDS refined base model for an action that is or was performed on or for a patient","isExample":false,"groupingId":"-str-logicalmodel"},{"extension":[{"url":"http://hl7.org/fhir/tools/StructureDefinition/resource-sort","valueInteger":999999999},{"url":"http://hl7.org/fhir/StructureDefinition/implementationguide-page","valueUri":"StructureDefinition-EHDSRelatedPerson.html"}],"reference":{"reference":"StructureDefinition/EHDSRelatedPerson"},"name":"Related person model","description":"EHDS refined base model for Patient/subject guardian and other related person information","isExample":false,"groupingId":"-str-logicalmodel"},{"extension":[{"url":"http://hl7.org/fhir/tools/StructureDefinition/resource-sort","valueInteger":999999999},{"url":"http://hl7.org/fhir/StructureDefinition/implementationguide-page","valueUri":"StructureDefinition-EHDSServiceRequest.html"}],"reference":{"reference":"StructureDefinition/EHDSServiceRequest"},"name":"Service request model","description":"C.8 - EHDS refined base model for Specification of requested service or services","isExample":false,"groupingId":"-str-logicalmodel"},{"extension":[{"url":"http://hl7.org/fhir/tools/StructureDefinition/resource-sort","valueInteger":999999999},{"url":"http://hl7.org/fhir/StructureDefinition/implementationguide-page","valueUri":"StructureDefinition-EHDSSocialHistory.html"}],"reference":{"reference":"StructureDefinition/EHDSSocialHistory"},"name":"Social history model","description":"EHDS model for social history observations","isExample":false,"groupingId":"-str-logicalmodel"},{"extension":[{"url":"http://hl7.org/fhir/tools/StructureDefinition/resource-sort","valueInteger":999999999},{"url":"http://hl7.org/fhir/StructureDefinition/implementationguide-page","valueUri":"StructureDefinition-EHDSSpecimen.html"}],"reference":{"reference":"StructureDefinition/EHDSSpecimen"},"name":"Specimen model","description":"C.9 - EHDS refined base model for A sample to be used for Analysis","isExample":false,"groupingId":"-str-logicalmodel"},{"extension":[{"url":"http://hl7.org/fhir/tools/StructureDefinition/resource-sort","valueInteger":999999999},{"url":"http://hl7.org/fhir/StructureDefinition/implementationguide-page","valueUri":"StructureDefinition-EHDSSubstance.html"}],"reference":{"reference":"StructureDefinition/EHDSSubstance"},"name":"Substance model","description":"C.28 - EHDS refined base model for Substance","isExample":false,"groupingId":"-str-logicalmodel"},{"extension":[{"url":"http://hl7.org/fhir/tools/StructureDefinition/resource-sort","valueInteger":999999999},{"url":"http://hl7.org/fhir/StructureDefinition/implementationguide-page","valueUri":"StructureDefinition-EHDSTelecom.html"}],"reference":{"reference":"StructureDefinition/EHDSTelecom"},"name":"Telecom model","description":"C.6 - EHDS refined base model for Telecommunication contact information structure","isExample":false,"groupingId":"-str-logicalmodel"},{"extension":[{"url":"http://hl7.org/fhir/tools/StructureDefinition/resource-sort","valueInteger":999999999},{"url":"http://hl7.org/fhir/StructureDefinition/implementationguide-page","valueUri":"StructureDefinition-EHDSTravelHistory.html"}],"reference":{"reference":"StructureDefinition/EHDSTravelHistory"},"name":"Travel history model","description":"Relevant information about the patient's recent travel history, for one visit","isExample":false,"groupingId":"-str-logicalmodel"},{"extension":[{"url":"http://hl7.org/fhir/tools/StructureDefinition/resource-sort","valueInteger":999999999},{"url":"http://hl7.org/fhir/StructureDefinition/implementationguide-page","valueUri":"ActorDefinition-SummaryConsumer.html"}],"reference":{"reference":"ActorDefinition/SummaryConsumer"},"name":"Summary Consumer","description":"This actor consumes a patient summary.","isExample":true,"groupingId":"-ex-example"},{"extension":[{"url":"http://hl7.org/fhir/tools/StructureDefinition/resource-sort","valueInteger":999999999},{"url":"http://hl7.org/fhir/StructureDefinition/implementationguide-page","valueUri":"ActorDefinition-SummaryProvider.html"}],"reference":{"reference":"ActorDefinition/SummaryProvider"},"name":"Summary Provider","description":"This actor provides a patient summary - unsollicited or upon request. It may create the summary or use a previously acquired summary.","isExample":true,"groupingId":"-ex-example"}],"page":{"sourceUrl":"toc.html","name":"toc.html","title":"Table of Contents","generation":"html","page":[{"sourceUrl":"index.html","name":"index.html","title":"Home","generation":"markdown"},{"sourceUrl":"howto.html","name":"howto.html","title":"How to read this guide","generation":"markdown"},{"sourceUrl":"knownIssues.html","name":"knownIssues.html","title":"Known issues","generation":"markdown"},{"sourceUrl":"scope.html","name":"scope.html","title":"Scope and Content","generation":"markdown"},{"sourceUrl":"wow.html","name":"wow.html","title":"Ways of working","generation":"markdown"},{"sourceUrl":"useCasePrescription.html","name":"useCasePrescription.html","title":"ePrescription & eDispensation","generation":"markdown"},{"sourceUrl":"useCasePatientSummary.html","name":"useCasePatientSummary.html","title":"Patient Summary","generation":"markdown"},{"sourceUrl":"useCaseLabReport.html","name":"useCaseLabReport.html","title":"Laboratory Report","generation":"markdown"},{"sourceUrl":"obligationsLabReport.html","name":"obligationsLabReport.html","title":"Obligations for Laboratory Report","generation":"markdown"},{"sourceUrl":"useCaseMedicalImages.html","name":"useCaseMedicalImages.html","title":"Medical Images","generation":"markdown"},{"sourceUrl":"useCaseHospitalDischargeReport.html","name":"useCaseHospitalDischargeReport.html","title":"Hospital Discharge Report","generation":"markdown"},{"sourceUrl":"downloads.html","name":"downloads.html","title":"Download","generation":"markdown"},{"sourceUrl":"artifacts.html","name":"artifacts.html","title":"Artifacts Summary","generation":"html","page":[{"sourceUrl":"StructureDefinition-EHDSPatientSummary.html","name":"StructureDefinition-EHDSPatientSummary.html","title":"Patient summary model","generation":"generated"},{"sourceUrl":"StructureDefinition-EHDSAddress.html","name":"StructureDefinition-EHDSAddress.html","title":"Address model","generation":"generated"},{"sourceUrl":"StructureDefinition-EHDSAdvanceDirective.html","name":"StructureDefinition-EHDSAdvanceDirective.html","title":"Advance directive model","generation":"generated"},{"sourceUrl":"StructureDefinition-EHDSAlert.html","name":"StructureDefinition-EHDSAlert.html","title":"Alert flag model","generation":"generated"},{"sourceUrl":"StructureDefinition-EHDSAllergyIntolerance.html","name":"StructureDefinition-EHDSAllergyIntolerance.html","title":"Allergy intolerance model","generation":"generated"},{"sourceUrl":"StructureDefinition-EHDSAppointment.html","name":"StructureDefinition-EHDSAppointment.html","title":"Appointment model","generation":"generated"},{"sourceUrl":"StructureDefinition-EHDSAttachment.html","name":"StructureDefinition-EHDSAttachment.html","title":"Attachment model","generation":"generated"},{"sourceUrl":"StructureDefinition-EHDSBodyStructure.html","name":"StructureDefinition-EHDSBodyStructure.html","title":"Body structure model","generation":"generated"},{"sourceUrl":"StructureDefinition-EHDSCarePlan.html","name":"StructureDefinition-EHDSCarePlan.html","title":"Care plan model","generation":"generated"},{"sourceUrl":"StructureDefinition-EHDSCondition.html","name":"StructureDefinition-EHDSCondition.html","title":"Condition model","generation":"generated"},{"sourceUrl":"StructureDefinition-EHDSCoverage.html","name":"StructureDefinition-EHDSCoverage.html","title":"Coverage model","generation":"generated"},{"sourceUrl":"StructureDefinition-EHDSCurrentPregnancy.html","name":"StructureDefinition-EHDSCurrentPregnancy.html","title":"Current pregnancy status model","generation":"generated"},{"sourceUrl":"StructureDefinition-EHDSDataSet.html","name":"StructureDefinition-EHDSDataSet.html","title":"DataSet model","generation":"generated"},{"sourceUrl":"StructureDefinition-EHDSDevice.html","name":"StructureDefinition-EHDSDevice.html","title":"Device model","generation":"generated"},{"sourceUrl":"StructureDefinition-EHDSDeviceUse.html","name":"StructureDefinition-EHDSDeviceUse.html","title":"Device use model","generation":"generated"},{"sourceUrl":"StructureDefinition-EHDSDocument.html","name":"StructureDefinition-EHDSDocument.html","title":"Document model","generation":"generated"},{"sourceUrl":"StructureDefinition-EHDSDosaging.html","name":"StructureDefinition-EHDSDosaging.html","title":"Dosaging model","generation":"generated"},{"sourceUrl":"StructureDefinition-EHDSEncounter.html","name":"StructureDefinition-EHDSEncounter.html","title":"Encounter model","generation":"generated"},{"sourceUrl":"StructureDefinition-EHDSEndpoint.html","name":"StructureDefinition-EHDSEndpoint.html","title":"Endpoint model","generation":"generated"},{"sourceUrl":"StructureDefinition-EHDSEpisodeOfCare.html","name":"StructureDefinition-EHDSEpisodeOfCare.html","title":"Episode of care model","generation":"generated"},{"sourceUrl":"StructureDefinition-EHDSFunctionalStatus.html","name":"StructureDefinition-EHDSFunctionalStatus.html","title":"Functional status","generation":"generated"},{"sourceUrl":"StructureDefinition-EHDSHealthProfessional.html","name":"StructureDefinition-EHDSHealthProfessional.html","title":"Health professional model","generation":"generated"},{"sourceUrl":"StructureDefinition-EHDSHumanName.html","name":"StructureDefinition-EHDSHumanName.html","title":"Human name model","generation":"generated"},{"sourceUrl":"StructureDefinition-EHDSImagingStudy.html","name":"StructureDefinition-EHDSImagingStudy.html","title":"Imaging study model","generation":"generated"},{"sourceUrl":"StructureDefinition-EHDSImmunisation.html","name":"StructureDefinition-EHDSImmunisation.html","title":"Immunisation model","generation":"generated"},{"sourceUrl":"StructureDefinition-EHDSLaboratoryObservation.html","name":"StructureDefinition-EHDSLaboratoryObservation.html","title":"Laboratory observation model","generation":"generated"},{"sourceUrl":"StructureDefinition-EHDSLocation.html","name":"StructureDefinition-EHDSLocation.html","title":"Location model","generation":"generated"},{"sourceUrl":"StructureDefinition-EHDSMedication.html","name":"StructureDefinition-EHDSMedication.html","title":"Medication","generation":"generated"},{"sourceUrl":"StructureDefinition-EHDSMedicationAdministration.html","name":"StructureDefinition-EHDSMedicationAdministration.html","title":"Medication administration model","generation":"generated"},{"sourceUrl":"StructureDefinition-EHDSDispenseDecline.html","name":"StructureDefinition-EHDSDispenseDecline.html","title":"Medication dispense decline model","generation":"generated"},{"sourceUrl":"StructureDefinition-EHDSMedicationDispense.html","name":"StructureDefinition-EHDSMedicationDispense.html","title":"Medication dispense model","generation":"generated"},{"sourceUrl":"StructureDefinition-EHDSMedicationPrescription.html","name":"StructureDefinition-EHDSMedicationPrescription.html","title":"Medication prescription model","generation":"generated"},{"sourceUrl":"StructureDefinition-EHDSMedicationStatement.html","name":"StructureDefinition-EHDSMedicationStatement.html","title":"Medication Statement","generation":"generated"},{"sourceUrl":"StructureDefinition-EHDSObservation.html","name":"StructureDefinition-EHDSObservation.html","title":"Observation model","generation":"generated"},{"sourceUrl":"StructureDefinition-EHDSOrganisation.html","name":"StructureDefinition-EHDSOrganisation.html","title":"Organisation model","generation":"generated"},{"sourceUrl":"StructureDefinition-EHDSPatientAnimal.html","name":"StructureDefinition-EHDSPatientAnimal.html","title":"Patient Animal model","generation":"generated"},{"sourceUrl":"StructureDefinition-EHDSPatient.html","name":"StructureDefinition-EHDSPatient.html","title":"Patient model","generation":"generated"},{"sourceUrl":"StructureDefinition-EHDSPregnancyHistory.html","name":"StructureDefinition-EHDSPregnancyHistory.html","title":"Pregnancy history model","generation":"generated"},{"sourceUrl":"StructureDefinition-EHDSProcedure.html","name":"StructureDefinition-EHDSProcedure.html","title":"Procedure model","generation":"generated"},{"sourceUrl":"StructureDefinition-EHDSRelatedPerson.html","name":"StructureDefinition-EHDSRelatedPerson.html","title":"Related person model","generation":"generated"},{"sourceUrl":"StructureDefinition-EHDSServiceRequest.html","name":"StructureDefinition-EHDSServiceRequest.html","title":"Service request model","generation":"generated"},{"sourceUrl":"StructureDefinition-EHDSSocialHistory.html","name":"StructureDefinition-EHDSSocialHistory.html","title":"Social history model","generation":"generated"},{"sourceUrl":"StructureDefinition-EHDSSpecimen.html","name":"StructureDefinition-EHDSSpecimen.html","title":"Specimen model","generation":"generated"},{"sourceUrl":"StructureDefinition-EHDSSubstance.html","name":"StructureDefinition-EHDSSubstance.html","title":"Substance model","generation":"generated"},{"sourceUrl":"StructureDefinition-EHDSTelecom.html","name":"StructureDefinition-EHDSTelecom.html","title":"Telecom model","generation":"generated"},{"sourceUrl":"StructureDefinition-EHDSTravelHistory.html","name":"StructureDefinition-EHDSTravelHistory.html","title":"Travel history model","generation":"generated"},{"sourceUrl":"ActorDefinition-SummaryConsumer.html","name":"ActorDefinition-SummaryConsumer.html","title":"Summary Consumer","generation":"generated"},{"sourceUrl":"ActorDefinition-SummaryProvider.html","name":"ActorDefinition-SummaryProvider.html","title":"Summary Provider","generation":"generated"}]}]},"parameter":[{"code":{"system":"http://hl7.org/fhir/tools/CodeSystem/ig-parameters","code":"copyrightyear"},"value":"2022+"},{"code":{"system":"http://hl7.org/fhir/tools/CodeSystem/ig-parameters","code":"releaselabel"},"value":"ci-build"},{"code":{"system":"http://hl7.org/fhir/tools/CodeSystem/ig-parameters","code":"produce-jekyll-data"},"value":"true"},{"code":{"system":"http://hl7.org/fhir/tools/CodeSystem/ig-parameters","code":"autoload-resources"},"value":"true"},{"code":{"system":"http://hl7.org/fhir/guide-parameter-code","code":"path-resource"},"value":"input/capabilities"},{"code":{"system":"http://hl7.org/fhir/guide-parameter-code","code":"path-resource"},"value":"input/examples"},{"code":{"system":"http://hl7.org/fhir/guide-parameter-code","code":"path-resource"},"value":"input/extensions"},{"code":{"system":"http://hl7.org/fhir/guide-parameter-code","code":"path-resource"},"value":"input/models"},{"code":{"system":"http://hl7.org/fhir/guide-parameter-code","code":"path-resource"},"value":"input/operations"},{"code":{"system":"http://hl7.org/fhir/guide-parameter-code","code":"path-resource"},"value":"input/profiles"},{"code":{"system":"http://hl7.org/fhir/guide-parameter-code","code":"path-resource"},"value":"input/resources"},{"code":{"system":"http://hl7.org/fhir/guide-parameter-code","code":"path-resource"},"value":"input/vocabulary"},{"code":{"system":"http://hl7.org/fhir/guide-parameter-code","code":"path-resource"},"value":"input/maps"},{"code":{"system":"http://hl7.org/fhir/guide-parameter-code","code":"path-resource"},"value":"input/testing"},{"code":{"system":"http://hl7.org/fhir/guide-parameter-code","code":"path-resource"},"value":"input/history"},{"code":{"system":"http://hl7.org/fhir/guide-parameter-code","code":"path-resource"},"value":"fsh-generated/resources"},{"code":{"system":"http://hl7.org/fhir/guide-parameter-code","code":"path-pages"},"value":"template/config"},{"code":{"system":"http://hl7.org/fhir/guide-parameter-code","code":"path-pages"},"value":"input/images"},{"code":{"system":"http://hl7.org/fhir/tools/CodeSystem/ig-parameters","code":"path-liquid"},"value":"template/liquid"},{"code":{"system":"http://hl7.org/fhir/tools/CodeSystem/ig-parameters","code":"path-liquid"},"value":"input/liquid"},{"code":{"system":"http://hl7.org/fhir/tools/CodeSystem/ig-parameters","code":"path-qa"},"value":"temp/qa"},{"code":{"system":"http://hl7.org/fhir/tools/CodeSystem/ig-parameters","code":"path-temp"},"value":"temp/pages"},{"code":{"system":"http://hl7.org/fhir/tools/CodeSystem/ig-parameters","code":"path-output"},"value":"output"},{"code":{"system":"http://hl7.org/fhir/guide-parameter-code","code":"path-tx-cache"},"value":"input-cache/txcache"},{"code":{"system":"http://hl7.org/fhir/tools/CodeSystem/ig-parameters","code":"path-suppressed-warnings"},"value":"input/ignoreWarnings.txt"},{"code":{"system":"http://hl7.org/fhir/tools/CodeSystem/ig-parameters","code":"path-history"},"value":"https://www.xt-ehr.eu/specifications/fhir/history.html"},{"code":{"system":"http://hl7.org/fhir/tools/CodeSystem/ig-parameters","code":"template-html"},"value":"template-page.html"},{"code":{"system":"http://hl7.org/fhir/tools/CodeSystem/ig-parameters","code":"template-md"},"value":"template-page-md.html"},{"code":{"system":"http://hl7.org/fhir/tools/CodeSystem/ig-parameters","code":"apply-contact"},"value":"true"},{"code":{"system":"http://hl7.org/fhir/tools/CodeSystem/ig-parameters","code":"apply-context"},"value":"true"},{"code":{"system":"http://hl7.org/fhir/tools/CodeSystem/ig-parameters","code":"apply-copyright"},"value":"true"},{"code":{"system":"http://hl7.org/fhir/tools/CodeSystem/ig-parameters","code":"apply-jurisdiction"},"value":"true"},{"code":{"system":"http://hl7.org/fhir/tools/CodeSystem/ig-parameters","code":"apply-license"},"value":"true"},{"code":{"system":"http://hl7.org/fhir/tools/CodeSystem/ig-parameters","code":"apply-publisher"},"value":"true"},{"code":{"system":"http://hl7.org/fhir/tools/CodeSystem/ig-parameters","code":"apply-version"},"value":"true"},{"code":{"system":"http://hl7.org/fhir/tools/CodeSystem/ig-parameters","code":"apply-wg"},"value":"true"},{"code":{"system":"http://hl7.org/fhir/tools/CodeSystem/ig-parameters","code":"active-tables"},"value":"true"},{"code":{"system":"http://hl7.org/fhir/tools/CodeSystem/ig-parameters","code":"fmm-definition"},"value":"http://hl7.org/fhir/versions.html#maturity"},{"code":{"system":"http://hl7.org/fhir/tools/CodeSystem/ig-parameters","code":"propagate-status"},"value":"true"},{"code":{"system":"http://hl7.org/fhir/tools/CodeSystem/ig-parameters","code":"excludelogbinaryformat"},"value":"true"},{"code":{"system":"http://hl7.org/fhir/tools/CodeSystem/ig-parameters","code":"tabbed-snapshots"},"value":"true"}]}}