"Id","Path","Slice Name","Alias(s)","Label","Min","Max","Must Support?","Is Modifier?","Is Summary?","Type(s)","Short","Definition","Comments","Requirements","Default Value","Meaning When Missing","Fixed Value","Pattern","Example","Minimum Value","Maximum Value","Maximum Length","Binding Strength","Binding Description","Binding Value Set","Code","Slicing Discriminator","Slicing Description","Slicing Ordered","Slicing Rules","Base Path","Base Min","Base Max","Condition(s)","Constraint(s)","Mapping: RIM Mapping"
"EHDSHealthProfessional","EHDSHealthProfessional","","","",0,*,"","","","null {[]} {[]}
","Health professional model","C.2 - EHDS refined base model for Health professional (HP) ","","","","","","","","","",,,,,"",,,,"Base",0,*,"","","n/a"
"EHDSHealthProfessional.identifier","EHDSHealthProfessional.identifier","","","",0,*,"","","","Identifier {[]} {[]}
","C.2.1 - Identifier","An identifier of the health professional that is unique within a defined scope. Example: National health professional ID. Multiple identifiers could be provided.","","","","","","","","","",,,,,"",,,,"EHDSHealthProfessional.identifier",0,*,"",""
"EHDSHealthProfessional.name","EHDSHealthProfessional.name","","","",0,1,"","","","https://www.xt-ehr.eu/specifications/fhir/StructureDefinition/EHDSHumanName {[]} {[]}
","C.2.2 - Name","Name of the health professional that has been treating or taking responsibility for the patient.[the structure of the name will be the same as for the patient (given name, family name / surname)]","","","","","","","","","",,,,,"",,,,"EHDSHealthProfessional.name",0,1,"",""
"EHDSHealthProfessional.address","EHDSHealthProfessional.address","","","",0,1,"","","","https://www.xt-ehr.eu/specifications/fhir/StructureDefinition/EHDSAddress {[]} {[]}
","C.2.3 - Address","Mailing and home or office addresses. The addresses are always sequences of address parts (e.g. street address line, country, postcode, city) even if postal address formats may vary depending on the country. An address may or may not include a specific use code; if this attribute is not present it is assumed to be the default address useful for any purpose.","","","","","","","","","",,,,,"",,,,"EHDSHealthProfessional.address",0,1,"",""
"EHDSHealthProfessional.telecom","EHDSHealthProfessional.telecom","","","",0,*,"","","","https://www.xt-ehr.eu/specifications/fhir/StructureDefinition/EHDSTelecom {[]} {[]}
","C.2.4 - Telecom","Telecommunication contact information (addresses) associated with a person, such as phone number, email, or messaging service. Multiple telecommunication addresses might be provided.","","","","","","","","","",,,,,"",,,,"EHDSHealthProfessional.telecom",0,*,"",""
"EHDSHealthProfessional.role","EHDSHealthProfessional.role","","","",0,*,"","","","CodeableConcept {[]} {[]}
","C.2.5 - Role","Health professional role. Multiple roles could be provided.","","","","","","","","","",,"preferred","ISCO, SNOMED CT","","",,,,"EHDSHealthProfessional.role",0,*,"",""
"EHDSHealthProfessional.organization","EHDSHealthProfessional.organization","","","",0,1,"","","","Reference {[]} {[CanonicalType[https://www.xt-ehr.eu/specifications/fhir/StructureDefinition/EHDSOrganization]]}
","C.2.6 - Organization","The organization where this role is available","","","","","","","","","",,,,,"",,,,"EHDSHealthProfessional.organization",0,1,"",""
"EHDSHealthProfessional.specialty","EHDSHealthProfessional.specialty","","","",0,*,"","","","CodeableConcept {[]} {[]}
","C.2.7 - Specialty","The specialty of a practitioner that describes the functional role they are practicing at a given organization","","","","","","","","","",,,,,"",,,,"EHDSHealthProfessional.specialty",0,*,"",""
