"Id","Path","Slice Name","Alias(s)","Label","Min","Max","Must Support?","Is Modifier?","Is Summary?","Type(s)","Short","Definition","Comments","Requirements","Default Value","Meaning When Missing","Fixed Value","Pattern","Example","Minimum Value","Maximum Value","Maximum Length","Binding Strength","Binding Description","Binding Value Set","Code","Slicing Discriminator","Slicing Description","Slicing Ordered","Slicing Rules","Base Path","Base Min","Base Max","Condition(s)","Constraint(s)","Mapping: RIM Mapping"
"EHDSSocialHistory","EHDSSocialHistory","","","",0,*,"","","","null {[]} {[]}
","Social history model","EHDS model for social history observations","","","","","","","","","",,,,,"",,,,"Base",0,*,"","","n/a"
"EHDSSocialHistory.header","EHDSSocialHistory.header","","","",1,1,"","","","Base {[]} {[]}
","Common header for all patient-related data","Common header for all patient-related data","","","","","","","","","",,,,,"",,,,"EHDSDataSet.header",1,1,"",""
"EHDSSocialHistory.header.subject","EHDSSocialHistory.header.subject","","","",1,1,"","","","http://www.xt-ehr.eu/fhir/models/StructureDefinition/EHDSPatient {[]} {[]}
","Patient/subject information","Patient/subject information","","","","","","","","","",,,,,"",,,,"EHDSDataSet.header.subject",1,1,"",""
"EHDSSocialHistory.header.identifier","EHDSSocialHistory.header.identifier","","","",0,*,"","","","Identifier {[]} {[]}
","Business identifier for the object, unique within its system. Supporting disambiguation between different contexts (systems/countries).","Business identifier for the object, unique within its system. Supporting disambiguation between different contexts (systems/countries).","","","","","","","","","",,,,,"",,,,"EHDSDataSet.header.identifier",0,*,"",""
"EHDSSocialHistory.header.authorship","EHDSSocialHistory.header.authorship","","","",1,*,"","","","Base {[]} {[]}
","Resource authoring details. Multiple authors can be provided.","Resource authoring details. Multiple authors can be provided.","","","","","","","","","",,,,,"",,,,"EHDSDataSet.header.authorship",1,*,"",""
"EHDSSocialHistory.header.authorship.author[x]","EHDSSocialHistory.header.authorship.author[x]","","","",0,1,"","","","http://www.xt-ehr.eu/fhir/models/StructureDefinition/EHDSHealthProfessional {[]} {[]}
http://www.xt-ehr.eu/fhir/models/StructureDefinition/EHDSOrganisation {[]} {[]}http://www.xt-ehr.eu/fhir/models/StructureDefinition/EHDSDevice {[]} {[]}","Author and/or responsible for the resource. More specific models should define this more concretely.","Author and/or responsible for the resource. More specific models should define this more concretely.","","","","","","","","","",,,,,"",,,,"EHDSDataSet.header.authorship.author[x]",0,1,"",""
"EHDSSocialHistory.header.authorship.datetime","EHDSSocialHistory.header.authorship.datetime","","","",1,1,"","","","dateTime {[]} {[]}
","Date and time of authoring/issuing","Date and time of authoring/issuing","","","","","","","","","",,,,,"",,,,"EHDSDataSet.header.authorship.datetime",1,1,"",""
"EHDSSocialHistory.header.status","EHDSSocialHistory.header.status","","","",1,1,"","","","CodeableConcept {[]} {[]}
","Status of the resource or document","Status of the resource or document","","","","","","","","","",,,,,"",,,,"EHDSDataSet.header.status",1,1,"",""
"EHDSSocialHistory.header.language","EHDSSocialHistory.header.language","","","",0,1,"","","","CodeableConcept {[]} {[]}
","Language in which the resource is written. Language is expressed by the IETF language tag.","Language in which the resource is written. Language is expressed by the IETF language tag.","","","","","","","","","",,"preferred","BCP 47","","",,,,"EHDSDataSet.header.language",0,1,"",""
"EHDSSocialHistory.description","EHDSSocialHistory.description","","","",0,1,"","","","string {[]} {[]}
","Textual description of the social history.","Textual description of the social history.","","eHN PS Guideline, MyHealth@EU, ISO IPS","","","","","","","",,,,,"",,,,"EHDSSocialHistory.description",0,1,"",""
"EHDSSocialHistory.observation","EHDSSocialHistory.observation","","","",0,1,"","","","http://www.xt-ehr.eu/fhir/models/StructureDefinition/EHDSObservation {[]} {[]}
","Social history observations related to health","Health related lifestyle factors or lifestyle observations and social determinants of health. Example: cigarette smoker, alcohol consumption","","eHN PS Guideline, MyHealth@EU, ISO IPS","","","","","","","",,,,,"",,,,"EHDSSocialHistory.observation",0,1,"",""
"EHDSSocialHistory.referencePeriod","EHDSSocialHistory.referencePeriod","","","",0,1,"","","","Period {[]} {[]}
","Reference date range","Example: from 1974 to 2004","","eHN PS Guideline, MyHealth@EU, ISO IPS","","","","","","","",,,,,"",,,,"EHDSSocialHistory.referencePeriod",0,1,"",""
