<?xml version="1.0" encoding="UTF-8"?>

<ActorDefinition xmlns="http://hl7.org/fhir">
  <id value="actor-dispensing-system"/>
  <text>
    <status value="generated"/><div xmlns="http://www.w3.org/1999/xhtml"><p class="res-header-id"><b>Generated Narrative: ActorDefinition actor-dispensing-system</b></p><a name="actor-dispensing-system"> </a><a name="hcactor-dispensing-system"> </a><a name="actor-dispensing-system-en-US"> </a><table class="grid"><tr><td><b>Actor: Dispensing System </b></td><td/><td>Type: system </td></tr><tr><td colspan="3"/></tr></table></div>
  </text>
  <url value="https://www.xt-ehr.eu/specifications/fhir/actor-dispensing-system"/>
  <version value="0.1.0"/>
  <name value="Dispensing System"/>
  <status value="active"/>
  <date value="2025-04-17T17:12:41+00:00"/>
  <publisher value="Xt-EHR"/>
  <contact>
    <name value="Xt-EHR"/>
    <telecom>
      <system value="url"/>
      <value value="http://Xt-EHR.eu"/>
    </telecom>
  </contact>
  <type value="system"/>
</ActorDefinition>