<?xml version="1.0" encoding="UTF-8"?><ImplementationGuide xmlns="http://hl7.org/fhir"><id value="eu.ehds.models"/><text><status value="generated"/><div xmlns="http://www.w3.org/1999/xhtml"><p class="res-header-id"><b>Generated Narrative: ImplementationGuide eu.ehds.models</b></p><a name="eu.ehds.models"> </a><a name="hceu.ehds.models"> </a><h2>EHDSModels</h2><p>The official URL for this implementation guide is: </p><pre>https://www.xt-ehr.eu/specifications/fhir/ImplementationGuide/eu.ehds.models</pre><div><p>EHDS Logical Information Models</p>
</div></div></text><url value="https://www.xt-ehr.eu/specifications/fhir/ImplementationGuide/eu.ehds.models"/><version value="0.1.0"/><name value="EHDSModels"/><title value="EHDS Logical Information Models"/><status value="draft"/><date value="2025-07-08T13:38:32+00:00"/><publisher value="Xt-EHR"/><contact><name value="Xt-EHR"/><telecom><system value="url"/><value value="http://Xt-EHR.eu"/></telecom></contact><description value="EHDS Logical Information Models"/><packageId value="eu.ehds.models"/><license value="CC0-1.0"/><fhirVersion value="5.0.0"/><dependsOn id="hl7tx"><extension url="http://hl7.org/fhir/tools/StructureDefinition/implementationguide-dependency-comment"><valueMarkdown value="Automatically added as a dependency - all IGs depend on HL7 Terminology"/></extension><uri value="http://terminology.hl7.org/ImplementationGuide/hl7.terminology"/><packageId value="hl7.terminology.r5"/><version value="6.5.0"/></dependsOn><dependsOn id="hl7ext"><extension url="http://hl7.org/fhir/tools/StructureDefinition/implementationguide-dependency-comment"><valueMarkdown value="Automatically added as a dependency - all IGs depend on the HL7 Extension Pack"/></extension><uri value="http://hl7.org/fhir/extensions/ImplementationGuide/hl7.fhir.uv.extensions"/><packageId value="hl7.fhir.uv.extensions.r5"/><version value="5.2.0"/></dependsOn><definition><extension url="http://hl7.org/fhir/tools/StructureDefinition/ig-internal-dependency"><valueCode value="hl7.fhir.uv.tools.r5#0.5.0"/></extension><grouping id="EHDSPsLogicalModels"><name value="EHDS Patient Summary Logical Models"/><description value="Information Models for implementing EEHRxF Patient Summary under EHDS. Format based on ISO 13972 &quot;Health informatics — Clinical information models — Characteristics, structures and requirements.&quot;"/></grouping><grouping id="-str-logicalmodel"><name value="Structures: Logical Models"/><description value="These define data models that represent the domain covered by this implementation guide in more business-friendly terms than the underlying FHIR resources."/></grouping><grouping id="-ex-example"><name value="Example: Example Instances"/><description value="These are example instances that show what data produced and consumed by systems conforming with this implementation guide might look like."/></grouping><resource><extension url="http://hl7.org/fhir/tools/StructureDefinition/resource-sort"><valueInteger value="999999999"/></extension><extension url="http://hl7.org/fhir/StructureDefinition/implementationguide-page"><valueUri value="StructureDefinition-EHDSPatientSummary.html"/></extension><reference><reference value="StructureDefinition/EHDSPatientSummary"/></reference><name value="Patient summary model"/><description value="EHDS refined base model for Patient Summary"/><isExample value="false"/><groupingId value="EHDSPsLogicalModels"/></resource><resource><extension url="http://hl7.org/fhir/tools/StructureDefinition/resource-sort"><valueInteger value="999999999"/></extension><extension url="http://hl7.org/fhir/StructureDefinition/implementationguide-page"><valueUri value="StructureDefinition-EHDSAddress.html"/></extension><reference><reference value="StructureDefinition/EHDSAddress"/></reference><name value="Address model"/><description value="EHDS refined base model for Address structure"/><isExample value="false"/><groupingId value="-str-logicalmodel"/></resource><resource><extension url="http://hl7.org/fhir/tools/StructureDefinition/resource-sort"><valueInteger value="999999999"/></extension><extension url="http://hl7.org/fhir/StructureDefinition/implementationguide-page"><valueUri value="StructureDefinition-EHDSAdvanceDirective.html"/></extension><reference><reference value="StructureDefinition/EHDSAdvanceDirective"/></reference><name value="Advance directive model"/><description value="Healthcare directives concerning life or after life wishes of the patient"/><isExample value="false"/><groupingId value="-str-logicalmodel"/></resource><resource><extension url="http://hl7.org/fhir/tools/StructureDefinition/resource-sort"><valueInteger value="999999999"/></extension><extension url="http://hl7.org/fhir/StructureDefinition/implementationguide-page"><valueUri value="StructureDefinition-EHDSAlert.html"/></extension><reference><reference value="StructureDefinition/EHDSAlert"/></reference><name value="Alert flag model"/><description value="Alert flag"/><isExample value="false"/><groupingId value="-str-logicalmodel"/></resource><resource><extension url="http://hl7.org/fhir/tools/StructureDefinition/resource-sort"><valueInteger value="999999999"/></extension><extension url="http://hl7.org/fhir/StructureDefinition/implementationguide-page"><valueUri value="StructureDefinition-EHDSAllergyIntolerance.html"/></extension><reference><reference value="StructureDefinition/EHDSAllergyIntolerance"/></reference><name value="Allergy intolerance model"/><description value="EHDS refined base model for allergy/intolerance"/><isExample value="false"/><groupingId value="-str-logicalmodel"/></resource><resource><extension url="http://hl7.org/fhir/tools/StructureDefinition/resource-sort"><valueInteger value="999999999"/></extension><extension url="http://hl7.org/fhir/StructureDefinition/implementationguide-page"><valueUri value="StructureDefinition-EHDSAppointment.html"/></extension><reference><reference value="StructureDefinition/EHDSAppointment"/></reference><name value="Appointment model"/><description value="EHDS refined base model for Appointment. This is a simplified model with minimal information - it is not intended to cover the full functionality of booking systems."/><isExample value="false"/><groupingId value="-str-logicalmodel"/></resource><resource><extension url="http://hl7.org/fhir/tools/StructureDefinition/resource-sort"><valueInteger value="999999999"/></extension><extension url="http://hl7.org/fhir/StructureDefinition/implementationguide-page"><valueUri value="StructureDefinition-EHDSAttachment.html"/></extension><reference><reference value="StructureDefinition/EHDSAttachment"/></reference><name value="Attachment model"/><description value="EHDS refined base model for This type is for containing or referencing attachments - additional data content defined in other formats. The most common use of this type is to include images or reports in some report format such as PDF. However, it can be used for any data that has a MIME type."/><isExample value="false"/><groupingId value="-str-logicalmodel"/></resource><resource><extension url="http://hl7.org/fhir/tools/StructureDefinition/resource-sort"><valueInteger value="999999999"/></extension><extension url="http://hl7.org/fhir/StructureDefinition/implementationguide-page"><valueUri value="StructureDefinition-EHDSBodyStructure.html"/></extension><reference><reference value="StructureDefinition/EHDSBodyStructure"/></reference><name value="Body structure model"/><description value="EHDS refined base model for Body structure"/><isExample value="false"/><groupingId value="-str-logicalmodel"/></resource><resource><extension url="http://hl7.org/fhir/tools/StructureDefinition/resource-sort"><valueInteger value="999999999"/></extension><extension url="http://hl7.org/fhir/StructureDefinition/implementationguide-page"><valueUri value="StructureDefinition-EHDSCarePlan.html"/></extension><reference><reference value="StructureDefinition/EHDSCarePlan"/></reference><name value="Care plan model"/><description value="EHDS simplified model for care plan. The model includes very minimal information and is not designed to cover the full functionality of care plans."/><isExample value="false"/><groupingId value="-str-logicalmodel"/></resource><resource><extension url="http://hl7.org/fhir/tools/StructureDefinition/resource-sort"><valueInteger value="999999999"/></extension><extension url="http://hl7.org/fhir/StructureDefinition/implementationguide-page"><valueUri value="StructureDefinition-EHDSCondition.html"/></extension><reference><reference value="StructureDefinition/EHDSCondition"/></reference><name value="Condition model"/><description value="Health conditions affecting the health of the patient and are important to be known for a health professional during a health encounter."/><isExample value="false"/><groupingId value="-str-logicalmodel"/></resource><resource><extension url="http://hl7.org/fhir/tools/StructureDefinition/resource-sort"><valueInteger value="999999999"/></extension><extension url="http://hl7.org/fhir/StructureDefinition/implementationguide-page"><valueUri value="StructureDefinition-EHDSCoverage.html"/></extension><reference><reference value="StructureDefinition/EHDSCoverage"/></reference><name value="Coverage model"/><description value="EHDS refined base model for Coverage"/><isExample value="false"/><groupingId value="-str-logicalmodel"/></resource><resource><extension url="http://hl7.org/fhir/tools/StructureDefinition/resource-sort"><valueInteger value="999999999"/></extension><extension url="http://hl7.org/fhir/StructureDefinition/implementationguide-page"><valueUri value="StructureDefinition-EHDSCurrentPregnancy.html"/></extension><reference><reference value="StructureDefinition/EHDSCurrentPregnancy"/></reference><name value="Current pregnancy status model"/><description value="Current pregnancy status"/><isExample value="false"/><groupingId value="-str-logicalmodel"/></resource><resource><extension url="http://hl7.org/fhir/tools/StructureDefinition/resource-sort"><valueInteger value="999999999"/></extension><extension url="http://hl7.org/fhir/StructureDefinition/implementationguide-page"><valueUri value="StructureDefinition-EHDSDataSet.html"/></extension><reference><reference value="StructureDefinition/EHDSDataSet"/></reference><name value="DataSet model"/><description value="Common elements (including header) for all documents and their independently functioning parts, e.g FHIR resources."/><isExample value="false"/><groupingId value="-str-logicalmodel"/></resource><resource><extension url="http://hl7.org/fhir/tools/StructureDefinition/resource-sort"><valueInteger value="999999999"/></extension><extension url="http://hl7.org/fhir/StructureDefinition/implementationguide-page"><valueUri value="StructureDefinition-EHDSDevice.html"/></extension><reference><reference value="StructureDefinition/EHDSDevice"/></reference><name value="Device model"/><description value="EHDS refined base model for Device information"/><isExample value="false"/><groupingId value="-str-logicalmodel"/></resource><resource><extension url="http://hl7.org/fhir/tools/StructureDefinition/resource-sort"><valueInteger value="999999999"/></extension><extension url="http://hl7.org/fhir/StructureDefinition/implementationguide-page"><valueUri value="StructureDefinition-EHDSDeviceUse.html"/></extension><reference><reference value="StructureDefinition/EHDSDeviceUse"/></reference><name value="Device use model"/><description value="EHDS refined base model for device use information"/><isExample value="false"/><groupingId value="-str-logicalmodel"/></resource><resource><extension url="http://hl7.org/fhir/tools/StructureDefinition/resource-sort"><valueInteger value="999999999"/></extension><extension url="http://hl7.org/fhir/StructureDefinition/implementationguide-page"><valueUri value="StructureDefinition-EHDSDocument.html"/></extension><reference><reference value="StructureDefinition/EHDSDocument"/></reference><name value="Document model"/><description value="EHDS refined base model for common document data elements, including the common header. Data relevant to document type and its content for administrative and searching purposes."/><isExample value="false"/><groupingId value="-str-logicalmodel"/></resource><resource><extension url="http://hl7.org/fhir/tools/StructureDefinition/resource-sort"><valueInteger value="999999999"/></extension><extension url="http://hl7.org/fhir/StructureDefinition/implementationguide-page"><valueUri value="StructureDefinition-EHDSDosaging.html"/></extension><reference><reference value="StructureDefinition/EHDSDosaging"/></reference><name value="Dosaging model"/><description value="Logical model for usage instructions for administring the requested product. Based on FHIR Dosage complex data type. When implemented, this model may be reduced significantly according to the specific use case."/><isExample value="false"/><groupingId value="-str-logicalmodel"/></resource><resource><extension url="http://hl7.org/fhir/tools/StructureDefinition/resource-sort"><valueInteger value="999999999"/></extension><extension url="http://hl7.org/fhir/StructureDefinition/implementationguide-page"><valueUri value="StructureDefinition-EHDSEncounter.html"/></extension><reference><reference value="StructureDefinition/EHDSEncounter"/></reference><name value="Encounter model"/><description value="C.30 - EHDS refined base model for Encounter"/><isExample value="false"/><groupingId value="-str-logicalmodel"/></resource><resource><extension url="http://hl7.org/fhir/tools/StructureDefinition/resource-sort"><valueInteger value="999999999"/></extension><extension url="http://hl7.org/fhir/StructureDefinition/implementationguide-page"><valueUri value="StructureDefinition-EHDSEndpoint.html"/></extension><reference><reference value="StructureDefinition/EHDSEndpoint"/></reference><name value="Endpoint model"/><description value="C.33 - EHDS refined base model for Endpoint"/><isExample value="false"/><groupingId value="-str-logicalmodel"/></resource><resource><extension url="http://hl7.org/fhir/tools/StructureDefinition/resource-sort"><valueInteger value="999999999"/></extension><extension url="http://hl7.org/fhir/StructureDefinition/implementationguide-page"><valueUri value="StructureDefinition-EHDSEpisodeOfCare.html"/></extension><reference><reference value="StructureDefinition/EHDSEpisodeOfCare"/></reference><name value="Episode of care model"/><description value="C.29 - EHDS refined base model for Episode of care"/><isExample value="false"/><groupingId value="-str-logicalmodel"/></resource><resource><extension url="http://hl7.org/fhir/tools/StructureDefinition/resource-sort"><valueInteger value="999999999"/></extension><extension url="http://hl7.org/fhir/StructureDefinition/implementationguide-page"><valueUri value="StructureDefinition-EHDSFunctionalStatus.html"/></extension><reference><reference value="StructureDefinition/EHDSFunctionalStatus"/></reference><name value="Functional status"/><description value="EHDS refined base model for Functional status"/><isExample value="false"/><groupingId value="-str-logicalmodel"/></resource><resource><extension url="http://hl7.org/fhir/tools/StructureDefinition/resource-sort"><valueInteger value="999999999"/></extension><extension url="http://hl7.org/fhir/StructureDefinition/implementationguide-page"><valueUri value="StructureDefinition-EHDSHealthProfessional.html"/></extension><reference><reference value="StructureDefinition/EHDSHealthProfessional"/></reference><name value="Health professional model"/><description value="EHDS refined base model for Health professional (HP)"/><isExample value="false"/><groupingId value="-str-logicalmodel"/></resource><resource><extension url="http://hl7.org/fhir/tools/StructureDefinition/resource-sort"><valueInteger value="999999999"/></extension><extension url="http://hl7.org/fhir/StructureDefinition/implementationguide-page"><valueUri value="StructureDefinition-EHDSHumanName.html"/></extension><reference><reference value="StructureDefinition/EHDSHumanName"/></reference><name value="Human name model"/><description value="C.27 - EHDS refined base model for Human name"/><isExample value="false"/><groupingId value="-str-logicalmodel"/></resource><resource><extension url="http://hl7.org/fhir/tools/StructureDefinition/resource-sort"><valueInteger value="999999999"/></extension><extension url="http://hl7.org/fhir/StructureDefinition/implementationguide-page"><valueUri value="StructureDefinition-EHDSImagingStudy.html"/></extension><reference><reference value="StructureDefinition/EHDSImagingStudy"/></reference><name value="Imaging study model"/><description value="C.32 - EHDS refined base model for Imaging study"/><isExample value="false"/><groupingId value="-str-logicalmodel"/></resource><resource><extension url="http://hl7.org/fhir/tools/StructureDefinition/resource-sort"><valueInteger value="999999999"/></extension><extension url="http://hl7.org/fhir/StructureDefinition/implementationguide-page"><valueUri value="StructureDefinition-EHDSImmunisation.html"/></extension><reference><reference value="StructureDefinition/EHDSImmunisation"/></reference><name value="Immunisation model"/><description value="EHDS refined base model for Immunisation"/><isExample value="false"/><groupingId value="-str-logicalmodel"/></resource><resource><extension url="http://hl7.org/fhir/tools/StructureDefinition/resource-sort"><valueInteger value="999999999"/></extension><extension url="http://hl7.org/fhir/StructureDefinition/implementationguide-page"><valueUri value="StructureDefinition-EHDSLaboratoryObservation.html"/></extension><reference><reference value="StructureDefinition/EHDSLaboratoryObservation"/></reference><name value="Laboratory observation model"/><description value="EHDS refined base model for Observation performed by laboratory"/><isExample value="false"/><groupingId value="-str-logicalmodel"/></resource><resource><extension url="http://hl7.org/fhir/tools/StructureDefinition/resource-sort"><valueInteger value="999999999"/></extension><extension url="http://hl7.org/fhir/StructureDefinition/implementationguide-page"><valueUri value="StructureDefinition-EHDSLocation.html"/></extension><reference><reference value="StructureDefinition/EHDSLocation"/></reference><name value="Location model"/><description value="EHDS refined base model for Details and position information for a place where services are provided and resources and participants may be stored, found, contained, or accommodated."/><isExample value="false"/><groupingId value="-str-logicalmodel"/></resource><resource><extension url="http://hl7.org/fhir/tools/StructureDefinition/resource-sort"><valueInteger value="999999999"/></extension><extension url="http://hl7.org/fhir/StructureDefinition/implementationguide-page"><valueUri value="StructureDefinition-EHDSMedication.html"/></extension><reference><reference value="StructureDefinition/EHDSMedication"/></reference><name value="Medication"/><description value="Logical model for prescribed/dispensed medication. The model is shared by statements, requests, dispensations, and treatment lines. Each of those may have different restrictions in FHIR profile."/><isExample value="false"/><groupingId value="-str-logicalmodel"/></resource><resource><extension url="http://hl7.org/fhir/tools/StructureDefinition/resource-sort"><valueInteger value="999999999"/></extension><extension url="http://hl7.org/fhir/StructureDefinition/implementationguide-page"><valueUri value="StructureDefinition-EHDSMedicationStatement.html"/></extension><reference><reference value="StructureDefinition/EHDSMedicationStatement"/></reference><name value="Medication Statement"/><description value="Statement about a single medication as part of a medication summary."/><isExample value="false"/><groupingId value="-str-logicalmodel"/></resource><resource><extension url="http://hl7.org/fhir/tools/StructureDefinition/resource-sort"><valueInteger value="999999999"/></extension><extension url="http://hl7.org/fhir/StructureDefinition/implementationguide-page"><valueUri value="StructureDefinition-EHDSMedicationAdministration.html"/></extension><reference><reference value="StructureDefinition/EHDSMedicationAdministration"/></reference><name value="Medication administration model"/><description value="EHDS refined base model for medication administration"/><isExample value="false"/><groupingId value="-str-logicalmodel"/></resource><resource><extension url="http://hl7.org/fhir/tools/StructureDefinition/resource-sort"><valueInteger value="999999999"/></extension><extension url="http://hl7.org/fhir/StructureDefinition/implementationguide-page"><valueUri value="StructureDefinition-EHDSDispenseDecline.html"/></extension><reference><reference value="StructureDefinition/EHDSDispenseDecline"/></reference><name value="Medication dispense decline model"/><description value="Explicit statement about declining the dispense request (prescription), usually recorded in order to communicate the issue back to the prescriber. Reasons for declining a dispense may vary, but typically this statement is only sent when a following action is expected on the prescriber’s side (cancelling or changing the problematic prescription or the whole treatment)."/><isExample value="false"/><groupingId value="-str-logicalmodel"/></resource><resource><extension url="http://hl7.org/fhir/tools/StructureDefinition/resource-sort"><valueInteger value="999999999"/></extension><extension url="http://hl7.org/fhir/StructureDefinition/implementationguide-page"><valueUri value="StructureDefinition-EHDSMedicationDispense.html"/></extension><reference><reference value="StructureDefinition/EHDSMedicationDispense"/></reference><name value="Medication dispense model"/><description value="Logical model for medication dispensation (based on request or independently)"/><isExample value="false"/><groupingId value="-str-logicalmodel"/></resource><resource><extension url="http://hl7.org/fhir/tools/StructureDefinition/resource-sort"><valueInteger value="999999999"/></extension><extension url="http://hl7.org/fhir/StructureDefinition/implementationguide-page"><valueUri value="StructureDefinition-EHDSMedicationPrescription.html"/></extension><reference><reference value="StructureDefinition/EHDSMedicationPrescription"/></reference><name value="Medication prescription model"/><description value="Logical model for medication prescription. A prescription contains one or more prescription items."/><isExample value="false"/><groupingId value="-str-logicalmodel"/></resource><resource><extension url="http://hl7.org/fhir/tools/StructureDefinition/resource-sort"><valueInteger value="999999999"/></extension><extension url="http://hl7.org/fhir/StructureDefinition/implementationguide-page"><valueUri value="StructureDefinition-EHDSObservation.html"/></extension><reference><reference value="StructureDefinition/EHDSObservation"/></reference><name value="Observation model"/><description value="EHDS refined base model for Observation information"/><isExample value="false"/><groupingId value="-str-logicalmodel"/></resource><resource><extension url="http://hl7.org/fhir/tools/StructureDefinition/resource-sort"><valueInteger value="999999999"/></extension><extension url="http://hl7.org/fhir/StructureDefinition/implementationguide-page"><valueUri value="StructureDefinition-EHDSOrganisation.html"/></extension><reference><reference value="StructureDefinition/EHDSOrganisation"/></reference><name value="Organisation model"/><description value="C.3 - EHDS refined base model for Health provider or any other type of organisation"/><isExample value="false"/><groupingId value="-str-logicalmodel"/></resource><resource><extension url="http://hl7.org/fhir/tools/StructureDefinition/resource-sort"><valueInteger value="999999999"/></extension><extension url="http://hl7.org/fhir/StructureDefinition/implementationguide-page"><valueUri value="StructureDefinition-EHDSPatientAnimal.html"/></extension><reference><reference value="StructureDefinition/EHDSPatientAnimal"/></reference><name value="Patient Animal model"/><description value="C.41 - EHDS refined base model for Patient:Animal"/><isExample value="false"/><groupingId value="-str-logicalmodel"/></resource><resource><extension url="http://hl7.org/fhir/tools/StructureDefinition/resource-sort"><valueInteger value="999999999"/></extension><extension url="http://hl7.org/fhir/StructureDefinition/implementationguide-page"><valueUri value="StructureDefinition-EHDSPatient.html"/></extension><reference><reference value="StructureDefinition/EHDSPatient"/></reference><name value="Patient model"/><description value="C.1 - EHDS refined base model for Patient/subject information"/><isExample value="false"/><groupingId value="-str-logicalmodel"/></resource><resource><extension url="http://hl7.org/fhir/tools/StructureDefinition/resource-sort"><valueInteger value="999999999"/></extension><extension url="http://hl7.org/fhir/StructureDefinition/implementationguide-page"><valueUri value="StructureDefinition-EHDSPregnancyHistory.html"/></extension><reference><reference value="StructureDefinition/EHDSPregnancyHistory"/></reference><name value="Pregnancy history model"/><description value="Pregnancy history for one pregnancy"/><isExample value="false"/><groupingId value="-str-logicalmodel"/></resource><resource><extension url="http://hl7.org/fhir/tools/StructureDefinition/resource-sort"><valueInteger value="999999999"/></extension><extension url="http://hl7.org/fhir/StructureDefinition/implementationguide-page"><valueUri value="StructureDefinition-EHDSProcedure.html"/></extension><reference><reference value="StructureDefinition/EHDSProcedure"/></reference><name value="Procedure model"/><description value="EHDS refined base model for an action that is or was performed on or for a patient"/><isExample value="false"/><groupingId value="-str-logicalmodel"/></resource><resource><extension url="http://hl7.org/fhir/tools/StructureDefinition/resource-sort"><valueInteger value="999999999"/></extension><extension url="http://hl7.org/fhir/StructureDefinition/implementationguide-page"><valueUri value="StructureDefinition-EHDSRelatedPerson.html"/></extension><reference><reference value="StructureDefinition/EHDSRelatedPerson"/></reference><name value="Related person model"/><description value="EHDS refined base model for Patient/subject guardian and other related person information"/><isExample value="false"/><groupingId value="-str-logicalmodel"/></resource><resource><extension url="http://hl7.org/fhir/tools/StructureDefinition/resource-sort"><valueInteger value="999999999"/></extension><extension url="http://hl7.org/fhir/StructureDefinition/implementationguide-page"><valueUri value="StructureDefinition-EHDSServiceRequest.html"/></extension><reference><reference value="StructureDefinition/EHDSServiceRequest"/></reference><name value="Service request model"/><description value="C.8 - EHDS refined base model for Specification of requested service or services"/><isExample value="false"/><groupingId value="-str-logicalmodel"/></resource><resource><extension url="http://hl7.org/fhir/tools/StructureDefinition/resource-sort"><valueInteger value="999999999"/></extension><extension url="http://hl7.org/fhir/StructureDefinition/implementationguide-page"><valueUri value="StructureDefinition-EHDSSocialHistory.html"/></extension><reference><reference value="StructureDefinition/EHDSSocialHistory"/></reference><name value="Social history model"/><description value="EHDS model for social history observations"/><isExample value="false"/><groupingId value="-str-logicalmodel"/></resource><resource><extension url="http://hl7.org/fhir/tools/StructureDefinition/resource-sort"><valueInteger value="999999999"/></extension><extension url="http://hl7.org/fhir/StructureDefinition/implementationguide-page"><valueUri value="StructureDefinition-EHDSSpecimen.html"/></extension><reference><reference value="StructureDefinition/EHDSSpecimen"/></reference><name value="Specimen model"/><description value="C.9 - EHDS refined base model for A sample to be used for Analysis"/><isExample value="false"/><groupingId value="-str-logicalmodel"/></resource><resource><extension url="http://hl7.org/fhir/tools/StructureDefinition/resource-sort"><valueInteger value="999999999"/></extension><extension url="http://hl7.org/fhir/StructureDefinition/implementationguide-page"><valueUri value="StructureDefinition-EHDSSubstance.html"/></extension><reference><reference value="StructureDefinition/EHDSSubstance"/></reference><name value="Substance model"/><description value="C.28 - EHDS refined base model for Substance"/><isExample value="false"/><groupingId value="-str-logicalmodel"/></resource><resource><extension url="http://hl7.org/fhir/tools/StructureDefinition/resource-sort"><valueInteger value="999999999"/></extension><extension url="http://hl7.org/fhir/StructureDefinition/implementationguide-page"><valueUri value="StructureDefinition-EHDSTelecom.html"/></extension><reference><reference value="StructureDefinition/EHDSTelecom"/></reference><name value="Telecom model"/><description value="C.6 - EHDS refined base model for Telecommunication contact information structure"/><isExample value="false"/><groupingId value="-str-logicalmodel"/></resource><resource><extension url="http://hl7.org/fhir/tools/StructureDefinition/resource-sort"><valueInteger value="999999999"/></extension><extension url="http://hl7.org/fhir/StructureDefinition/implementationguide-page"><valueUri value="StructureDefinition-EHDSTravelHistory.html"/></extension><reference><reference value="StructureDefinition/EHDSTravelHistory"/></reference><name value="Travel history model"/><description value="Relevant information about the patient's recent travel history, for one visit"/><isExample value="false"/><groupingId value="-str-logicalmodel"/></resource><resource><extension url="http://hl7.org/fhir/tools/StructureDefinition/resource-sort"><valueInteger value="999999999"/></extension><extension url="http://hl7.org/fhir/StructureDefinition/implementationguide-page"><valueUri value="ActorDefinition-SummaryConsumer.html"/></extension><reference><reference value="ActorDefinition/SummaryConsumer"/></reference><name value="Summary Consumer"/><description value="This actor consumes a patient summary."/><isExample value="true"/><groupingId value="-ex-example"/></resource><resource><extension url="http://hl7.org/fhir/tools/StructureDefinition/resource-sort"><valueInteger value="999999999"/></extension><extension url="http://hl7.org/fhir/StructureDefinition/implementationguide-page"><valueUri value="ActorDefinition-SummaryProvider.html"/></extension><reference><reference value="ActorDefinition/SummaryProvider"/></reference><name value="Summary Provider"/><description value="This actor provides a patient summary - unsollicited or upon request. It may create the summary or use a previously acquired summary."/><isExample value="true"/><groupingId value="-ex-example"/></resource><page><sourceUrl value="toc.html"/><name value="toc.html"/><title value="Table of Contents"/><generation value="html"/><page><sourceUrl value="index.html"/><name value="index.html"/><title value="Home"/><generation value="markdown"/></page><page><sourceUrl value="howto.html"/><name value="howto.html"/><title value="How to read this guide"/><generation value="markdown"/></page><page><sourceUrl value="knownIssues.html"/><name value="knownIssues.html"/><title value="Known issues"/><generation value="markdown"/></page><page><sourceUrl value="scope.html"/><name value="scope.html"/><title value="Scope and Content"/><generation value="markdown"/></page><page><sourceUrl value="wow.html"/><name value="wow.html"/><title value="Ways of working"/><generation value="markdown"/></page><page><sourceUrl value="useCasePrescription.html"/><name value="useCasePrescription.html"/><title value="ePrescription &amp; eDispensation"/><generation value="markdown"/></page><page><sourceUrl value="useCasePatientSummary.html"/><name value="useCasePatientSummary.html"/><title value="Patient Summary"/><generation value="markdown"/></page><page><sourceUrl value="useCaseLabReport.html"/><name value="useCaseLabReport.html"/><title value="Laboratory Report"/><generation value="markdown"/></page><page><sourceUrl value="obligationsLabReport.html"/><name value="obligationsLabReport.html"/><title value="Obligations for Laboratory Report"/><generation value="markdown"/></page><page><sourceUrl value="useCaseMedicalImages.html"/><name value="useCaseMedicalImages.html"/><title value="Medical Images"/><generation value="markdown"/></page><page><sourceUrl value="useCaseHospitalDischargeReport.html"/><name value="useCaseHospitalDischargeReport.html"/><title value="Hospital Discharge Report"/><generation value="markdown"/></page><page><sourceUrl value="downloads.html"/><name value="downloads.html"/><title value="Download"/><generation value="markdown"/></page><page><sourceUrl value="artifacts.html"/><name value="artifacts.html"/><title value="Artifacts Summary"/><generation value="html"/><page><sourceUrl value="StructureDefinition-EHDSPatientSummary.html"/><name value="StructureDefinition-EHDSPatientSummary.html"/><title value="Patient summary model"/><generation value="generated"/></page><page><sourceUrl value="StructureDefinition-EHDSAddress.html"/><name value="StructureDefinition-EHDSAddress.html"/><title value="Address model"/><generation value="generated"/></page><page><sourceUrl value="StructureDefinition-EHDSAdvanceDirective.html"/><name value="StructureDefinition-EHDSAdvanceDirective.html"/><title value="Advance directive model"/><generation value="generated"/></page><page><sourceUrl value="StructureDefinition-EHDSAlert.html"/><name value="StructureDefinition-EHDSAlert.html"/><title value="Alert flag model"/><generation value="generated"/></page><page><sourceUrl value="StructureDefinition-EHDSAllergyIntolerance.html"/><name value="StructureDefinition-EHDSAllergyIntolerance.html"/><title value="Allergy intolerance model"/><generation value="generated"/></page><page><sourceUrl value="StructureDefinition-EHDSAppointment.html"/><name value="StructureDefinition-EHDSAppointment.html"/><title value="Appointment model"/><generation value="generated"/></page><page><sourceUrl value="StructureDefinition-EHDSAttachment.html"/><name value="StructureDefinition-EHDSAttachment.html"/><title value="Attachment model"/><generation value="generated"/></page><page><sourceUrl value="StructureDefinition-EHDSBodyStructure.html"/><name value="StructureDefinition-EHDSBodyStructure.html"/><title value="Body structure model"/><generation value="generated"/></page><page><sourceUrl value="StructureDefinition-EHDSCarePlan.html"/><name value="StructureDefinition-EHDSCarePlan.html"/><title value="Care plan model"/><generation value="generated"/></page><page><sourceUrl value="StructureDefinition-EHDSCondition.html"/><name value="StructureDefinition-EHDSCondition.html"/><title value="Condition model"/><generation value="generated"/></page><page><sourceUrl value="StructureDefinition-EHDSCoverage.html"/><name value="StructureDefinition-EHDSCoverage.html"/><title value="Coverage model"/><generation value="generated"/></page><page><sourceUrl value="StructureDefinition-EHDSCurrentPregnancy.html"/><name value="StructureDefinition-EHDSCurrentPregnancy.html"/><title value="Current pregnancy status model"/><generation value="generated"/></page><page><sourceUrl value="StructureDefinition-EHDSDataSet.html"/><name value="StructureDefinition-EHDSDataSet.html"/><title value="DataSet model"/><generation value="generated"/></page><page><sourceUrl value="StructureDefinition-EHDSDevice.html"/><name value="StructureDefinition-EHDSDevice.html"/><title value="Device model"/><generation value="generated"/></page><page><sourceUrl value="StructureDefinition-EHDSDeviceUse.html"/><name value="StructureDefinition-EHDSDeviceUse.html"/><title value="Device use model"/><generation value="generated"/></page><page><sourceUrl value="StructureDefinition-EHDSDocument.html"/><name value="StructureDefinition-EHDSDocument.html"/><title value="Document model"/><generation value="generated"/></page><page><sourceUrl value="StructureDefinition-EHDSDosaging.html"/><name value="StructureDefinition-EHDSDosaging.html"/><title value="Dosaging model"/><generation value="generated"/></page><page><sourceUrl value="StructureDefinition-EHDSEncounter.html"/><name value="StructureDefinition-EHDSEncounter.html"/><title value="Encounter model"/><generation value="generated"/></page><page><sourceUrl value="StructureDefinition-EHDSEndpoint.html"/><name value="StructureDefinition-EHDSEndpoint.html"/><title value="Endpoint model"/><generation value="generated"/></page><page><sourceUrl value="StructureDefinition-EHDSEpisodeOfCare.html"/><name value="StructureDefinition-EHDSEpisodeOfCare.html"/><title value="Episode of care model"/><generation value="generated"/></page><page><sourceUrl value="StructureDefinition-EHDSFunctionalStatus.html"/><name value="StructureDefinition-EHDSFunctionalStatus.html"/><title value="Functional status"/><generation value="generated"/></page><page><sourceUrl value="StructureDefinition-EHDSHealthProfessional.html"/><name value="StructureDefinition-EHDSHealthProfessional.html"/><title value="Health professional model"/><generation value="generated"/></page><page><sourceUrl value="StructureDefinition-EHDSHumanName.html"/><name value="StructureDefinition-EHDSHumanName.html"/><title value="Human name model"/><generation value="generated"/></page><page><sourceUrl value="StructureDefinition-EHDSImagingStudy.html"/><name value="StructureDefinition-EHDSImagingStudy.html"/><title value="Imaging study model"/><generation value="generated"/></page><page><sourceUrl value="StructureDefinition-EHDSImmunisation.html"/><name value="StructureDefinition-EHDSImmunisation.html"/><title value="Immunisation model"/><generation value="generated"/></page><page><sourceUrl value="StructureDefinition-EHDSLaboratoryObservation.html"/><name value="StructureDefinition-EHDSLaboratoryObservation.html"/><title value="Laboratory observation model"/><generation value="generated"/></page><page><sourceUrl value="StructureDefinition-EHDSLocation.html"/><name value="StructureDefinition-EHDSLocation.html"/><title value="Location model"/><generation value="generated"/></page><page><sourceUrl value="StructureDefinition-EHDSMedication.html"/><name value="StructureDefinition-EHDSMedication.html"/><title value="Medication"/><generation value="generated"/></page><page><sourceUrl value="StructureDefinition-EHDSMedicationAdministration.html"/><name value="StructureDefinition-EHDSMedicationAdministration.html"/><title value="Medication administration model"/><generation value="generated"/></page><page><sourceUrl value="StructureDefinition-EHDSDispenseDecline.html"/><name value="StructureDefinition-EHDSDispenseDecline.html"/><title value="Medication dispense decline model"/><generation value="generated"/></page><page><sourceUrl value="StructureDefinition-EHDSMedicationDispense.html"/><name value="StructureDefinition-EHDSMedicationDispense.html"/><title value="Medication dispense model"/><generation value="generated"/></page><page><sourceUrl value="StructureDefinition-EHDSMedicationPrescription.html"/><name value="StructureDefinition-EHDSMedicationPrescription.html"/><title value="Medication prescription model"/><generation value="generated"/></page><page><sourceUrl value="StructureDefinition-EHDSMedicationStatement.html"/><name value="StructureDefinition-EHDSMedicationStatement.html"/><title value="Medication Statement"/><generation value="generated"/></page><page><sourceUrl value="StructureDefinition-EHDSObservation.html"/><name value="StructureDefinition-EHDSObservation.html"/><title value="Observation model"/><generation value="generated"/></page><page><sourceUrl value="StructureDefinition-EHDSOrganisation.html"/><name value="StructureDefinition-EHDSOrganisation.html"/><title value="Organisation model"/><generation value="generated"/></page><page><sourceUrl value="StructureDefinition-EHDSPatientAnimal.html"/><name value="StructureDefinition-EHDSPatientAnimal.html"/><title value="Patient Animal model"/><generation value="generated"/></page><page><sourceUrl value="StructureDefinition-EHDSPatient.html"/><name value="StructureDefinition-EHDSPatient.html"/><title value="Patient model"/><generation value="generated"/></page><page><sourceUrl value="StructureDefinition-EHDSPregnancyHistory.html"/><name value="StructureDefinition-EHDSPregnancyHistory.html"/><title value="Pregnancy history model"/><generation value="generated"/></page><page><sourceUrl value="StructureDefinition-EHDSProcedure.html"/><name value="StructureDefinition-EHDSProcedure.html"/><title value="Procedure model"/><generation value="generated"/></page><page><sourceUrl value="StructureDefinition-EHDSRelatedPerson.html"/><name value="StructureDefinition-EHDSRelatedPerson.html"/><title value="Related person model"/><generation value="generated"/></page><page><sourceUrl value="StructureDefinition-EHDSServiceRequest.html"/><name value="StructureDefinition-EHDSServiceRequest.html"/><title value="Service request model"/><generation value="generated"/></page><page><sourceUrl value="StructureDefinition-EHDSSocialHistory.html"/><name value="StructureDefinition-EHDSSocialHistory.html"/><title value="Social history model"/><generation value="generated"/></page><page><sourceUrl value="StructureDefinition-EHDSSpecimen.html"/><name value="StructureDefinition-EHDSSpecimen.html"/><title value="Specimen model"/><generation value="generated"/></page><page><sourceUrl value="StructureDefinition-EHDSSubstance.html"/><name value="StructureDefinition-EHDSSubstance.html"/><title value="Substance model"/><generation value="generated"/></page><page><sourceUrl value="StructureDefinition-EHDSTelecom.html"/><name value="StructureDefinition-EHDSTelecom.html"/><title value="Telecom model"/><generation value="generated"/></page><page><sourceUrl value="StructureDefinition-EHDSTravelHistory.html"/><name value="StructureDefinition-EHDSTravelHistory.html"/><title value="Travel history model"/><generation value="generated"/></page><page><sourceUrl value="ActorDefinition-SummaryConsumer.html"/><name value="ActorDefinition-SummaryConsumer.html"/><title value="Summary Consumer"/><generation value="generated"/></page><page><sourceUrl value="ActorDefinition-SummaryProvider.html"/><name value="ActorDefinition-SummaryProvider.html"/><title value="Summary Provider"/><generation value="generated"/></page></page></page><parameter><code><system value="http://hl7.org/fhir/tools/CodeSystem/ig-parameters"/><code value="copyrightyear"/></code><value value="2022+"/></parameter><parameter><code><system value="http://hl7.org/fhir/tools/CodeSystem/ig-parameters"/><code value="releaselabel"/></code><value value="ci-build"/></parameter><parameter><code><system value="http://hl7.org/fhir/tools/CodeSystem/ig-parameters"/><code value="produce-jekyll-data"/></code><value value="true"/></parameter><parameter><code><system value="http://hl7.org/fhir/tools/CodeSystem/ig-parameters"/><code value="autoload-resources"/></code><value value="true"/></parameter><parameter><code><system value="http://hl7.org/fhir/guide-parameter-code"/><code value="path-resource"/></code><value value="input/capabilities"/></parameter><parameter><code><system value="http://hl7.org/fhir/guide-parameter-code"/><code value="path-resource"/></code><value value="input/examples"/></parameter><parameter><code><system value="http://hl7.org/fhir/guide-parameter-code"/><code value="path-resource"/></code><value value="input/extensions"/></parameter><parameter><code><system value="http://hl7.org/fhir/guide-parameter-code"/><code value="path-resource"/></code><value value="input/models"/></parameter><parameter><code><system value="http://hl7.org/fhir/guide-parameter-code"/><code value="path-resource"/></code><value value="input/operations"/></parameter><parameter><code><system value="http://hl7.org/fhir/guide-parameter-code"/><code value="path-resource"/></code><value value="input/profiles"/></parameter><parameter><code><system value="http://hl7.org/fhir/guide-parameter-code"/><code value="path-resource"/></code><value value="input/resources"/></parameter><parameter><code><system value="http://hl7.org/fhir/guide-parameter-code"/><code value="path-resource"/></code><value value="input/vocabulary"/></parameter><parameter><code><system value="http://hl7.org/fhir/guide-parameter-code"/><code value="path-resource"/></code><value value="input/maps"/></parameter><parameter><code><system value="http://hl7.org/fhir/guide-parameter-code"/><code value="path-resource"/></code><value value="input/testing"/></parameter><parameter><code><system value="http://hl7.org/fhir/guide-parameter-code"/><code value="path-resource"/></code><value value="input/history"/></parameter><parameter><code><system value="http://hl7.org/fhir/guide-parameter-code"/><code value="path-resource"/></code><value value="fsh-generated/resources"/></parameter><parameter><code><system value="http://hl7.org/fhir/guide-parameter-code"/><code value="path-pages"/></code><value value="template/config"/></parameter><parameter><code><system value="http://hl7.org/fhir/guide-parameter-code"/><code value="path-pages"/></code><value value="input/images"/></parameter><parameter><code><system value="http://hl7.org/fhir/tools/CodeSystem/ig-parameters"/><code value="path-liquid"/></code><value value="template/liquid"/></parameter><parameter><code><system value="http://hl7.org/fhir/tools/CodeSystem/ig-parameters"/><code value="path-liquid"/></code><value value="input/liquid"/></parameter><parameter><code><system value="http://hl7.org/fhir/tools/CodeSystem/ig-parameters"/><code value="path-qa"/></code><value value="temp/qa"/></parameter><parameter><code><system value="http://hl7.org/fhir/tools/CodeSystem/ig-parameters"/><code value="path-temp"/></code><value value="temp/pages"/></parameter><parameter><code><system value="http://hl7.org/fhir/tools/CodeSystem/ig-parameters"/><code value="path-output"/></code><value value="output"/></parameter><parameter><code><system value="http://hl7.org/fhir/guide-parameter-code"/><code value="path-tx-cache"/></code><value value="input-cache/txcache"/></parameter><parameter><code><system value="http://hl7.org/fhir/tools/CodeSystem/ig-parameters"/><code value="path-suppressed-warnings"/></code><value value="input/ignoreWarnings.txt"/></parameter><parameter><code><system value="http://hl7.org/fhir/tools/CodeSystem/ig-parameters"/><code value="path-history"/></code><value value="https://www.xt-ehr.eu/specifications/fhir/history.html"/></parameter><parameter><code><system value="http://hl7.org/fhir/tools/CodeSystem/ig-parameters"/><code value="template-html"/></code><value value="template-page.html"/></parameter><parameter><code><system value="http://hl7.org/fhir/tools/CodeSystem/ig-parameters"/><code value="template-md"/></code><value value="template-page-md.html"/></parameter><parameter><code><system value="http://hl7.org/fhir/tools/CodeSystem/ig-parameters"/><code value="apply-contact"/></code><value value="true"/></parameter><parameter><code><system value="http://hl7.org/fhir/tools/CodeSystem/ig-parameters"/><code value="apply-context"/></code><value value="true"/></parameter><parameter><code><system value="http://hl7.org/fhir/tools/CodeSystem/ig-parameters"/><code value="apply-copyright"/></code><value value="true"/></parameter><parameter><code><system value="http://hl7.org/fhir/tools/CodeSystem/ig-parameters"/><code value="apply-jurisdiction"/></code><value value="true"/></parameter><parameter><code><system value="http://hl7.org/fhir/tools/CodeSystem/ig-parameters"/><code value="apply-license"/></code><value value="true"/></parameter><parameter><code><system value="http://hl7.org/fhir/tools/CodeSystem/ig-parameters"/><code value="apply-publisher"/></code><value value="true"/></parameter><parameter><code><system value="http://hl7.org/fhir/tools/CodeSystem/ig-parameters"/><code value="apply-version"/></code><value value="true"/></parameter><parameter><code><system value="http://hl7.org/fhir/tools/CodeSystem/ig-parameters"/><code value="apply-wg"/></code><value value="true"/></parameter><parameter><code><system value="http://hl7.org/fhir/tools/CodeSystem/ig-parameters"/><code value="active-tables"/></code><value value="true"/></parameter><parameter><code><system value="http://hl7.org/fhir/tools/CodeSystem/ig-parameters"/><code value="fmm-definition"/></code><value value="http://hl7.org/fhir/versions.html#maturity"/></parameter><parameter><code><system value="http://hl7.org/fhir/tools/CodeSystem/ig-parameters"/><code value="propagate-status"/></code><value value="true"/></parameter><parameter><code><system value="http://hl7.org/fhir/tools/CodeSystem/ig-parameters"/><code value="excludelogbinaryformat"/></code><value value="true"/></parameter><parameter><code><system value="http://hl7.org/fhir/tools/CodeSystem/ig-parameters"/><code value="tabbed-snapshots"/></code><value value="true"/></parameter></definition></ImplementationGuide>