"Id","Path","Slice Name","Alias(s)","Label","Min","Max","Must Support?","Is Modifier?","Is Summary?","Type(s)","Short","Definition","Comments","Requirements","Default Value","Meaning When Missing","Fixed Value","Pattern","Example","Minimum Value","Maximum Value","Maximum Length","Binding Strength","Binding Description","Binding Value Set","Code","Slicing Discriminator","Slicing Description","Slicing Ordered","Slicing Rules","Base Path","Base Min","Base Max","Condition(s)","Constraint(s)","Mapping: RIM Mapping"
"EHDSFunctionalStatus","EHDSFunctionalStatus","","","",0,*,"","","","null {[]} {[]}
","Functional status","EHDS refined base model for Functional status","","","","","","","","","",,,,,"",,,,"Base",0,*,"","","n/a"
"EHDSFunctionalStatus.functionalStatusDescription","EHDSFunctionalStatus.functionalStatusDescription","","","",0,1,"","","","string {[]} {[]}
","Textual description of functional status","Textual description of functional status","","eHN PS Guideline, ISO IPS","","","","","","","",,,,,"",,,,"EHDSFunctionalStatus.functionalStatusDescription",0,1,"",""
"EHDSFunctionalStatus.onsetDate","EHDSFunctionalStatus.onsetDate","","","",0,1,"","","","dateTime {[]} {[]}
","Onset date of a condition","Onset date of a condition","","","","","","","","","",,,,,"",,,,"EHDSFunctionalStatus.onsetDate",0,1,"",""
"EHDSFunctionalStatus.functionalAssessmentCode","EHDSFunctionalStatus.functionalAssessmentCode","","","",0,1,"","","","CodeableConcept {[]} {[]}
","Standardized code corresponding to the functional assessment","Standardized code corresponding to the functional assessment","","MyHealth@EU, eHN PS Guideline, ISO IPS","","","","","","","",,"preferred","ICF, SNOMED CT","","",,,,"EHDSFunctionalStatus.functionalAssessmentCode",0,1,"",""
"EHDSFunctionalStatus.functionalAssessmentDate","EHDSFunctionalStatus.functionalAssessmentDate","","","",0,1,"","","","dateTime {[]} {[]}
","Date of the functional assessment","Date of the functional assessment","","eHN PS Guideline, ISO IPS","","","","","","","",,,,,"",,,,"EHDSFunctionalStatus.functionalAssessmentDate",0,1,"",""
"EHDSFunctionalStatus.functionalAssessmentResult[x]","EHDSFunctionalStatus.functionalAssessmentResult[x]","","","",0,1,"","","","CodeableConcept {[]} {[]}
string {[]} {[]}Quantity {[]} {[]}","Functional assessment result value","Functional assessment result value","","eHN PS Guideline, ISO IPS","","","","","","","",,"preferred","ICF, SNOMED CT","","",,,,"EHDSFunctionalStatus.functionalAssessmentResult[x]",0,1,"",""
