"Id","Path","Slice Name","Alias(s)","Label","Min","Max","Must Support?","Is Modifier?","Is Summary?","Type(s)","Short","Definition","Comments","Requirements","Default Value","Meaning When Missing","Fixed Value","Pattern","Example","Minimum Value","Maximum Value","Maximum Length","Binding Strength","Binding Description","Binding Value Set","Code","Slicing Discriminator","Slicing Description","Slicing Ordered","Slicing Rules","Base Path","Base Min","Base Max","Condition(s)","Constraint(s)","Mapping: RIM Mapping"
"EHDSImagingStudy","EHDSImagingStudy","","","",0,*,"","","","null {[]} {[]}
","Imaging study model","EHDS refined base model for Imaging study","","","","","","","","","",,,,,"",,,,"Base",0,*,"","","n/a"
"EHDSImagingStudy.identifier","EHDSImagingStudy.identifier","","","",1,*,"","","","Identifier {[]} {[]}
","Identifiers for the ImagingStudy such as DICOM Study Instance UID. If one or more series elements are present in the ImagingStudy, then there shall be one DICOM Study UID identifier.","Identifiers for the ImagingStudy such as DICOM Study Instance UID. If one or more series elements are present in the ImagingStudy, then there shall be one DICOM Study UID identifier.","","","","","","","","","",,,,,"",,,,"EHDSImagingStudy.identifier",1,*,"",""
"EHDSImagingStudy.modality","EHDSImagingStudy.modality","","","",0,*,"","","","CodeableConcept {[]} {[]}
","All of the distinct values for series' modalities","All of the distinct values for series' modalities","","","","","","","","","",,"preferred","DICOM CID029","","",,,,"EHDSImagingStudy.modality",0,*,"",""
"EHDSImagingStudy.subject","EHDSImagingStudy.subject","","","",1,1,"","","","https://www.xt-ehr.eu/specifications/fhir/StructureDefinition/EHDSPatient {[]} {[]}
","The subject of the study","The subject of the study","","","","","","","","","",,,,,"",,,,"EHDSImagingStudy.subject",1,1,"",""
"EHDSImagingStudy.encounter","EHDSImagingStudy.encounter","","","",0,1,"","","","https://www.xt-ehr.eu/specifications/fhir/StructureDefinition/EHDSEncounter {[]} {[]}
","Reference to the encounter with which this imaging study is associated","Reference to the encounter with which this imaging study is associated","","","","","","","","","",,,,,"",,,,"EHDSImagingStudy.encounter",0,1,"",""
"EHDSImagingStudy.started","EHDSImagingStudy.started","","","",0,1,"","","","dateTime {[]} {[]}
","Date and time the study started.","Date and time the study started.","","","","","","","","","",,,,,"",,,,"EHDSImagingStudy.started",0,1,"",""
"EHDSImagingStudy.basedOn","EHDSImagingStudy.basedOn","","","",0,*,"","","","https://www.xt-ehr.eu/specifications/fhir/StructureDefinition/EHDSServiceRequest {[]} {[]}
","References to the diagnostic requests that resulted in this imaging study being performed.","References to the diagnostic requests that resulted in this imaging study being performed.","","","","","","","","","",,,,,"",,,,"EHDSImagingStudy.basedOn",0,*,"",""
"EHDSImagingStudy.numberOfSeries","EHDSImagingStudy.numberOfSeries","","","",0,1,"","","","integer {[]} {[]}
","Number of Series in the Study. This value given may be larger than the number of series elements this Resource contains due to resource availability, security, or other factors. This element should be present if any series elements are present.","Number of Series in the Study. This value given may be larger than the number of series elements this Resource contains due to resource availability, security, or other factors. This element should be present if any series elements are present.","","","","","","","","","",,,,,"",,,,"EHDSImagingStudy.numberOfSeries",0,1,"",""
"EHDSImagingStudy.numberOfInstances","EHDSImagingStudy.numberOfInstances","","","",0,1,"","","","integer {[]} {[]}
","Number of Service-Object Pairs (SOP) Instances in Study. This value given may be larger than the number of instance elements this resource contains due to resource availability, security, or other factors. This element should be present if any instance elements are present.","Number of Service-Object Pairs (SOP) Instances in Study. This value given may be larger than the number of instance elements this resource contains due to resource availability, security, or other factors. This element should be present if any instance elements are present.","","","","","","","","","",,,,,"",,,,"EHDSImagingStudy.numberOfInstances",0,1,"",""
"EHDSImagingStudy.description","EHDSImagingStudy.description","","","",0,1,"","","","string {[]} {[]}
","The Imaging Manager description of the study. Institution-generated description or classification of the Study (component) performed.","The Imaging Manager description of the study. Institution-generated description or classification of the Study (component) performed.","","","","","","","","","",,,,,"",,,,"EHDSImagingStudy.description",0,1,"",""
"EHDSImagingStudy.studyCustodian","EHDSImagingStudy.studyCustodian","","","",0,1,"","","","https://www.xt-ehr.eu/specifications/fhir/StructureDefinition/EHDSOrganisation {[]} {[]}
","Organisation name, address, contact information.","Organisation name, address, contact information.","","","","","","","","","",,,,,"",,,,"EHDSImagingStudy.studyCustodian",0,1,"",""
"EHDSImagingStudy.studyEndpoint","EHDSImagingStudy.studyEndpoint","","","",0,1,"","","","https://www.xt-ehr.eu/specifications/fhir/StructureDefinition/EHDSEndpoint {[]} {[]}
","Study endpoint describing the technical details of a location that can be connected to for the delivery/retrieval of information. Sufficient information is required to ensure that a connection can be made securely, and appropriate data transmitted as defined by the endpoint owner. These may be locally hosted services, regional services, or national service.","Study endpoint describing the technical details of a location that can be connected to for the delivery/retrieval of information. Sufficient information is required to ensure that a connection can be made securely, and appropriate data transmitted as defined by the endpoint owner. These may be locally hosted services, regional services, or national service.","","","","","","","","","",,,,,"",,,,"EHDSImagingStudy.studyEndpoint",0,1,"",""
"EHDSImagingStudy.series","EHDSImagingStudy.series","","","",0,*,"","","","Base {[]} {[]}
","Series. Each study has one or more series of instances","Series. Each study has one or more series of instances","","","","","","","","","",,,,,"",,,,"EHDSImagingStudy.series",0,*,"",""
"EHDSImagingStudy.series.seriesUid","EHDSImagingStudy.series.seriesUid","","","",1,1,"","","","Identifier {[]} {[]}
","DICOM Series Instance UID for the series","DICOM Series Instance UID for the series","","","","","","","","","",,,,,"",,,,"EHDSImagingStudy.series.seriesUid",1,1,"",""
"EHDSImagingStudy.series.number","EHDSImagingStudy.series.number","","","",0,1,"","","","integer {[]} {[]}
","Numeric identifier of this series","Numeric identifier of this series","","","","","","","","","",,,,,"",,,,"EHDSImagingStudy.series.number",0,1,"",""
"EHDSImagingStudy.series.acquisitionModality","EHDSImagingStudy.series.acquisitionModality","","","",1,1,"","","","CodeableConcept {[]} {[]}
","Acquisition modality - the modality used for this series","Acquisition modality - the modality used for this series","","","","","","","","","",,"preferred","DICOM CID029","","",,,,"EHDSImagingStudy.series.acquisitionModality",1,1,"",""
"EHDSImagingStudy.series.description","EHDSImagingStudy.series.description","","","",0,1,"","","","string {[]} {[]}
","A short human readable summary of the series","A short human readable summary of the series","","","","","","","","","",,,,,"",,,,"EHDSImagingStudy.series.description",0,1,"",""
"EHDSImagingStudy.series.numberOfInstances","EHDSImagingStudy.series.numberOfInstances","","","",0,1,"","","","integer {[]} {[]}
","Number of Series Related Instances","Number of Series Related Instances","","","","","","","","","",,,,,"",,,,"EHDSImagingStudy.series.numberOfInstances",0,1,"",""
"EHDSImagingStudy.series.seriesEndpoint","EHDSImagingStudy.series.seriesEndpoint","","","",0,1,"","","","https://www.xt-ehr.eu/specifications/fhir/StructureDefinition/EHDSEndpoint {[]} {[]}
","Series endpoint describing the technical details of a location that can be connected to for the delivery/retrieval of information. Sufficient information is required to ensure that a connection can be made securely, and appropriate data transmitted as defined by the endpoint owner. These may be locally hosted services, regional services, or national service.","Series endpoint describing the technical details of a location that can be connected to for the delivery/retrieval of information. Sufficient information is required to ensure that a connection can be made securely, and appropriate data transmitted as defined by the endpoint owner. These may be locally hosted services, regional services, or national service.","","","","","","","","","",,,,,"",,,,"EHDSImagingStudy.series.seriesEndpoint",0,1,"",""
"EHDSImagingStudy.series.bodySite","EHDSImagingStudy.series.bodySite","","","",0,1,"","","","CodeableConcept {[]} {[]}
","Body part examined","Body part examined","","","","","","","","","",,"preferred","SNOMED CT","","",,,,"EHDSImagingStudy.series.bodySite",0,1,"",""
"EHDSImagingStudy.series.laterality","EHDSImagingStudy.series.laterality","","","",0,1,"","","","CodeableConcept {[]} {[]}
","Body part laterality","Body part laterality","","","","","","","","","",,"preferred","SNOMED CT","","",,,,"EHDSImagingStudy.series.laterality",0,1,"",""
"EHDSImagingStudy.series.specimen","EHDSImagingStudy.series.specimen","","","",0,*,"","","","https://www.xt-ehr.eu/specifications/fhir/StructureDefinition/EHDSSpecimen {[]} {[]}
","Specimen imaged","Specimen imaged","","","","","","","","","",,,,,"",,,,"EHDSImagingStudy.series.specimen",0,*,"",""
"EHDSImagingStudy.series.started","EHDSImagingStudy.series.started","","","",0,1,"","","","dateTime {[]} {[]}
","When the series started","When the series started","","","","","","","","","",,,,,"",,,,"EHDSImagingStudy.series.started",0,1,"",""
"EHDSImagingStudy.series.instancesInTheSeries","EHDSImagingStudy.series.instancesInTheSeries","","","",0,*,"","","","Base {[]} {[]}
","Instances in the series - a single SOP instance from the series","Instances in the series - a single SOP instance from the series","","","","","","","","","",,,,,"",,,,"EHDSImagingStudy.series.instancesInTheSeries",0,*,"",""
"EHDSImagingStudy.series.instancesInTheSeries.instanceTitle","EHDSImagingStudy.series.instancesInTheSeries.instanceTitle","","","",0,1,"","","","string {[]} {[]}
","Instance title that is the description of the instance.","Instance title that is the description of the instance.","","","","","","","","","",,,,,"",,,,"EHDSImagingStudy.series.instancesInTheSeries.instanceTitle",0,1,"",""
"EHDSImagingStudy.series.instancesInTheSeries.instanceUid","EHDSImagingStudy.series.instancesInTheSeries.instanceUid","","","",1,1,"","","","Identifier {[]} {[]}
","DICOM SOP Instance UID","DICOM SOP Instance UID","","","","","","","","","",,,,,"",,,,"EHDSImagingStudy.series.instancesInTheSeries.instanceUid",1,1,"",""
"EHDSImagingStudy.series.instancesInTheSeries.sopClass","EHDSImagingStudy.series.instancesInTheSeries.sopClass","","","",1,1,"","","","uri {[]} {[]}
","SOP class - DICOM class type","SOP class - DICOM class type","","","","","","","","","",,,,,"",,,,"EHDSImagingStudy.series.instancesInTheSeries.sopClass",1,1,"",""
"EHDSImagingStudy.series.instancesInTheSeries.instanceNumber","EHDSImagingStudy.series.instancesInTheSeries.instanceNumber","","","",0,1,"","","","integer {[]} {[]}
","The number of this instance in the series","The number of this instance in the series","","","","","","","","","",,,,,"",,,,"EHDSImagingStudy.series.instancesInTheSeries.instanceNumber",0,1,"",""
