"Id","Path","Slice Name","Alias(s)","Label","Min","Max","Must Support?","Is Modifier?","Is Summary?","Type(s)","Short","Definition","Comments","Requirements","Default Value","Meaning When Missing","Fixed Value","Pattern","Example","Minimum Value","Maximum Value","Maximum Length","Binding Strength","Binding Description","Binding Value Set","Code","Slicing Discriminator","Slicing Description","Slicing Ordered","Slicing Rules","Base Path","Base Min","Base Max","Condition(s)","Constraint(s)","Mapping: RIM Mapping"
"EHDSObservation","EHDSObservation","","","",0,*,"","","","null {[]} {[]}
","Observation model","EHDS refined base model for Observation information","","","","","","","","","",,,,,"",,,,"Base",0,*,"","","n/a"
"EHDSObservation.header","EHDSObservation.header","","","",1,1,"","","","Base {[]} {[]}
","Common header for all patient-related data","Common header for all patient-related data","","","","","","","","","",,,,,"",,,,"EHDSDataSet.header",1,1,"",""
"EHDSObservation.header.subject","EHDSObservation.header.subject","","","",1,1,"","","","https://www.xt-ehr.eu/specifications/fhir/StructureDefinition/EHDSPatient {[]} {[]}
","Patient who is receiving health care. This patient might be different from the direct subject of the observation.","Patient/subject information","","","","","","","","","",,,,,"",,,,"EHDSDataSet.header.subject",1,1,"",""
"EHDSObservation.header.identifier","EHDSObservation.header.identifier","","","",0,*,"","","","Identifier {[]} {[]}
","Business identifier for the object","Business identifier for the object","","","","","","","","","",,,,,"",,,,"EHDSDataSet.header.identifier",0,*,"",""
"EHDSObservation.header.authorship","EHDSObservation.header.authorship","","","",1,*,"","","","Base {[]} {[]}
","Resource authoring details","Resource authoring details","","","","","","","","","",,,,,"",,,,"EHDSDataSet.header.authorship",1,*,"",""
"EHDSObservation.header.authorship.author[x]","EHDSObservation.header.authorship.author[x]","","","",1,1,"","","","https://www.xt-ehr.eu/specifications/fhir/StructureDefinition/EHDSHealthProfessional {[]} {[]}
https://www.xt-ehr.eu/specifications/fhir/StructureDefinition/EHDSOrganisation {[]} {[]}https://www.xt-ehr.eu/specifications/fhir/StructureDefinition/EHDSDevice {[]} {[]}","Author(s) by whom the resource was/were authored. Multiple authors could be provided.","Author(s) by whom the resource was/were authored. Multiple authors could be provided.","","","","","","","","","",,,,,"",,,,"EHDSDataSet.header.authorship.author[x]",1,1,"",""
"EHDSObservation.header.authorship.datetime","EHDSObservation.header.authorship.datetime","","","",1,1,"","","","dateTime {[]} {[]}
","Date and time of authoring/issuing","Date and time of authoring/issuing","","","","","","","","","",,,,,"",,,,"EHDSDataSet.header.authorship.datetime",1,1,"",""
"EHDSObservation.header.lastUpdate","EHDSObservation.header.lastUpdate","","","",0,1,"","","","dateTime {[]} {[]}
","Date and time of the last update to the resource (may be used for technical corrections).","Date and time of the last update to the resource (may be used for technical corrections).","","","","","","","","","",,,,,"",,,,"EHDSDataSet.header.lastUpdate",0,1,"",""
"EHDSObservation.header.status","EHDSObservation.header.status","","","",1,1,"","","","CodeableConcept {[]} {[]}
","Status of the resource or document","Status of the resource or document","","","","","","","","","",,"preferred","HL7 Observation status","","",,,,"EHDSDataSet.header.status",1,1,"",""
"EHDSObservation.header.statusReason[x]","EHDSObservation.header.statusReason[x]","","","",0,1,"","","","CodeableConcept {[]} {[]}
string {[]} {[]}","Reason for the current status of the resource.","Reason for the current status of the resource.","","","","","","","","","",,,,,"",,,,"EHDSDataSet.header.statusReason[x]",0,1,"",""
"EHDSObservation.header.language","EHDSObservation.header.language","","","",0,1,"","","","CodeableConcept {[]} {[]}
","Language in which the resource is written. Language is expressed by the IETF language tag.","Language in which the resource is written. Language is expressed by the IETF language tag.","","","","","","","","","",,"preferred","BCP 47","","",,,,"EHDSDataSet.header.language",0,1,"",""
"EHDSObservation.header.directSubject[x]","EHDSObservation.header.directSubject[x]","","","",0,1,"","","","https://www.xt-ehr.eu/specifications/fhir/StructureDefinition/EHDSPatient {[]} {[]}
https://www.xt-ehr.eu/specifications/fhir/StructureDefinition/EHDSPatientAnimal {[]} {[]}https://www.xt-ehr.eu/specifications/fhir/StructureDefinition/EHDSLocation {[]} {[]}https://www.xt-ehr.eu/specifications/fhir/StructureDefinition/EHDSDevice {[]} {[]}https://www.xt-ehr.eu/specifications/fhir/StructureDefinition/EHDSHealthProfessional {[]} {[]}https://www.xt-ehr.eu/specifications/fhir/StructureDefinition/EHDSOrganisation {[]} {[]}https://www.xt-ehr.eu/specifications/fhir/StructureDefinition/EHDSProcedure {[]} {[]}","The direct subject of the observation if different from the patient (subject of care), e.g. an observation of an implanted device","The direct subject of the observation if different from the patient (subject of care), e.g. an observation of an implanted device","","","","","","","","","",,,,,"",,,,"EHDSObservation.header.directSubject[x]",0,1,"",""
"EHDSObservation.observationDate[x]","EHDSObservation.observationDate[x]","","","",1,1,"","","","dateTime {[]} {[]}
Period {[]} {[]}","Clinically relevant time or time period for the observation","Clinically relevant time or time period for the observation","","","","","","","","","",,,,,"",,,,"EHDSObservation.observationDate[x]",1,1,"",""
"EHDSObservation.code","EHDSObservation.code","","","",1,1,"","","","CodeableConcept {[]} {[]}
","Observation code","Code representing the observation using the agreed code systems.","","","","","","","","","",,"preferred","LOINC, NPU, SNOMED CT","","",,,,"EHDSObservation.code",1,1,"",""
"EHDSObservation.originalName","EHDSObservation.originalName","","","",0,1,"","","","string {[]} {[]}
","Original (conventional) name of the observation","Original (conventional) name of the observation","","","","","","","","","",,,,,"",,,,"EHDSObservation.originalName",0,1,"",""
"EHDSObservation.method","EHDSObservation.method","","","",0,1,"","","","CodeableConcept {[]} {[]}
","Observation method","Observation method (measurement principle) to obtain the result.","","","","","","","","","",,"preferred","SNOMED CT","","",,,,"EHDSObservation.method",0,1,"",""
"EHDSObservation.order","EHDSObservation.order","","","",0,1,"","","","https://www.xt-ehr.eu/specifications/fhir/StructureDefinition/EHDSServiceRequest {[]} {[]}
","Identifies order and order placer this observation belongs to","Identifies order and order placer this observation belongs to","","","","","","","","","",,,,,"",,,,"EHDSObservation.order",0,1,"",""
"EHDSObservation.performer[x]","EHDSObservation.performer[x]","","","",0,1,"","","","https://www.xt-ehr.eu/specifications/fhir/StructureDefinition/EHDSHealthProfessional {[]} {[]}
https://www.xt-ehr.eu/specifications/fhir/StructureDefinition/EHDSPatient {[]} {[]}https://www.xt-ehr.eu/specifications/fhir/StructureDefinition/EHDSRelatedPerson {[]} {[]}","Performer of the observation. Some test could be performed by the patient himself or by a care giver. Those are in the scope of this deliverable under specified conditions.","Performer of the observation. Some test could be performed by the patient himself or by a care giver. Those are in the scope of this deliverable under specified conditions.","","","","","","","","","",,,,,"",,,,"EHDSObservation.performer[x]",0,1,"",""
"EHDSObservation.anatomicLocation","EHDSObservation.anatomicLocation","","","",0,1,"","","","https://www.xt-ehr.eu/specifications/fhir/StructureDefinition/EHDSBodyStructure {[]} {[]}
","Anatomic location and laterality where the observation was performed.","Anatomic location and laterality where the observation was performed.","","","","","","","","","",,,,,"",,,,"EHDSObservation.anatomicLocation",0,1,"",""
"EHDSObservation.result","EHDSObservation.result","","","",0,1,"","","","Base {[]} {[]}
","Result of the observation including text, numeric and coded results of the measurement and measurement uncertainty. Content of the observation result will vary according to the type of the observation.","Result of the observation including text, numeric and coded results of the measurement and measurement uncertainty. Content of the observation result will vary according to the type of the observation.","","","","","","","","","",,,,,"",,,,"EHDSObservation.result",0,1,"",""
"EHDSObservation.result.value[x]","EHDSObservation.result.value[x]","","","",1,1,"","","","string {[]} {[]}
Quantity {[]} {[]}Range {[]} {[]}CodeableConcept {[]} {[]}","Observation result value according to the type of observation","Observation result value according to the type of observation","","","","","","","","","",,"preferred","UCUM for units, SNOMED CT for coded results","","",,,,"EHDSObservation.result.value[x]",1,1,"",""
"EHDSObservation.result.uncertainty","EHDSObservation.result.uncertainty","","","",0,1,"","","","Base {[]} {[]}
","Measurement uncertainty type and interval if needed.","Measurement uncertainty type and interval if needed.","","","","","","","","","",,,,,"",,,,"EHDSObservation.result.uncertainty",0,1,"",""
"EHDSObservation.dataAbsentReason","EHDSObservation.dataAbsentReason","","","",0,1,"","","","CodeableConcept {[]} {[]}
","Provides a reason why the expected value in the element Observation.value[x] is missing.","Provides a reason why the expected value in the element Observation.value[x] is missing.","","","","","","","","","",,"preferred","HL7 Data absent reason","","",,,,"EHDSObservation.dataAbsentReason",0,1,"",""
"EHDSObservation.referenceRange","EHDSObservation.referenceRange","","","",0,*,"","","","Base {[]} {[]}
","Reference range, multiple reference ranges of different types culd by provided. Provides guide for interpretation of result.","Reference range, multiple reference ranges of different types culd by provided. Provides guide for interpretation of result.","Reference ranges are usually implied only for a numeric scale type. Use of the same units for reference range and value is implied.","","","","","","","","",,,,,"",,,,"EHDSObservation.referenceRange",0,*,"",""
"EHDSObservation.interpretation","EHDSObservation.interpretation","","","",0,*,"","","","CodeableConcept {[]} {[]}
","Information about reference intervals and result interpretation.","Information about reference intervals and result interpretation.","","","","","","","","","",,"preferred","SNOMED CT, HL7 ObservationInterpretation","","",,,,"EHDSObservation.interpretation",0,*,"",""
"EHDSObservation.resultDescription","EHDSObservation.resultDescription","","","",0,1,"","","","string {[]} {[]}
","Comments and narrative representation of the observation result and findings.","Comments and narrative representation of the observation result and findings.","","","","","","","","","",,,,,"",,,,"EHDSObservation.resultDescription",0,1,"",""
"EHDSObservation.component","EHDSObservation.component","","","",0,*,"","","","Base {[]} {[]}
","Component in case the observation consists of multiple sub-observations (e.g. blood pressure).","Component in case the observation consists of multiple sub-observations (e.g. blood pressure).","","","","","","","","","",,,,,"",,,,"EHDSObservation.component",0,*,"",""
"EHDSObservation.component.code","EHDSObservation.component.code","","","",1,1,"","","","CodeableConcept {[]} {[]}
","Code representing the observation using the agreed code systems.","Code representing the observation using the agreed code systems.","","","","","","","","","",,"preferred","LOINC, NPU, SNOMED CT","","",,,,"EHDSObservation.component.code",1,1,"",""
"EHDSObservation.component.result","EHDSObservation.component.result","","","",0,1,"","","","Base {[]} {[]}
","Result of the observation including text, numeric and coded results of the measurement and measurement uncertainty. Content of the observation result will vary according to the type of the observation.","Result of the observation including text, numeric and coded results of the measurement and measurement uncertainty. Content of the observation result will vary according to the type of the observation.","","","","","","","","","",,,,,"",,,,"EHDSObservation.component.result",0,1,"",""
"EHDSObservation.component.result.value[x]","EHDSObservation.component.result.value[x]","","","",1,1,"","","","string {[]} {[]}
Quantity {[]} {[]}Range {[]} {[]}CodeableConcept {[]} {[]}","Observation result value according to the type of observation","Observation result value according to the type of observation","","","","","","","","","",,,,,"",,,,"EHDSObservation.component.result.value[x]",1,1,"",""
"EHDSObservation.component.result.uncertainty","EHDSObservation.component.result.uncertainty","","","",0,1,"","","","Base {[]} {[]}
","Measurement uncertainty type and interval if needed.","Measurement uncertainty type and interval if needed.","","","","","","","","","",,,,,"",,,,"EHDSObservation.component.result.uncertainty",0,1,"",""
"EHDSObservation.component.dataAbsentReason","EHDSObservation.component.dataAbsentReason","","","",0,1,"","","","CodeableConcept {[]} {[]}
","Provides a reason why the expected value in the element Observation.value[x] is missing.","Provides a reason why the expected value in the element Observation.value[x] is missing.","","","","","","","","","",,"preferred","HL7 Data absent reason","","",,,,"EHDSObservation.component.dataAbsentReason",0,1,"",""
"EHDSObservation.component.referenceRange","EHDSObservation.component.referenceRange","","","",0,*,"","","","Base {[]} {[]}
","Reference range, multiple reference ranges of different types culd by provided. Provides guide for interpretation of result.","Reference range, multiple reference ranges of different types culd by provided. Provides guide for interpretation of result.","Reference ranges are usually implied only for a numeric scale type. Use of the same units for reference range and value is implied.","","","","","","","","",,,,,"",,,,"EHDSObservation.component.referenceRange",0,*,"",""
"EHDSObservation.component.interpretation","EHDSObservation.component.interpretation","","","",0,*,"","","","CodeableConcept {[]} {[]}
","Information about reference intervals and result interpretation.","Information about reference intervals and result interpretation.","","","","","","","","","",,"preferred","SNOMED CT, HL7 ObservationInterpretation","","",,,,"EHDSObservation.component.interpretation",0,*,"",""
"EHDSObservation.derivedFrom[x]","EHDSObservation.derivedFrom[x]","","","",0,*,"","","","https://www.xt-ehr.eu/specifications/fhir/StructureDefinition/EHDSObservation {[]} {[]}
https://www.xt-ehr.eu/specifications/fhir/StructureDefinition/EHDSLaboratoryObservation {[]} {[]}https://www.xt-ehr.eu/specifications/fhir/StructureDefinition/EHDSImagingStudy {[]} {[]}","Reference to the related resource from which the observation has been made. For example, a calculated anion gap or a fetal measurement based on an ultrasound image.","Reference to the related resource from which the observation has been made. For example, a calculated anion gap or a fetal measurement based on an ultrasound image.","","","","","","","","","",,,,,"",,,,"EHDSObservation.derivedFrom[x]",0,*,"",""
"EHDSObservation.triggeredBy[x]","EHDSObservation.triggeredBy[x]","","","",0,*,"","","","https://www.xt-ehr.eu/specifications/fhir/StructureDefinition/EHDSLaboratoryObservation {[]} {[]}
https://www.xt-ehr.eu/specifications/fhir/StructureDefinition/EHDSObservation {[]} {[]}","References to the observation(s) that triggered the performance of this observation.","References to the observation(s) that triggered the performance of this observation.","","","","","","","","","",,,,,"",,,,"EHDSObservation.triggeredBy[x]",0,*,"",""
"EHDSObservation.hasMember[x]","EHDSObservation.hasMember[x]","","","",0,*,"","","","https://www.xt-ehr.eu/specifications/fhir/StructureDefinition/EHDSLaboratoryObservation {[]} {[]}
https://www.xt-ehr.eu/specifications/fhir/StructureDefinition/EHDSObservation {[]} {[]}","This observation is a group observation (e.g. a battery, a panel of tests, a set of vital sign measurements) that includes the target as a member of the group.","This observation is a group observation (e.g. a battery, a panel of tests, a set of vital sign measurements) that includes the target as a member of the group.","","","","","","","","","",,,,,"",,,,"EHDSObservation.hasMember[x]",0,*,"",""
