"Id","Path","Slice Name","Alias(s)","Label","Min","Max","Must Support?","Is Modifier?","Is Summary?","Type(s)","Short","Definition","Comments","Requirements","Default Value","Meaning When Missing","Fixed Value","Pattern","Example","Minimum Value","Maximum Value","Maximum Length","Binding Strength","Binding Description","Binding Value Set","Code","Slicing Discriminator","Slicing Description","Slicing Ordered","Slicing Rules","Base Path","Base Min","Base Max","Condition(s)","Constraint(s)","Mapping: RIM Mapping"
"EHDSPatientAnimal","EHDSPatientAnimal","","","",0,*,"","","","null {[]} {[]}
","Patient Animal model","EHDS refined base model for Patient:Animal","","","","","","","","","",,,,,"",,,,"Base",0,*,"","","n/a"
"EHDSPatientAnimal.animalIdentifier","EHDSPatientAnimal.animalIdentifier","","","",1,*,"","","","Identifier {[]} {[]}
","Animal identifier","An identifier of the animal that is unique within a defined scope.  Multiple identifiers could be provided. ","","","","","","","","","",,,,,"",,,,"EHDSPatientAnimal.animalIdentifier",1,*,"",""
"EHDSPatientAnimal.species","EHDSPatientAnimal.species","","","",1,1,"","","","CodeableConcept {[]} {[]}
","Species","Identifies the high level taxonomic categorization of the kind of animal. E.g. Dog, Cow.","","","","","","","","","",,"preferred","SNOMED CT","","",,,,"EHDSPatientAnimal.species",1,1,"",""
"EHDSPatientAnimal.breed","EHDSPatientAnimal.breed","","","",0,1,"","","","CodeableConcept {[]} {[]}
","Breed","Identifies the detailed categorization of the kind of animal. E.g. Poodle, Angus.","","","","","","","","","",,"preferred","SNOMED CT","","",,,,"EHDSPatientAnimal.breed",0,1,"",""
"EHDSPatientAnimal.genderStatus","EHDSPatientAnimal.genderStatus","","","",0,1,"","","","CodeableConcept {[]} {[]}
","Gender status","Indicates the current state of the animal's reproductive organs. E.g. Neutered, Intact.","","","","","","","","","",,"preferred","hl7:animal-genderstatus","","",,,,"EHDSPatientAnimal.genderStatus",0,1,"",""
"EHDSPatientAnimal.name","EHDSPatientAnimal.name","","","",0,*,"","","","http://www.xt-ehr.eu/fhir/models/StructureDefinition/EHDSHumanName {[]} {[]}
","Name","Name of the animal.","","","","","","","","","",,,,,"",,,,"EHDSPatientAnimal.name",0,*,"",""
"EHDSPatientAnimal.dateOfBirth","EHDSPatientAnimal.dateOfBirth","","","",0,1,"","","","date {[]} {[]}
","Date of birth","The date of birth for the animal.","","","","","","","","","",,,,,"",,,,"EHDSPatientAnimal.dateOfBirth",0,1,"",""
"EHDSPatientAnimal.gender","EHDSPatientAnimal.gender","","","",0,1,"","","","CodeableConcept {[]} {[]}
","Gender","The gender of the animal.","","","","","","","","","",,"preferred","HL7 Administrative Gender","","",,,,"EHDSPatientAnimal.gender",0,1,"",""
"EHDSPatientAnimal.address","EHDSPatientAnimal.address","","","",0,*,"","","","http://www.xt-ehr.eu/fhir/models/StructureDefinition/EHDSAddress {[]} {[]}
","Address","Address where the animal is located. The addresses are always sequences of address parts (e.g. street address line, country, ZIP code, city) even if postal address formats may vary depending on the country. An address may or may not include a specific use code; if this attribute is not present it is assumed to be the default address useful for any purpose.","","","","","","","","","",,,,,"",,,,"EHDSPatientAnimal.address",0,*,"",""
"EHDSPatientAnimal.deceased[x]","EHDSPatientAnimal.deceased[x]","","","",0,1,"","","","boolean {[]} {[]}
dateTime {[]} {[]}","Deceased","Indicates if the individual is deceased or not.","","","","","","","","","",,,,,"",,,,"EHDSPatientAnimal.deceased[x]",0,1,"",""
