"Id","Path","Slice Name","Alias(s)","Label","Min","Max","Must Support?","Is Modifier?","Is Summary?","Type(s)","Short","Definition","Comments","Requirements","Default Value","Meaning When Missing","Fixed Value","Pattern","Example","Minimum Value","Maximum Value","Maximum Length","Binding Strength","Binding Description","Binding Value Set","Code","Slicing Discriminator","Slicing Description","Slicing Ordered","Slicing Rules","Base Path","Base Min","Base Max","Condition(s)","Constraint(s)","Mapping: RIM Mapping"
"EHDSProcedure","EHDSProcedure","","","",0,*,"","","","null {[]} {[]}
","Procedure model","C.16 - EHDS refined base model for An action that is or was performed on or for a patient","","","","","","","","","",,,,,"",,,,"Base",0,*,"","","n/a"
"EHDSProcedure.header","EHDSProcedure.header","","","",1,*,"","","","Base {[]} {[]}
","Common header for all patient-related data","Common header for all patient-related data","","","","","","","","","",,,,,"",,,,"EHDSDataSet.header",1,*,"",""
"EHDSProcedure.header.subject","EHDSProcedure.header.subject","","","",1,1,"","","","https://www.xt-ehr.eu/specifications/fhir/StructureDefinition/EHDSPatient {[]} {[]}
","Subject","Patient/subject information","","","","","","","","","",,,,,"",,,,"EHDSDataSet.header.subject",1,1,"",""
"EHDSProcedure.header.identifier","EHDSProcedure.header.identifier","","","",0,*,"","","","Identifier {[]} {[]}
","Business identifier for the object","Business identifier for the object","","","","","","","","","",,,,,"",,,,"EHDSDataSet.header.identifier",0,*,"",""
"EHDSProcedure.header.authorship","EHDSProcedure.header.authorship","","","",1,*,"","","","Base {[]} {[]}
","Authorship","Resource authoring details","","","","","","","","","",,,,,"",,,,"EHDSDataSet.header.authorship",1,*,"",""
"EHDSProcedure.header.authorship.author[x]","EHDSProcedure.header.authorship.author[x]","","","",1,1,"","","","https://www.xt-ehr.eu/specifications/fhir/StructureDefinition/EHDSHealthProfessional {[]} {[]}
https://www.xt-ehr.eu/specifications/fhir/StructureDefinition/EHDSOrganization {[]} {[]}https://www.xt-ehr.eu/specifications/fhir/StructureDefinition/EHDSDevice {[]} {[]}","Author","Author(s) by whom the resource was/were authored. Multiple authors could be provided.","","","","","","","","","",,,,,"",,,,"EHDSDataSet.header.authorship.author[x]",1,1,"",""
"EHDSProcedure.header.authorship.datetime","EHDSProcedure.header.authorship.datetime","","","",1,1,"","","","dateTime {[]} {[]}
","Date and time of authoring/issuing","Date and time of the issuing the document/resource by its author.","","","","","","","","","",,,,,"",,,,"EHDSDataSet.header.authorship.datetime",1,1,"",""
"EHDSProcedure.header.lastUpdate","EHDSProcedure.header.lastUpdate","","","",0,1,"","","","dateTime {[]} {[]}
","Date and time of the last update to the resource","Date and time of the last update to the document/information","","","","","","","","","",,,,,"",,,,"EHDSDataSet.header.lastUpdate",0,1,"",""
"EHDSProcedure.header.status","EHDSProcedure.header.status","","","",1,1,"","","","CodeableConcept {[]} {[]}
","Status of the resource","Status of the resource","","","","","","","","","",,,,,"",,,,"EHDSDataSet.header.status",1,1,"",""
"EHDSProcedure.header.statusReason[x]","EHDSProcedure.header.statusReason[x]","","","",0,1,"","","","CodeableConcept {[]} {[]}
string {[]} {[]}","Reason for the current status of the resource.","Reason for the current status of the resource.","","","","","","","","","",,,,,"",,,,"EHDSDataSet.header.statusReason[x]",0,1,"",""
"EHDSProcedure.header.language","EHDSProcedure.header.language","","","",0,1,"","","","CodeableConcept {[]} {[]}
","Language","Language in which the resource is written. Language is expressed by the IETF language tag.","","","","","","","","","",,"preferred","BCP 47","","",,,,"EHDSDataSet.header.language",0,1,"",""
"EHDSProcedure.header.version","EHDSProcedure.header.version","","","",0,1,"","","","string {[]} {[]}
","Version","Business version of the resource.","","","","","","","","","",,,,,"",,,,"EHDSDataSet.header.version",0,1,"",""
"EHDSProcedure.presentedForm","EHDSProcedure.presentedForm","","","",0,*,"","","","https://www.xt-ehr.eu/specifications/fhir/StructureDefinition/EHDSAttachment {[]} {[]}
","A narrative easy-to-read representation of the full data set, e.g. PDF-version of a document","A narrative easy-to-read representation of the full data set, e.g. PDF-version of a document","","","","","","","","","",,,,,"",,,,"EHDSDataSet.presentedForm",0,*,"",""
"EHDSProcedure.procedure","EHDSProcedure.procedure","","","",0,1,"","","","CodeableConcept {[]} {[]}
","Code identifying the procedure","Code identifying the procedure","","","","","","","","","",,"example","1.3.6.1.4.1.12559.11.10.1.3.1.42.10 eHDSIProcedure (SCT, used in MH@EU). NCSP+","","",,,,"EHDSProcedure.procedure",0,1,"",""
"EHDSProcedure.date","EHDSProcedure.date","","","",0,1,"","","","dateTime {[]} {[]}
","Date when the procedure was performed","Date when the procedure was performed","","","","","","","","","",,,,,"",,,,"EHDSProcedure.date",0,1,"",""
"EHDSProcedure.bodySite","EHDSProcedure.bodySite","","","",0,*,"","","","CodeableConcept {[]} {[]}
","Procedure target body site. Details of where the procedure was performed.","Procedure target body site. Details of where the procedure was performed. In some cases, it might be needed to consider the laterality as qualifier of the body site.","","","","","","","","","",,"example","1.3.6.1.4.1.12559.11.10.1.3.1.42.65 eHDSIBodySite (SCT, used in MH@EU); http://hl7.org/fhir/ValueSet/condition-ver-status (required in HL7 FHIR)","","",,,,"EHDSProcedure.bodySite",0,*,"",""
"EHDSProcedure.status","EHDSProcedure.status","","","",1,1,"","","","code {[]} {[]}
","Status of the procedure","This element shall be present when used to describe a procedure event. It shall have the value 'completed' for procedures that have been completed and 'active' for procedures that are still in progress. Procedures that were stopped prior to completion shall use the value 'aborted', and procedures that were cancelled before being started shall use the value 'cancelled'.","","","","","","","","","",,"example","2.16.840.1.113883.3.1937.777.11.11.3 ActStatusActiveAbortedCancelledCompleted","","",,,,"EHDSProcedure.status",1,1,"",""
"EHDSProcedure.priorityCode","EHDSProcedure.priorityCode","","","",1,1,"","","","CodeableConcept {[]} {[]}
","It indicates the priority of the procedure.","It indicates the priority of the procedure.","","","","","","","","","",,"example","2.16.840.1.113883.1.11.16866 ActPriority","","",,,,"EHDSProcedure.priorityCode",1,1,"",""
