"Id","Path","Slice Name","Alias(s)","Label","Min","Max","Must Support?","Is Modifier?","Is Summary?","Type(s)","Short","Definition","Comments","Requirements","Default Value","Meaning When Missing","Fixed Value","Pattern","Example","Minimum Value","Maximum Value","Maximum Length","Binding Strength","Binding Description","Binding Value Set","Code","Slicing Discriminator","Slicing Description","Slicing Ordered","Slicing Rules","Base Path","Base Min","Base Max","Condition(s)","Constraint(s)","Mapping: RIM Mapping"
"EHDSRelatedPerson","EHDSRelatedPerson","","","",0,*,"","","","null {[]} {[]}
","Related person (model)","C.13 - EHDS refined base model for Patient/subject related person information","","","","","","","","","",,,,,"",,,,"Base",0,*,"","","n/a"
"EHDSRelatedPerson.personalIdentifier","EHDSRelatedPerson.personalIdentifier","","","",0,*,"","","","Identifier {[]} {[]}
","C.13.1 - Personal identifier","An identifier of the related person that is unique within a defined scope. Example: National ID (birth number) for the Czech citizen. Multiple identifiers could be provided. ","","","","","","","","","",,,,,"",,,,"EHDSRelatedPerson.personalIdentifier",0,*,"",""
"EHDSRelatedPerson.name","EHDSRelatedPerson.name","","","",0,*,"","","","HumanName {[]} {[]}
","C.13.2 - Name","Name associated with the person. Name might consists of name parts, e.g. Given name or names, family name/surname, name prefix etc.","","","","","","","","","",,,,,"",,,,"EHDSRelatedPerson.name",0,*,"",""
"EHDSRelatedPerson.relationship","EHDSRelatedPerson.relationship","","","",0,1,"","","","CodeableConcept {[]} {[]}
","C.13.3 - Relationship","Relationship between a patient and a contact person for that patient","","","","","","","","","",,,,,"",,,,"EHDSRelatedPerson.relationship",0,1,"",""
"EHDSRelatedPerson.address","EHDSRelatedPerson.address","","","",0,*,"","","","https://www.xt-ehr.eu/specifications/fhir/StructureDefinition/EHDSAddress {[]} {[]}
","C.13.4 - Address","Mailing and home or office addresses. The addresses are always sequences of address parts (e.g. street address line, country, ZIP code, city) even if postal address formats may vary depending on the country. An address may or may not include a specific use code; if this attribute is not present it is assumed to be the default address useful for any purpose.","","","","","","","","","",,,,,"",,,,"EHDSRelatedPerson.address",0,*,"",""
"EHDSRelatedPerson.telecom","EHDSRelatedPerson.telecom","","","",0,*,"","","","https://www.xt-ehr.eu/specifications/fhir/StructureDefinition/EHDSTelecom {[]} {[]}
","C.13.5 - Telecom","Telecommunication contact information (addresses) associated to a person. Multiple telecommunication addresses might be provided.","","","","","","","","","",,,,,"",,,,"EHDSRelatedPerson.telecom",0,*,"",""
