"Id","Path","Slice Name","Alias(s)","Label","Min","Max","Must Support?","Is Modifier?","Is Summary?","Type(s)","Short","Definition","Comments","Requirements","Default Value","Meaning When Missing","Fixed Value","Pattern","Example","Minimum Value","Maximum Value","Maximum Length","Binding Strength","Binding Description","Binding Value Set","Code","Slicing Discriminator","Slicing Description","Slicing Ordered","Slicing Rules","Base Path","Base Min","Base Max","Condition(s)","Constraint(s)","Mapping: RIM Mapping"
"EHNPatient","EHNPatient","","","",0,*,"","","","null {[]} {[]}
","eHN Patient","eHN Dataset for identification of the patient/subject","","","","","","","","","",,,,,"",,,,"Base",0,*,"","","n/a"
"EHNPatient.personalIdentifier","EHNPatient.personalIdentifier","","","",0,*,"","","","Identifier {[]} {[]}
","Personal identifier","An identifier of the patient that is unique within a defined scope. Example: National ID (birth number) for a Czech patient. Multiple identifiers could be provided","","","","","","","","","",,,,,"",,,,"EHNPatient.personalIdentifier",0,*,"",""
"EHNPatient.familyNameSurname","EHNPatient.familyNameSurname","","","",0,*,"","","","string {[]} {[]}
","Family name/surname","The family name/surname/last name of the patient [ISO TS 22220:2011]. This field can contain more than one element or multiple data elements could be present.","","","","","","","","","",,,,,"",,,,"EHNPatient.familyNameSurname",0,*,"",""
"EHNPatient.givenName","EHNPatient.givenName","","","",0,*,"","","","string {[]} {[]}
","Given name","The given name/first name of the patient (also known as forename or first name) [ISO TS 22220:2011]. This field can contain more than one element.","","","","","","","","","",,,,,"",,,,"EHNPatient.givenName",0,*,"",""
"EHNPatient.dateOfBirth","EHNPatient.dateOfBirth","","","",0,*,"","","","string {[]} {[]}
","Date of birth","The date of birth of the patient [ISO TS 22220]. As age of the patient might be important for correct interpretation of the test result values, complete date of birth should be provided.","","","","","","","","","",,,,,"",,,,"EHNPatient.dateOfBirth",0,*,"",""
"EHNPatient.gender","EHNPatient.gender","","","",0,*,"","","","CodeableConcept {[]} {[]}
","Gender","Value for ""administrative gender"". If different, ""physiological gender"" should be communicated elsewhere.","","","","","","","","","",,,,,"",,,,"EHNPatient.gender",0,*,"",""
"EHNPatient.countryOfAffiliation","EHNPatient.countryOfAffiliation","","","",0,*,"","","","CodeableConcept {[]} {[]}
","Country of affiliation","Name of country of affiliation","","","","","","","","","",,,,,"",,,,"EHNPatient.countryOfAffiliation",0,*,"",""
"EHNPatient.nativeLanguage","EHNPatient.nativeLanguage","","","",0,*,"","","","CodeableConcept {[]} {[]}
","Native language","The native language of the patient. This may be important for the information that is given to the patient regarding use of the prescribed product [N1228 ISO NP TS 17251].","","","","","","","","","",,,,,"",,,,"EHNPatient.nativeLanguage",0,*,"",""
"EHNPatient.nationality","EHNPatient.nationality","","","",0,*,"","","","CodeableConcept {[]} {[]}
","Nationality","Nationality of the patient.","","","","","","","","","",,,,,"",,,,"EHNPatient.nationality",0,*,"",""
