"Id","Path","Slice Name","Alias(s)","Label","Min","Max","Must Support?","Is Modifier?","Is Summary?","Type(s)","Short","Definition","Comments","Requirements","Default Value","Meaning When Missing","Fixed Value","Pattern","Example","Minimum Value","Maximum Value","Maximum Length","Binding Strength","Binding Description","Binding Value Set","Code","Slicing Discriminator","Slicing Description","Slicing Ordered","Slicing Rules","Base Path","Base Min","Base Max","Condition(s)","Constraint(s)","Mapping: RIM Mapping"
"EHNDocumentMetadata","EHNDocumentMetadata","","","",0,*,"","","","null {[]} {[]}
","eHN Document Metadata","eHN Dataset for Document Metadata","","","","","","","","","",,,,,"",,,,"Base",0,*,"","","n/a"
"EHNDocumentMetadata.identifier","EHNDocumentMetadata.identifier","","","",0,*,"","","","Identifier {[]} {[]}
","Document Identifier","Unique identifier of the document","","","","","","","","","",,,,,"",,,,"EHNDocumentMetadata.identifier",0,*,"",""
"EHNDocumentMetadata.type","EHNDocumentMetadata.type","","","",0,*,"","","","CodeableConcept {[]} {[]}
","Document type","Identifies the type of document at hand, e.g. Laboratory report. Includes document name.","","","","","","","","","",,,,,"",,,,"EHNDocumentMetadata.type",0,*,"",""
"EHNDocumentMetadata.status","EHNDocumentMetadata.status","","","",0,*,"","","","CodeableConcept {[]} {[]}
","Document status","The status of the report. E.g., preliminary, final.","","","","","","","","","",,,,,"",,,,"EHNDocumentMetadata.status",0,*,"",""
"EHNDocumentMetadata.issueDate","EHNDocumentMetadata.issueDate","","","",0,*,"","","","dateTime {[]} {[]}
","Issue date","Date and optionally the time of issuing the document (according to the local implementation rules, this could be either the date of authoring or signing the document).","","","","","","","","","",,,,,"",,,,"EHNDocumentMetadata.issueDate",0,*,"",""
"EHNDocumentMetadata.language","EHNDocumentMetadata.language","","","",0,*,"","","","CodeableConcept {[]} {[]}
","Language","Language in which the document is written. Language is expressed by the ISO language code.","","","","","","","","","",,,,,"",,,,"EHNDocumentMetadata.language",0,*,"",""
"EHNDocumentMetadata.version","EHNDocumentMetadata.version","","","",0,*,"","","","string {[]} {[]}
","Version","Version of the document","","","","","","","","","",,,,,"",,,,"EHNDocumentMetadata.version",0,*,"",""
"EHNDocumentMetadata.lastUpdated","EHNDocumentMetadata.lastUpdated","","","",0,*,"","","","dateTime {[]} {[]}
","Date of last update","Date on which document was modified (date of most recent version)","","","","","","","","","",,,,,"",,,,"EHNDocumentMetadata.lastUpdated",0,*,"",""
"EHNDocumentMetadata.confidentiality","EHNDocumentMetadata.confidentiality","","","",0,*,"","","","CodeableConcept {[]} {[]}
","Confidentiality","Level of confidentiality of the document. Implicit value is normal.","","","","","","","","","",,,,,"",,,,"EHNDocumentMetadata.confidentiality",0,*,"",""
