"Id","Path","Slice Name","Alias(s)","Label","Min","Max","Must Support?","Is Modifier?","Is Summary?","Type(s)","Short","Definition","Comments","Requirements","Default Value","Meaning When Missing","Fixed Value","Pattern","Example","Minimum Value","Maximum Value","Maximum Length","Binding Strength","Binding Description","Binding Value Set","Code","Slicing Discriminator","Slicing Description","Slicing Ordered","Slicing Rules","Base Path","Base Min","Base Max","Condition(s)","Constraint(s)","Mapping: RIM Mapping"
"EHNOrganizationModel","EHNOrganizationModel","","","",0,*,"","","","null {[]} {[]}
","eHN HP Organisation","eHN Dataset for health professional organisation","","","","","","","","","",,,,,"",,,,"Base",0,*,"","","n/a"
"EHNOrganizationModel.identifier","EHNOrganizationModel.identifier","","","",0,*,"","","","Identifier {[]} {[]}
","Organisation ID","The healthcare provider organisation identifier. Identifier that is unique within a defined scope. Example: National healthcare provider ID. Multiple identifiers could be provided.","","","","","","","","","",,,,,"",,,,"EHNOrganizationModel.identifier",0,*,"",""
"EHNOrganizationModel.name","EHNOrganizationModel.name","","","",0,*,"","","","string {[]} {[]}
","Organisation name","The healthcare provider organisation information.","","","","","","","","","",,,,,"",,,,"EHNOrganizationModel.name",0,*,"",""
"EHNOrganizationModel.address","EHNOrganizationModel.address","","","",0,*,"","","","Address {[]} {[]}
","Address","Mailing and home or office addresses. The addresses are always sequences of address parts (e.g. street address line, country, postcode, city) even if postal address formats may vary depending on the country. An address may or may not include a specific use code; if this attribute is not present it is assumed to be the default address useful for any purpose.","","","","","","","","","",,,,,"",,,,"EHNOrganizationModel.address",0,*,"",""
"EHNOrganizationModel.telecom","EHNOrganizationModel.telecom","","","",0,*,"","","","ExtendedContactDetail {[]} {[]}
","Telecom","Telecommunication contact information (addresses) associated with a person, such as phone number, email, or messaging service. Multiple telecommunication addresses might be provided.","","","","","","","","","",,,,,"",,,,"EHNOrganizationModel.telecom",0,*,"",""
"EHNOrganizationModel.networkAffiliation","EHNOrganizationModel.networkAffiliation","","","",0,*,"","","","Reference {[]} {[CanonicalType[https://www.xt-ehr.eu/specifications/fhir/StructureDefinition/EHNOrganizationModel]]}
","Network affiliation","The HP organization is affiliated with a European network, for example an ERN.","","","","","","","","","",,,,,"",,,,"EHNOrganizationModel.networkAffiliation",0,*,"",""
"EHNOrganizationModel.relatedWith","EHNOrganizationModel.relatedWith","","","",0,*,"","","","Reference {[]} {[CanonicalType[http://hl7.org/fhir/StructureDefinition/Resource]]}
","Related with","Identify the entry or entries of this Patient Summary for which the health professional is the preferred contact.","","","","","","","","","",,,,,"",,,,"EHNOrganizationModel.relatedWith",0,*,"",""
"EHNOrganizationModel.detailsForDirectContact","EHNOrganizationModel.detailsForDirectContact","","","",1,1,"","","","ExtendedContactDetail {[]} {[]}
","Details for direct contact","Details for direct contact could be an email address and/or phone/fax number of the prescriber in order for the dispenser and/or patient to contact the prescriber. This might be necessary if problems arise with dosage, allergies, reimbursement etc.","","","","","","","","","",,,,,"",,,,"EHNOrganizationModel.detailsForDirectContact",1,1,"",""
