"Id","Path","Slice Name","Alias(s)","Label","Min","Max","Must Support?","Is Modifier?","Is Summary?","Type(s)","Short","Definition","Comments","Requirements","Default Value","Meaning When Missing","Fixed Value","Pattern","Example","Minimum Value","Maximum Value","Maximum Length","Binding Strength","Binding Description","Binding Value Set","Code","Slicing Discriminator","Slicing Description","Slicing Ordered","Slicing Rules","Base Path","Base Min","Base Max","Condition(s)","Constraint(s)","Mapping: RIM Mapping"
"EHDSLaboratoryReport","EHDSLaboratoryReport","","","",0,*,"","","","null {[]} {[]}
","Laboratory Report (model)","A - EHDS refined base model for Laboratory Result Report","","","","","","","","","",,,,,"",,,,"Base",0,*,"","","n/a"
"EHDSLaboratoryReport.laboratoryReportHeader","EHDSLaboratoryReport.laboratoryReportHeader","","","",1,1,"","","","https://www.xt-ehr.eu/specifications/fhir/StructureDefinition/EHDSLaboratoryReportHeader {[]} {[]}
","A.1 - Laboratory Report header","Report header data elements","","","","","","","","","",,,,,"",,,,"EHDSLaboratoryReport.laboratoryReportHeader",1,1,"",""
"EHDSLaboratoryReport.laboratoryReportBody","EHDSLaboratoryReport.laboratoryReportBody","","","",1,1,"","","","https://www.xt-ehr.eu/specifications/fhir/StructureDefinition/EHDSLaboratoryReportBody {[]} {[]}
","B.2 - Laboratory Report body","Report body data elements","","","","","","","","","",,,,,"",,,,"EHDSLaboratoryReport.laboratoryReportBody",1,1,"",""
