"Id","Path","Slice Name","Alias(s)","Label","Min","Max","Must Support?","Is Modifier?","Is Summary?","Type(s)","Short","Definition","Comments","Requirements","Default Value","Meaning When Missing","Fixed Value","Pattern","Example","Minimum Value","Maximum Value","Maximum Length","Binding Strength","Binding Description","Binding Value Set","Code","Slicing Discriminator","Slicing Description","Slicing Ordered","Slicing Rules","Base Path","Base Min","Base Max","Condition(s)","Constraint(s)","Mapping: RIM Mapping"
"EHDSLocation","EHDSLocation","","","",0,*,"","","","null {[]} {[]}
","Location model","EHDS refined base model for Details and position information for a place where services are provided and resources and participants may be stored, found, contained, or accommodated.","","","","","","","","","",,,,,"",,,,"Base",0,*,"","","n/a"
"EHDSLocation.identifier","EHDSLocation.identifier","","","",0,*,"","","","Identifier {[]} {[]}
","Location identifier","Location identifier","","","","","","","","","",,,,,"",,,,"EHDSLocation.identifier",0,*,"",""
"EHDSLocation.name","EHDSLocation.name","","","",0,1,"","","","string {[]} {[]}
","Name of the location as used by humans","Name of the location as used by humans","","","","","","","","","",,,,,"",,,,"EHDSLocation.name",0,1,"",""
"EHDSLocation.description","EHDSLocation.description","","","",0,1,"","","","string {[]} {[]}
","Additional details about the location that could be displayed as further information to identify the location beyond its name","Additional details about the location that could be displayed as further information to identify the location beyond its name","","","","","","","","","",,,,,"",,,,"EHDSLocation.description",0,1,"",""
"EHDSLocation.type","EHDSLocation.type","","","",0,*,"","","","CodeableConcept {[]} {[]}
","Type of function performed at the location","Type of function performed at the location","","","","","","","","","",,"preferred","HL7 ServiceDeliveryLocationRoleType","","",,,,"EHDSLocation.type",0,*,"",""
"EHDSLocation.address","EHDSLocation.address","","","",0,1,"","","","http://www.xt-ehr.eu/fhir/models/StructureDefinition/EHDSAddress {[]} {[]}
","Physical location address","Physical location address","","","","","","","","","",,,,,"",,,,"EHDSLocation.address",0,1,"",""
"EHDSLocation.managingOrganisation","EHDSLocation.managingOrganisation","","","",0,1,"","","","http://www.xt-ehr.eu/fhir/models/StructureDefinition/EHDSOrganisation {[]} {[]}
","The organisation responsible for the provisioning and upkeep of the location","The organisation responsible for the provisioning and upkeep of the location","","","","","","","","","",,,,,"",,,,"EHDSLocation.managingOrganisation",0,1,"",""
"EHDSLocation.partOf","EHDSLocation.partOf","","","",0,1,"","","","http://www.xt-ehr.eu/fhir/models/StructureDefinition/EHDSOrganisation {[]} {[]}
","Another location of which this location is physically a part of","Another location of which this location is physically a part of","","","","","","","","","",,,,,"",,,,"EHDSLocation.partOf",0,1,"",""
