"Id","Path","Slice Name","Alias(s)","Label","Min","Max","Must Support?","Is Modifier?","Is Summary?","Type(s)","Short","Definition","Comments","Requirements","Default Value","Meaning When Missing","Fixed Value","Pattern","Example","Minimum Value","Maximum Value","Maximum Length","Binding Strength","Binding Description","Binding Value Set","Code","Slicing Discriminator","Slicing Description","Slicing Ordered","Slicing Rules","Base Path","Base Min","Base Max","Condition(s)","Constraint(s)","Mapping: RIM Mapping"
"EHDSRelatedPerson","EHDSRelatedPerson","","","",0,*,"","","","null {[]} {[]}
","Related person model","EHDS refined base model for Patient/subject guardian and other related person information","","","","","","","","","",,,,,"",,,,"Base",0,*,"","","n/a"
"EHDSRelatedPerson.personalIdentifier","EHDSRelatedPerson.personalIdentifier","","","",0,*,"","","","Identifier {[]} {[]}
","An identifier of the related person that is unique within a defined scope (e.g. national ID number). Multiple identifiers could be provided.","An identifier of the related person that is unique within a defined scope (e.g. national ID number). Multiple identifiers could be provided.","","","","","","","","","",,,,,"",,,,"EHDSRelatedPerson.personalIdentifier",0,*,"",""
"EHDSRelatedPerson.name","EHDSRelatedPerson.name","","","",0,*,"","","","http://www.xt-ehr.eu/fhir/models/StructureDefinition/EHDSHumanName {[]} {[]}
","Name associated with the person.","Name associated with the person.","","","","","","","","","",,,,,"",,,,"EHDSRelatedPerson.name",0,*,"",""
"EHDSRelatedPerson.subject","EHDSRelatedPerson.subject","","","",1,1,"","","","http://www.xt-ehr.eu/fhir/models/StructureDefinition/EHDSPatient {[]} {[]}
","The patient in relation to whom the related person is defined.","The patient in relation to whom the related person is defined.","","","","","","","","","",,,,,"",,,,"EHDSRelatedPerson.subject",1,1,"",""
"EHDSRelatedPerson.relationship","EHDSRelatedPerson.relationship","","","",0,1,"","","","CodeableConcept {[]} {[]}
","Relationship between a patient and a contact person for that patient. This includes relatives, guardians, caring persons etc.","Relationship between a patient and a contact person for that patient. This includes relatives, guardians, caring persons etc.","","","","","","","","","",,"preferred","HL7 RoleCode","","",,,,"EHDSRelatedPerson.relationship",0,1,"",""
"EHDSRelatedPerson.address","EHDSRelatedPerson.address","","","",0,*,"","","","http://www.xt-ehr.eu/fhir/models/StructureDefinition/EHDSAddress {[]} {[]}
","Mailing and home or office address","Mailing and home or office address","","","","","","","","","",,,,,"",,,,"EHDSRelatedPerson.address",0,*,"",""
"EHDSRelatedPerson.telecom","EHDSRelatedPerson.telecom","","","",0,*,"","","","http://www.xt-ehr.eu/fhir/models/StructureDefinition/EHDSTelecom {[]} {[]}
","Telecommunication contact information (addresses) of the person.","Telecommunication contact information (addresses) of the person.","","","","","","","","","",,,,,"",,,,"EHDSRelatedPerson.telecom",0,*,"",""
