"Id","Path","Slice Name","Alias(s)","Label","Min","Max","Must Support?","Is Modifier?","Is Summary?","Type(s)","Short","Definition","Comments","Requirements","Default Value","Meaning When Missing","Fixed Value","Pattern","Example","Minimum Value","Maximum Value","Maximum Length","Binding Strength","Binding Description","Binding Value Set","Code","Slicing Discriminator","Slicing Description","Slicing Ordered","Slicing Rules","Base Path","Base Min","Base Max","Condition(s)","Constraint(s)","Mapping: RIM Mapping"
"EHDSDocument","EHDSDocument","","","",0,*,"","","","null {[]} {[]}
","Document model","EHDS refined base model for common document data elements, including the common header. Data relevant to document type and its content for administrative and searching purposes.","","","","","","","","","",,,,,"",,,,"Base",0,*,"","","n/a"
"EHDSDocument.header","EHDSDocument.header","","","",1,1,"","","","Base {[]} {[]}
","Document header","Basic metadata for this information","","","","","","","","","",,,,,"",,,,"EHDSDataSet.header",1,1,"",""
"EHDSDocument.header.subject","EHDSDocument.header.subject","","","",1,1,"","","","http://www.xt-ehr.eu/fhir/models/StructureDefinition/EHDSPatient {[]} {[]}
","Patient/subject information","Patient/subject information","","","","","","","","","",,,,,"",,,,"EHDSDataSet.header.subject",1,1,"",""
"EHDSDocument.header.identifier","EHDSDocument.header.identifier","","","",1,*,"","","","Identifier {[]} {[]}
","Unique identifier of the document","Business identifier for the object, unique within its system. Supporting disambiguation between different contexts (systems/countries).","","","","","","","","","",,,,,"",,,,"EHDSDataSet.header.identifier",0,*,"",""
"EHDSDocument.header.author[x]","EHDSDocument.header.author[x]","","","",1,*,"","","","http://www.xt-ehr.eu/fhir/models/StructureDefinition/EHDSHealthProfessional {[]} {[]}
http://www.xt-ehr.eu/fhir/models/StructureDefinition/EHDSOrganisation {[]} {[]}http://www.xt-ehr.eu/fhir/models/StructureDefinition/EHDSDevice {[]} {[]}","Author(s) of the document","Author(s) responsible for the provided information. The exact role of the responsible author varies across use cases and is specific to individual models.","","","","","","","","","",,,,,"",,,,"EHDSDataSet.header.author[x]",0,*,"",""
"EHDSDocument.header.date","EHDSDocument.header.date","","","",1,1,"","","","dateTime {[]} {[]}
","Date of finalising/issuing the document","Date and optionally time of authoring/issuing","","","","","","","","","",,,,,"",,,,"EHDSDataSet.header.date",0,1,"",""
"EHDSDocument.header.status","EHDSDocument.header.status","","","",1,1,"","","","CodeableConcept {[]} {[]}
","Status of the document","Status of the resource or document","","","","","","","","","",,,,,"",,,,"EHDSDataSet.header.status",1,1,"",""
"EHDSDocument.header.source","EHDSDocument.header.source","","","",0,1,"","","","CodeableConcept {[]} {[]}
","Source of information (e.g. patient, patient's proxy). Used in case the patient has authored the information or the author has submitted patient-stated information.","Source of information (e.g. patient, patient's proxy). Used in case the patient has authored the information or the author has submitted patient-stated information.","","","","","","","","","",,,,,"",,,,"EHDSDataSet.header.source",0,1,"",""
"EHDSDocument.header.language","EHDSDocument.header.language","","","",0,1,"","","","CodeableConcept {[]} {[]}
","Language in which the resource is written. Language is expressed by the IETF language tag.","Language in which the resource is written. Language is expressed by the IETF language tag.","","","","","","","","","",,"preferred","BCP 47","","",,,,"EHDSDataSet.header.language",0,1,"",""
"EHDSDocument.header.documentType","EHDSDocument.header.documentType","","","",1,1,"","","","CodeableConcept {[]} {[]}
","Type of document at hand, e.g. 60591-5 Patient summary document.","Type of document at hand, e.g. 60591-5 Patient summary document.","","","","","","","","","",,"preferred","LOINC","","",,,,"EHDSDocument.header.documentType",1,1,"",""
"EHDSDocument.header.documentTitle","EHDSDocument.header.documentTitle","","","",1,1,"","","","string {[]} {[]}
","Human readable document title that can be displayed in search results, etc. This can be documentType's display name, or it can be assembled from multiple elements. Examples: 'Laboratory Result Report', 'Patient Summary of Jane Green 10.12.2024'","Human readable document title that can be displayed in search results, etc. This can be documentType's display name, or it can be assembled from multiple elements. Examples: 'Laboratory Result Report', 'Patient Summary of Jane Green 10.12.2024'","","","","","","","","","",,,,,"",,,,"EHDSDocument.header.documentTitle",1,1,"",""
"EHDSDocument.header.period","EHDSDocument.header.period","","","",0,1,"","","","Period {[]} {[]}
","Time of service that is being documented","Time of service that is being documented","","","","","","","","","",,,,,"",,,,"EHDSDocument.header.period",0,1,"",""
"EHDSDocument.header.version","EHDSDocument.header.version","","","",0,1,"","","","string {[]} {[]}
","Business version of the document. The exact algorithm for versioning is decided by the producer/custodian.","Business version of the document. The exact algorithm for versioning is decided by the producer/custodian.","","","","","","","","","",,,,,"",,,,"EHDSDocument.header.version",0,1,"",""
"EHDSDocument.header.attestation","EHDSDocument.header.attestation","","","",0,*,"","","","Base {[]} {[]}
","Document attestation details","Document attestation details","","","","","","","","","",,,,,"",,,,"EHDSDocument.header.attestation",0,*,"",""
"EHDSDocument.header.attestation.attester[x]","EHDSDocument.header.attestation.attester[x]","","","",1,1,"","","","http://www.xt-ehr.eu/fhir/models/StructureDefinition/EHDSHealthProfessional {[]} {[]}
http://www.xt-ehr.eu/fhir/models/StructureDefinition/EHDSDevice {[]} {[]}","Attester who validated the document. Multiple attesters could be provided.","Attester who validated the document. Multiple attesters could be provided.","","","","","","","","","",,,,,"",,,,"EHDSDocument.header.attestation.attester[x]",1,1,"",""
"EHDSDocument.header.attestation.datetime","EHDSDocument.header.attestation.datetime","","","",1,1,"","","","dateTime {[]} {[]}
","Date and time of the approval of the document by Attester.","Date and time of the approval of the document by Attester.","","","","","","","","","",,,,,"",,,,"EHDSDocument.header.attestation.datetime",1,1,"",""
"EHDSDocument.header.legalAuthentication","EHDSDocument.header.legalAuthentication","","","",0,*,"","","","Base {[]} {[]}
","Document legal authentication details","Document legal authentication details","","","","","","","","","",,,,,"",,,,"EHDSDocument.header.legalAuthentication",0,*,"",""
"EHDSDocument.header.legalAuthentication.legalAuthenticator[x]","EHDSDocument.header.legalAuthentication.legalAuthenticator[x]","","","",1,1,"","","","http://www.xt-ehr.eu/fhir/models/StructureDefinition/EHDSHealthProfessional {[]} {[]}
http://www.xt-ehr.eu/fhir/models/StructureDefinition/EHDSOrganisation {[]} {[]}","The person or organisation taking responsibility for the medical content of the document (typically the person who signs it)","The person or organisation taking responsibility for the medical content of the document (typically the person who signs it)","","","","","","","","","",,,,,"",,,,"EHDSDocument.header.legalAuthentication.legalAuthenticator[x]",1,1,"",""
"EHDSDocument.header.legalAuthentication.datetime","EHDSDocument.header.legalAuthentication.datetime","","","",1,1,"","","","dateTime {[]} {[]}
","Date and time when the document was authorised.","Date and time when the document was authorised.","","","","","","","","","",,,,,"",,,,"EHDSDocument.header.legalAuthentication.datetime",1,1,"",""
"EHDSDocument.header.eventType","EHDSDocument.header.eventType","","","",0,*,"","","","CodeableConcept {[]} {[]}
","Categorisation of the event covered by the document (e.g. laboratory study types, imaging study types including modality, etc.). Selection of such tags or labels depends on the use case and agreement between data sharing parties. This meta-data element serves primarily for searching and filtering purposes.","Categorisation of the event covered by the document (e.g. laboratory study types, imaging study types including modality, etc.). Selection of such tags or labels depends on the use case and agreement between data sharing parties. This meta-data element serves primarily for searching and filtering purposes.","","","","","","","","","",,"preferred","LOINC, SNOMED CT, dicom-cid-33-Modality","","",,,,"EHDSDocument.header.eventType",0,*,"",""
"EHDSDocument.header.serviceSpecialty","EHDSDocument.header.serviceSpecialty","","","",0,*,"","","","CodeableConcept {[]} {[]}
","Additional details about where the content was created (e.g. clinical specialty)","Additional details about where the content was created (e.g. clinical specialty)","","","","","","","","","",,"preferred","SNOMED CT","","",,,,"EHDSDocument.header.serviceSpecialty",0,*,"",""
"EHDSDocument.header.custodian","EHDSDocument.header.custodian","","","",0,1,"","","","http://www.xt-ehr.eu/fhir/models/StructureDefinition/EHDSOrganisation {[]} {[]}
","Organisation that is in charge of maintaining the document/report.","Organisation that is in charge of maintaining the document/report.","","","","","","","","","",,,,,"",,,,"EHDSDocument.header.custodian",0,1,"",""
"EHDSDocument.presentedForm","EHDSDocument.presentedForm","","","",0,*,"","","","http://www.xt-ehr.eu/fhir/models/StructureDefinition/EHDSAttachment {[]} {[]}
","A narrative easy-to-read representation of the full data set, e.g. PDF-version of a document","A narrative easy-to-read representation of the full data set, e.g. PDF-version of a document","","","","","","","","","",,,,,"",,,,"EHDSDocument.presentedForm",0,*,"",""
