"Id","Path","Slice Name","Alias(s)","Label","Min","Max","Must Support?","Is Modifier?","Is Summary?","Type(s)","Short","Definition","Comments","Requirements","Default Value","Meaning When Missing","Fixed Value","Pattern","Example","Minimum Value","Maximum Value","Maximum Length","Binding Strength","Binding Description","Binding Value Set","Code","Slicing Discriminator","Slicing Description","Slicing Ordered","Slicing Rules","Base Path","Base Min","Base Max","Condition(s)","Constraint(s)","Mapping: RIM Mapping"
"EHDSMedicationAdministration","EHDSMedicationAdministration","","","",0,*,"","","","null {[]} {[]}
","Medication administration model","EHDS refined base model for a single medication administration","","","","","","","","","",,,,,"",,,,"Base",0,*,"","","n/a"
"EHDSMedicationAdministration.header","EHDSMedicationAdministration.header","","","",1,1,"","","","Base {[]} {[]}
","Common header for all patient-related data","Common header for all patient-related data","","","","","","","","","",,,,,"",,,,"EHDSDataSet.header",1,1,"",""
"EHDSMedicationAdministration.header.subject","EHDSMedicationAdministration.header.subject","","","",1,1,"","","","http://www.xt-ehr.eu/fhir/models/StructureDefinition/EHDSPatient {[]} {[]}
","Patient/subject information","Patient/subject information","","","","","","","","","",,,,,"",,,,"EHDSDataSet.header.subject",1,1,"",""
"EHDSMedicationAdministration.header.identifier","EHDSMedicationAdministration.header.identifier","","","",0,*,"","","","Identifier {[]} {[]}
","Business identifier for the object, unique within its system. Supporting disambiguation between different contexts (systems/countries).","Business identifier for the object, unique within its system. Supporting disambiguation between different contexts (systems/countries).","","","","","","","","","",,,,,"",,,,"EHDSDataSet.header.identifier",0,*,"",""
"EHDSMedicationAdministration.header.authorship","EHDSMedicationAdministration.header.authorship","","","",0,*,"","","","Base {[]} {[]}
","Resource authoring details. Multiple authors can be provided.","Resource authoring details. Multiple authors can be provided.","","","","","","","","","",,,,,"",,,,"EHDSDataSet.header.authorship",0,*,"",""
"EHDSMedicationAdministration.header.authorship.author[x]","EHDSMedicationAdministration.header.authorship.author[x]","","","",1,1,"","","","http://www.xt-ehr.eu/fhir/models/StructureDefinition/EHDSHealthProfessional {[]} {[]}
http://www.xt-ehr.eu/fhir/models/StructureDefinition/EHDSOrganisation {[]} {[]}http://www.xt-ehr.eu/fhir/models/StructureDefinition/EHDSDevice {[]} {[]}","Author responsible for the provided information. The exact role of the responsible author varies across use cases and is often specified in individual models.","Author responsible for the provided information. The exact role of the responsible author varies across use cases and is often specified in individual models.","","","","","","","","","",,,,,"",,,,"EHDSDataSet.header.authorship.author[x]",1,1,"",""
"EHDSMedicationAdministration.header.authorship.datetime","EHDSMedicationAdministration.header.authorship.datetime","","","",1,1,"","","","dateTime {[]} {[]}
","Date and time of authoring/issuing","Date and time of authoring/issuing","","","","","","","","","",,,,,"",,,,"EHDSDataSet.header.authorship.datetime",1,1,"",""
"EHDSMedicationAdministration.header.status","EHDSMedicationAdministration.header.status","","","",1,1,"","","","CodeableConcept {[]} {[]}
","Status of the administration (e.g. completed, not-done, on-hold, in-progress, unknown)","Status of the resource or document","","","","","","","","","",,"preferred","HL7 MedicationAdimnistrationStatusCodes","","",,,,"EHDSDataSet.header.status",1,1,"",""
"EHDSMedicationAdministration.header.language","EHDSMedicationAdministration.header.language","","","",0,1,"","","","CodeableConcept {[]} {[]}
","Language in which the resource is written. Language is expressed by the IETF language tag.","Language in which the resource is written. Language is expressed by the IETF language tag.","","","","","","","","","",,"preferred","BCP 47","","",,,,"EHDSDataSet.header.language",0,1,"",""
"EHDSMedicationAdministration.medication","EHDSMedicationAdministration.medication","","","",1,1,"","","","http://www.xt-ehr.eu/fhir/models/StructureDefinition/EHDSMedication {[]} {[]}
","Administered medication","Administered medication","","","","","","","","","",,,,,"",,,,"EHDSMedicationAdministration.medication",1,1,"",""
"EHDSMedicationAdministration.occurrence[x]","EHDSMedicationAdministration.occurrence[x]","","","",1,1,"","","","dateTime {[]} {[]}
Period {[]} {[]}","Specific date/time or interval of time during which the administration took place (or did not take place)","Specific date/time or interval of time during which the administration took place (or did not take place)","","","","","","","","","",,,,,"",,,,"EHDSMedicationAdministration.occurrence[x]",1,1,"",""
"EHDSMedicationAdministration.reason[x]","EHDSMedicationAdministration.reason[x]","","","",0,*,"","","","CodeableConcept {[]} {[]}
http://www.xt-ehr.eu/fhir/models/StructureDefinition/EHDSCondition {[]} {[]}http://www.xt-ehr.eu/fhir/models/StructureDefinition/EHDSObservation {[]} {[]}","Condition or observation that supports why the medication was administered","Condition or observation that supports why the medication was administered","","","","","","","","","",,,,,"",,,,"EHDSMedicationAdministration.reason[x]",0,*,"",""
"EHDSMedicationAdministration.note","EHDSMedicationAdministration.note","","","",0,1,"","","","string {[]} {[]}
","Textual information about the administration","Textual information about the administration","","","","","","","","","",,,,,"",,,,"EHDSMedicationAdministration.note",0,1,"",""
"EHDSMedicationAdministration.dosage","EHDSMedicationAdministration.dosage","","","",0,1,"","","","http://www.xt-ehr.eu/fhir/models/StructureDefinition/EHDSDosaging {[]} {[]}
","Details of how medication was taken","Details of how medication was taken","","","","","","","","","",,,,,"",,,,"EHDSMedicationAdministration.dosage",0,1,"",""
"EHDSMedicationAdministration.dosage.renderedDosageInstruction","EHDSMedicationAdministration.dosage.renderedDosageInstruction","","","",0,1,"","","","string {[]} {[]}
","Full dosaging information as human-readable text covering all dosaging steps. Generating the text follows local rules and should include all locally implemented dosaging data even when such elements are not present in this model.","Full dosaging information as human-readable text covering all dosaging steps. Generating the text follows local rules and should include all locally implemented dosaging data even when such elements are not present in this model.","","","","","","","","","",,,,,"",,,,"EHDSDosaging.renderedDosageInstruction",0,1,"",""
"EHDSMedicationAdministration.dosage.dosageDetails","EHDSMedicationAdministration.dosage.dosageDetails","","","",0,*,"","","","Base {[]} {[]}
","Details of single dosaging scheme step","Details of single dosaging scheme step","","","","","","","","","",,,,,"",,,,"EHDSDosaging.dosageDetails",0,*,"",""
"EHDSMedicationAdministration.dosage.dosageDetails.sequence","EHDSMedicationAdministration.dosage.dosageDetails.sequence","","","",0,1,"","","","integer {[]} {[]}
","Order of the dosage instruction, in case one treatment consists of several dosaging steps. When two schemes share the same sequence number, they are meant to be running in parallel.","Order of the dosage instruction, in case one treatment consists of several dosaging steps. When two schemes share the same sequence number, they are meant to be running in parallel.","","","","","","","","","",,,,,"",,,,"EHDSDosaging.dosageDetails.sequence",0,1,"",""
"EHDSMedicationAdministration.dosage.dosageDetails.note","EHDSMedicationAdministration.dosage.dosageDetails.note","","","",0,1,"","","","string {[]} {[]}
","Patient oriented instructions as free text for this dosaging step","Patient oriented instructions as free text for this dosaging step","","","","","","","","","",,,,,"",,,,"EHDSDosaging.dosageDetails.note",0,1,"",""
"EHDSMedicationAdministration.dosage.dosageDetails.doseAndRate","EHDSMedicationAdministration.dosage.dosageDetails.doseAndRate","","","",0,*,"","","","Base {[]} {[]}
","Amount of medication administered per one dose (= one timing)","Amount of medication administered per one dose (= one timing)","","","","","","","","","",,,,,"",,,,"EHDSDosaging.dosageDetails.doseAndRate",0,*,"",""
"EHDSMedicationAdministration.dosage.dosageDetails.doseAndRate.dose[x]","EHDSMedicationAdministration.dosage.dosageDetails.doseAndRate.dose[x]","","","",0,1,"","","","Quantity {[]} {[]}
Range {[]} {[]}","Amount of medication per one dose. (1 tablet, 2-3 tablets, 20ml)","Amount of medication per one dose. (1 tablet, 2-3 tablets, 20ml)","","","","","","","","","",,"preferred","UCUM (units of measurement), EDQM Standard Terms (units of presentation)","","",,,,"EHDSDosaging.dosageDetails.doseAndRate.dose[x]",0,1,"",""
"EHDSMedicationAdministration.dosage.dosageDetails.doseAndRate.rate[x]","EHDSMedicationAdministration.dosage.dosageDetails.doseAndRate.rate[x]","","","",0,1,"","","","Quantity {[]} {[]}
Ratio {[]} {[]}","Amount of medication per time period (e.g. 100mg per 1 hour). When rate is provided per 1 time unit, Quantity data type can be used with a suitable unit (e.g. mg/h, ug/min).","Amount of medication per time period (e.g. 100mg per 1 hour). When rate is provided per 1 time unit, Quantity data type can be used with a suitable unit (e.g. mg/h, ug/min).","","","","","","","","","",,"preferred","UCUM (units of measurement), EDQM Standard Terms (units of presentation)","","",,,,"EHDSDosaging.dosageDetails.doseAndRate.rate[x]",0,1,"",""
"EHDSMedicationAdministration.dosage.dosageDetails.repeat","EHDSMedicationAdministration.dosage.dosageDetails.repeat","","","",0,1,"","","","Base {[]} {[]}
","Repetition of the administration.","Repetition of the administration.","","","","","","","","","",,,,,"",,,,"EHDSDosaging.dosageDetails.repeat",0,1,"",""
"EHDSMedicationAdministration.dosage.dosageDetails.repeat.bounds","EHDSMedicationAdministration.dosage.dosageDetails.repeat.bounds","","","",0,1,"","","","Base {[]} {[]}
","Time bounds for the treatment (current dosaging scheme). Only one of the following can exist.","Time bounds for the treatment (current dosaging scheme). Only one of the following can exist.","","","","","","","","","",,,,,"",,,,"EHDSDosaging.dosageDetails.repeat.bounds",0,1,"",""
"EHDSMedicationAdministration.dosage.dosageDetails.repeat.bounds.duration","EHDSMedicationAdministration.dosage.dosageDetails.repeat.bounds.duration","","","",0,1,"","","","Quantity {[]} {[]}
","Number of time units, e.g 10 days","Number of time units, e.g 10 days","","","","","","","","","",,"preferred","UCUM","","",,,,"EHDSDosaging.dosageDetails.repeat.bounds.duration",0,1,"",""
"EHDSMedicationAdministration.dosage.dosageDetails.repeat.bounds.period","EHDSMedicationAdministration.dosage.dosageDetails.repeat.bounds.period","","","",0,1,"","","","Period {[]} {[]}
","Start and end date, 05.08.2023 - 10.08.2023","Start and end date, 05.08.2023 - 10.08.2023","","","","","","","","","",,,,,"",,,,"EHDSDosaging.dosageDetails.repeat.bounds.period",0,1,"",""
"EHDSMedicationAdministration.dosage.dosageDetails.repeat.duration","EHDSMedicationAdministration.dosage.dosageDetails.repeat.duration","","","",0,1,"","","","Quantity {[]} {[]}
","Duration of administration (e.g '5 minutes', '1 hour')","Duration of administration (e.g '5 minutes', '1 hour')","","","","","","","","","",,"preferred","UCUM","","",,,,"EHDSDosaging.dosageDetails.repeat.duration",0,1,"",""
"EHDSMedicationAdministration.dosage.dosageDetails.repeat.frequency","EHDSMedicationAdministration.dosage.dosageDetails.repeat.frequency","","","",0,1,"","","","Base {[]} {[]}
","Frequency of intake/administration (e.g 'three times a day')","Frequency of intake/administration (e.g 'three times a day')","","","","","","","","","",,,,,"",,,,"EHDSDosaging.dosageDetails.repeat.frequency",0,1,"",""
"EHDSMedicationAdministration.dosage.dosageDetails.repeat.frequency.numberOfTimes","EHDSMedicationAdministration.dosage.dosageDetails.repeat.frequency.numberOfTimes","","","",0,1,"","","","integer {[]} {[]}
","Number of times per period (e.g '3 times')","Number of times per period (e.g '3 times')","","","","","","","","","",,,,,"",,,,"EHDSDosaging.dosageDetails.repeat.frequency.numberOfTimes",0,1,"",""
"EHDSMedicationAdministration.dosage.dosageDetails.repeat.frequency.period","EHDSMedicationAdministration.dosage.dosageDetails.repeat.frequency.period","","","",0,1,"","","","Quantity {[]} {[]}
","Duration to which the frequency applies (e.g '... / 1 day')","Duration to which the frequency applies (e.g '... / 1 day')","","","","","","","","","",,"preferred","UCUM","","",,,,"EHDSDosaging.dosageDetails.repeat.frequency.period",0,1,"",""
"EHDSMedicationAdministration.dosage.dosageDetails.repeat.dayOfWeek","EHDSMedicationAdministration.dosage.dosageDetails.repeat.dayOfWeek","","","",0,*,"","","","CodeableConcept {[]} {[]}
","The day of the week of administration, e.g Mon, Tue, etc","The day of the week of administration, e.g Mon, Tue, etc","","","","","","","","","",,,,,"",,,,"EHDSDosaging.dosageDetails.repeat.dayOfWeek",0,*,"",""
"EHDSMedicationAdministration.dosage.dosageDetails.repeat.timeOfDay","EHDSMedicationAdministration.dosage.dosageDetails.repeat.timeOfDay","","","",0,*,"","","","time {[]} {[]}
","Exact time of day of administration (e.g '10:00')","Exact time of day of administration (e.g '10:00')","","","","","","","","","",,,,,"",,,,"EHDSDosaging.dosageDetails.repeat.timeOfDay",0,*,"",""
"EHDSMedicationAdministration.dosage.dosageDetails.repeat.eventTime","EHDSMedicationAdministration.dosage.dosageDetails.repeat.eventTime","","","",0,*,"","","","CodeableConcept {[]} {[]}
","Time period or event when the administration should happen ('before meal', 'immediately', 'morning')","Time period or event when the administration should happen ('before meal', 'immediately', 'morning')","","","","","","","","","",,,,,"",,,,"EHDSDosaging.dosageDetails.repeat.eventTime",0,*,"",""
"EHDSMedicationAdministration.dosage.dosageDetails.asNeeded","EHDSMedicationAdministration.dosage.dosageDetails.asNeeded","","","",0,0,"","","","boolean {[]} {[]}
","Take as needed","Take as needed","","","","","","","","","",,,,,"",,,,"EHDSDosaging.dosageDetails.asNeeded",0,1,"",""
"EHDSMedicationAdministration.dosage.dosageDetails.bodySite","EHDSMedicationAdministration.dosage.dosageDetails.bodySite","","","",0,1,"","","","http://www.xt-ehr.eu/fhir/models/StructureDefinition/EHDSBodyStructure {[]} {[]}
","Body site of administration","Body site of administration","","","","","","","","","",,,,,"",,,,"EHDSDosaging.dosageDetails.bodySite",0,1,"",""
"EHDSMedicationAdministration.dosage.dosageDetails.routeOfAdministration","EHDSMedicationAdministration.dosage.dosageDetails.routeOfAdministration","","","",0,1,"","","","CodeableConcept {[]} {[]}
","Route of administration","Route of administration","","","","","","","","","",,"preferred","EDQM Standard Terms","","",,,,"EHDSDosaging.dosageDetails.routeOfAdministration",0,1,"",""
"EHDSMedicationAdministration.dosage.dosageDetails","EHDSMedicationAdministration.dosage.dosageDetails","","","",0,1,"","","","null {[]} {[]}
","","","","","","","","","","","",,,,,"",,,,"EHDSMedicationAdministration.dosage.dosageDetails",0,1,"",""
"EHDSMedicationAdministration.dosage.dosageDetails.sequence","EHDSMedicationAdministration.dosage.dosageDetails.sequence","","","",0,0,"","","","","","","","","","","","","","","",,,,,"",,,,"EHDSMedicationAdministration.dosage.dosageDetails.sequence",0,0,"",""
"EHDSMedicationAdministration.dosage.dosageDetails.repeat","EHDSMedicationAdministration.dosage.dosageDetails.repeat","","","",0,0,"","","","","","","","","","","","","","","",,,,,"",,,,"EHDSMedicationAdministration.dosage.dosageDetails.repeat",0,0,"",""
