{"resourceType":"ImplementationGuide","id":"eu.ehds.models","text":{"status":"generated","div":"<div xmlns=\"http://www.w3.org/1999/xhtml\"><p class=\"res-header-id\"><b>Generated Narrative: ImplementationGuide eu.ehds.models</b></p><a name=\"eu.ehds.models\"> </a><a name=\"hceu.ehds.models\"> </a><a name=\"eu.ehds.models-en-US\"> </a><h2>EHDSModels</h2><p>The official URL for this implementation guide is: </p><pre>https://www.xt-ehr.eu/specifications/fhir/ImplementationGuide/eu.ehds.models</pre><div><p>EHDS Logical Information Models</p>\n</div></div>"},"url":"https://www.xt-ehr.eu/specifications/fhir/ImplementationGuide/eu.ehds.models","version":"0.1.0","name":"EHDSModels","title":"EHDS Logical Information Models","status":"draft","date":"2025-04-03T07:41:12+00:00","publisher":"Xt-EHR","contact":[{"name":"Xt-EHR","telecom":[{"system":"url","value":"http://Xt-EHR.eu"}]}],"description":"EHDS Logical Information Models","packageId":"eu.ehds.models","license":"CC0-1.0","fhirVersion":["5.0.0"],"dependsOn":[{"id":"hl7tx","extension":[{"url":"http://hl7.org/fhir/tools/StructureDefinition/implementationguide-dependency-comment","valueMarkdown":"Automatically added as a dependency - all IGs depend on HL7 Terminology"}],"uri":"http://terminology.hl7.org/ImplementationGuide/hl7.terminology","packageId":"hl7.terminology.r5","version":"6.2.0"},{"id":"hl7ext","extension":[{"url":"http://hl7.org/fhir/tools/StructureDefinition/implementationguide-dependency-comment","valueMarkdown":"Automatically added as a dependency - all IGs depend on the HL7 Extension Pack"}],"uri":"http://hl7.org/fhir/extensions/ImplementationGuide/hl7.fhir.uv.extensions","packageId":"hl7.fhir.uv.extensions.r5","version":"5.2.0"}],"definition":{"extension":[{"url":"http://hl7.org/fhir/tools/StructureDefinition/ig-internal-dependency","valueCode":"hl7.fhir.uv.tools.r5#0.4.1"}],"grouping":[{"id":"EHDSCommonLogicalModels","name":"EHDS Common Logical Models","description":"Information Models for implementing EEHRxF services under EHDS. Format based on ISO 13972 \"Health informatics — Clinical information models — Characteristics, structures and requirements.\""},{"id":"EHDSPrescriptionDispenseLogicalModels","name":"EHDS ePrescription and eDispense Logical Models","description":"Information Models for implementing EEHRxF services for medication prescription and dispense services."},{"id":"EHDSLaboratoryLogicalModels","name":"EHDS Laboratory Domain Logical Models","description":"Information Models for implementing EEHRxF services in the laboratory domain under EHDS. Format based on ISO 13972 \"Health informatics — Clinical information models — Characteristics, structures and requirements.\""},{"id":"EHDSImagingLogicalModels","name":"EHDS Imaging Domain Logical Models","description":"Information Models for implementing EEHRxF services in the imaging domain under EHDS. Format based on ISO 13972 \"Health informatics — Clinical information models — Characteristics, structures and requirements.\""},{"id":"EHDSHdrLogicalModels","name":"EHDS Hospital Discharge Report Domain Logical Models","description":"Information Models for implementing EEHRxF Hospital discharge report under EHDS. Format based on ISO 13972 \"Health informatics — Clinical information models — Characteristics, structures and requirements.\""},{"id":"EHDSPsLogicalModels","name":"EHDS Patient Summary Domain Logical Models","description":"Information Models for implementing EEHRxF Patient summary under EHDS. Format based on ISO 13972 \"Health informatics — Clinical information models — Characteristics, structures and requirements.\""},{"id":"-str-logicalmodel","name":"Structures: Logical Models","description":"These define data models that represent the domain covered by this implementation guide in more business-friendly terms than the underlying FHIR resources."},{"id":"-str-datatype","name":"Structures: Data Type Profiles","description":"These define constraints on FHIR data types for systems conforming to this implementation guide."}],"resource":[{"extension":[{"url":"http://hl7.org/fhir/tools/StructureDefinition/resource-sort","valueInteger":999999999},{"url":"http://hl7.org/fhir/StructureDefinition/implementationguide-page","valueUri":"StructureDefinition-EHDSAddress.html"}],"reference":{"reference":"StructureDefinition/EHDSAddress"},"name":"Address model","description":"C.5 - EHDS refined base model for Address structure","isExample":false,"groupingId":"EHDSCommonLogicalModels"},{"extension":[{"url":"http://hl7.org/fhir/tools/StructureDefinition/resource-sort","valueInteger":999999999},{"url":"http://hl7.org/fhir/StructureDefinition/implementationguide-page","valueUri":"StructureDefinition-EHDSAlertFlag.html"}],"reference":{"reference":"StructureDefinition/EHDSAlertFlag"},"name":"Alert flag model","description":"C.22 - EHDS refined base model for Alert flag","isExample":false,"groupingId":"EHDSCommonLogicalModels"},{"extension":[{"url":"http://hl7.org/fhir/tools/StructureDefinition/resource-sort","valueInteger":999999999},{"url":"http://hl7.org/fhir/StructureDefinition/implementationguide-page","valueUri":"StructureDefinition-EHDSAllergyIntolerance.html"}],"reference":{"reference":"StructureDefinition/EHDSAllergyIntolerance"},"name":"Allergy intolerance model","description":"C.21 - EHDS refined base model for Allergy Intolerance","isExample":false,"groupingId":"EHDSCommonLogicalModels"},{"extension":[{"url":"http://hl7.org/fhir/tools/StructureDefinition/resource-sort","valueInteger":999999999},{"url":"http://hl7.org/fhir/StructureDefinition/implementationguide-page","valueUri":"StructureDefinition-EHDSAppointment.html"}],"reference":{"reference":"StructureDefinition/EHDSAppointment"},"name":"Appointment model","description":"C.20 - EHDS refined base model for Appointment","isExample":false,"groupingId":"EHDSCommonLogicalModels"},{"extension":[{"url":"http://hl7.org/fhir/tools/StructureDefinition/resource-sort","valueInteger":999999999},{"url":"http://hl7.org/fhir/StructureDefinition/implementationguide-page","valueUri":"StructureDefinition-EHDSAttachment.html"}],"reference":{"reference":"StructureDefinition/EHDSAttachment"},"name":"Attachment model","description":"C.7 - EHDS refined base model for This type is for containing or referencing attachments - additional data content defined in other formats. The most common use of this type is to include images or reports in some report format such as PDF. However, it can be used for any data that has a MIME type.","isExample":false,"groupingId":"EHDSCommonLogicalModels"},{"extension":[{"url":"http://hl7.org/fhir/tools/StructureDefinition/resource-sort","valueInteger":999999999},{"url":"http://hl7.org/fhir/StructureDefinition/implementationguide-page","valueUri":"StructureDefinition-EHDSAttachments.html"}],"reference":{"reference":"StructureDefinition/EHDSAttachments"},"name":"Attachments","description":"D.1 - EHDS refined base model for Document attachments","isExample":false,"groupingId":"EHDSCommonLogicalModels"},{"extension":[{"url":"http://hl7.org/fhir/tools/StructureDefinition/resource-sort","valueInteger":999999999},{"url":"http://hl7.org/fhir/StructureDefinition/implementationguide-page","valueUri":"StructureDefinition-EHDSCarePlan.html"}],"reference":{"reference":"StructureDefinition/EHDSCarePlan"},"name":"Care plan model","description":"C.19 - EHDS refined base model for Care plan","isExample":false,"groupingId":"EHDSCommonLogicalModels"},{"extension":[{"url":"http://hl7.org/fhir/tools/StructureDefinition/resource-sort","valueInteger":999999999},{"url":"http://hl7.org/fhir/StructureDefinition/implementationguide-page","valueUri":"StructureDefinition-EHDSCondition.html"}],"reference":{"reference":"StructureDefinition/EHDSCondition"},"name":"Condition model","description":"C.15 - EHDS refined base model for A clinical condition, problem, diagnosis, or other event, situation, issue, or clinical concept that has risen to a level of concern.","isExample":false,"groupingId":"EHDSCommonLogicalModels"},{"extension":[{"url":"http://hl7.org/fhir/tools/StructureDefinition/resource-sort","valueInteger":999999999},{"url":"http://hl7.org/fhir/StructureDefinition/implementationguide-page","valueUri":"StructureDefinition-EHDSCoverage.html"}],"reference":{"reference":"StructureDefinition/EHDSCoverage"},"name":"Coverage model","description":"C.31 - EHDS refined base model for Coverage","isExample":false,"groupingId":"EHDSCommonLogicalModels"},{"extension":[{"url":"http://hl7.org/fhir/tools/StructureDefinition/resource-sort","valueInteger":999999999},{"url":"http://hl7.org/fhir/StructureDefinition/implementationguide-page","valueUri":"StructureDefinition-EHDSDevice.html"}],"reference":{"reference":"StructureDefinition/EHDSDevice"},"name":"Device model","description":"C.12 - EHDS refined base model for Device information","isExample":false,"groupingId":"EHDSCommonLogicalModels"},{"extension":[{"url":"http://hl7.org/fhir/tools/StructureDefinition/resource-sort","valueInteger":999999999},{"url":"http://hl7.org/fhir/StructureDefinition/implementationguide-page","valueUri":"StructureDefinition-EHDSDeviceUse.html"}],"reference":{"reference":"StructureDefinition/EHDSDeviceUse"},"name":"Device use model","description":"C.25 - EHDS refined base model for Device Use","isExample":false,"groupingId":"EHDSCommonLogicalModels"},{"extension":[{"url":"http://hl7.org/fhir/tools/StructureDefinition/resource-sort","valueInteger":999999999},{"url":"http://hl7.org/fhir/StructureDefinition/implementationguide-page","valueUri":"StructureDefinition-EHDSEncounter.html"}],"reference":{"reference":"StructureDefinition/EHDSEncounter"},"name":"Encounter model","description":"C.30 - EHDS refined base model for Encounter","isExample":false,"groupingId":"EHDSCommonLogicalModels"},{"extension":[{"url":"http://hl7.org/fhir/tools/StructureDefinition/resource-sort","valueInteger":999999999},{"url":"http://hl7.org/fhir/StructureDefinition/implementationguide-page","valueUri":"StructureDefinition-EHDSEndpoint.html"}],"reference":{"reference":"StructureDefinition/EHDSEndpoint"},"name":"Endpoint model","description":"C.33 - EHDS refined base model for Endpoint","isExample":false,"groupingId":"EHDSCommonLogicalModels"},{"extension":[{"url":"http://hl7.org/fhir/tools/StructureDefinition/resource-sort","valueInteger":999999999},{"url":"http://hl7.org/fhir/StructureDefinition/implementationguide-page","valueUri":"StructureDefinition-EHDSEpisodeOfCare.html"}],"reference":{"reference":"StructureDefinition/EHDSEpisodeOfCare"},"name":"Episode of care model","description":"C.29 - EHDS refined base model for Episode of care","isExample":false,"groupingId":"EHDSCommonLogicalModels"},{"extension":[{"url":"http://hl7.org/fhir/tools/StructureDefinition/resource-sort","valueInteger":999999999},{"url":"http://hl7.org/fhir/StructureDefinition/implementationguide-page","valueUri":"StructureDefinition-EHDSFunctionalStatus.html"}],"reference":{"reference":"StructureDefinition/EHDSFunctionalStatus"},"name":"Functional status","description":"C.25 - EHDS refined base model for Functional status","isExample":false,"groupingId":"EHDSCommonLogicalModels"},{"extension":[{"url":"http://hl7.org/fhir/tools/StructureDefinition/resource-sort","valueInteger":999999999},{"url":"http://hl7.org/fhir/StructureDefinition/implementationguide-page","valueUri":"StructureDefinition-EHDSGoal.html"}],"reference":{"reference":"StructureDefinition/EHDSGoal"},"name":"Goal model","description":"C.XX - EHDS refined base model for Goal","isExample":false,"groupingId":"EHDSCommonLogicalModels"},{"extension":[{"url":"http://hl7.org/fhir/tools/StructureDefinition/resource-sort","valueInteger":999999999},{"url":"http://hl7.org/fhir/StructureDefinition/implementationguide-page","valueUri":"StructureDefinition-EHDSGroup.html"}],"reference":{"reference":"StructureDefinition/EHDSGroup"},"name":"Group model","description":"C. - EHDS refined base model for Group","isExample":false,"groupingId":"EHDSCommonLogicalModels"},{"extension":[{"url":"http://hl7.org/fhir/tools/StructureDefinition/resource-sort","valueInteger":999999999},{"url":"http://hl7.org/fhir/StructureDefinition/implementationguide-page","valueUri":"StructureDefinition-EHDSHealthProfessional.html"}],"reference":{"reference":"StructureDefinition/EHDSHealthProfessional"},"name":"Health professional model","description":"C.2 - EHDS refined base model for Health professional (HP)","isExample":false,"groupingId":"EHDSCommonLogicalModels"},{"extension":[{"url":"http://hl7.org/fhir/tools/StructureDefinition/resource-sort","valueInteger":999999999},{"url":"http://hl7.org/fhir/StructureDefinition/implementationguide-page","valueUri":"StructureDefinition-EHDSHumanName.html"}],"reference":{"reference":"StructureDefinition/EHDSHumanName"},"name":"Human name model","description":"C.27 - EHDS refined base model for Human name","isExample":false,"groupingId":"EHDSCommonLogicalModels"},{"extension":[{"url":"http://hl7.org/fhir/tools/StructureDefinition/resource-sort","valueInteger":999999999},{"url":"http://hl7.org/fhir/StructureDefinition/implementationguide-page","valueUri":"StructureDefinition-EHDSImmunization.html"}],"reference":{"reference":"StructureDefinition/EHDSImmunization"},"name":"Immunization model","description":"C.24 - EHDS refined base model for Immunization","isExample":false,"groupingId":"EHDSCommonLogicalModels"},{"extension":[{"url":"http://hl7.org/fhir/tools/StructureDefinition/resource-sort","valueInteger":999999999},{"url":"http://hl7.org/fhir/StructureDefinition/implementationguide-page","valueUri":"StructureDefinition-EHDSLocation.html"}],"reference":{"reference":"StructureDefinition/EHDSLocation"},"name":"Location model","description":"C.17 - EHDS refined base model for Details and position information for a place where services are provided and resources and participants may be stored, found, contained, or accommodated.","isExample":false,"groupingId":"EHDSCommonLogicalModels"},{"extension":[{"url":"http://hl7.org/fhir/tools/StructureDefinition/resource-sort","valueInteger":999999999},{"url":"http://hl7.org/fhir/StructureDefinition/implementationguide-page","valueUri":"StructureDefinition-EHDSMedia.html"}],"reference":{"reference":"StructureDefinition/EHDSMedia"},"name":"Media model","description":"C.14 - EHDS refined base model for A photo, video, or audio recording acquired or used in healthcare.","isExample":false,"groupingId":"EHDSCommonLogicalModels"},{"extension":[{"url":"http://hl7.org/fhir/tools/StructureDefinition/resource-sort","valueInteger":999999999},{"url":"http://hl7.org/fhir/StructureDefinition/implementationguide-page","valueUri":"StructureDefinition-EHDSMedicationAdministration.html"}],"reference":{"reference":"StructureDefinition/EHDSMedicationAdministration"},"name":"Medication administration model","description":"C.18 - EHDS refined base model for Medication administration","isExample":false,"groupingId":"EHDSCommonLogicalModels"},{"extension":[{"url":"http://hl7.org/fhir/tools/StructureDefinition/resource-sort","valueInteger":999999999},{"url":"http://hl7.org/fhir/StructureDefinition/implementationguide-page","valueUri":"StructureDefinition-EHDSMedication.html"}],"reference":{"reference":"StructureDefinition/EHDSMedication"},"name":"Medicinal product model","description":"Logical model for prescribed/dispensed medication. The model is shared by statements, requests, dispensations, and treatment lines. Each of those may have different restrictions in FHIR profile.","isExample":false,"groupingId":"EHDSCommonLogicalModels"},{"extension":[{"url":"http://hl7.org/fhir/tools/StructureDefinition/resource-sort","valueInteger":999999999},{"url":"http://hl7.org/fhir/StructureDefinition/implementationguide-page","valueUri":"StructureDefinition-EHDSObservation.html"}],"reference":{"reference":"StructureDefinition/EHDSObservation"},"name":"Observation model","description":"C.10 - EHDS refined base model for Observation information","isExample":false,"groupingId":"EHDSCommonLogicalModels"},{"extension":[{"url":"http://hl7.org/fhir/tools/StructureDefinition/resource-sort","valueInteger":999999999},{"url":"http://hl7.org/fhir/StructureDefinition/implementationguide-page","valueUri":"StructureDefinition-EHDSOrganization.html"}],"reference":{"reference":"StructureDefinition/EHDSOrganization"},"name":"Organization model","description":"C.3 - EHDS refined base model for Health provider or any other type of organization","isExample":false,"groupingId":"EHDSCommonLogicalModels"},{"extension":[{"url":"http://hl7.org/fhir/tools/StructureDefinition/resource-sort","valueInteger":999999999},{"url":"http://hl7.org/fhir/StructureDefinition/implementationguide-page","valueUri":"StructureDefinition-EHDSPatient.html"}],"reference":{"reference":"StructureDefinition/EHDSPatient"},"name":"Patient model","description":"C.1 - EHDS refined base model for Patient/subject information","isExample":false,"groupingId":"EHDSCommonLogicalModels"},{"extension":[{"url":"http://hl7.org/fhir/tools/StructureDefinition/resource-sort","valueInteger":999999999},{"url":"http://hl7.org/fhir/StructureDefinition/implementationguide-page","valueUri":"StructureDefinition-EHDSProcedure.html"}],"reference":{"reference":"StructureDefinition/EHDSProcedure"},"name":"Procedure model","description":"C.16 - EHDS refined base model for An action that is or was performed on or for a patient","isExample":false,"groupingId":"EHDSCommonLogicalModels"},{"extension":[{"url":"http://hl7.org/fhir/tools/StructureDefinition/resource-sort","valueInteger":999999999},{"url":"http://hl7.org/fhir/StructureDefinition/implementationguide-page","valueUri":"StructureDefinition-EHDSRelatedPerson.html"}],"reference":{"reference":"StructureDefinition/EHDSRelatedPerson"},"name":"Related person model","description":"C.13 - EHDS refined base model for Patient/subject guardian and other related person information","isExample":false,"groupingId":"EHDSCommonLogicalModels"},{"extension":[{"url":"http://hl7.org/fhir/tools/StructureDefinition/resource-sort","valueInteger":999999999},{"url":"http://hl7.org/fhir/StructureDefinition/implementationguide-page","valueUri":"StructureDefinition-EHDSReportHeader.html"}],"reference":{"reference":"StructureDefinition/EHDSReportHeader"},"name":"Report header model","description":"EHDS refined base model for Report header data elements. Common for hospital discharge, laboratory and medical imaging reports.","isExample":false,"groupingId":"EHDSCommonLogicalModels"},{"extension":[{"url":"http://hl7.org/fhir/tools/StructureDefinition/resource-sort","valueInteger":999999999},{"url":"http://hl7.org/fhir/StructureDefinition/implementationguide-page","valueUri":"StructureDefinition-EHDSServiceRequest.html"}],"reference":{"reference":"StructureDefinition/EHDSServiceRequest"},"name":"Service request model","description":"C.8 - EHDS refined base model for Specification of requested service or services","isExample":false,"groupingId":"EHDSCommonLogicalModels"},{"extension":[{"url":"http://hl7.org/fhir/tools/StructureDefinition/resource-sort","valueInteger":999999999},{"url":"http://hl7.org/fhir/StructureDefinition/implementationguide-page","valueUri":"StructureDefinition-EHDSSlot.html"}],"reference":{"reference":"StructureDefinition/EHDSSlot"},"name":"Slot model","description":"C.XX - EHDS refined base model for Slot","isExample":false,"groupingId":"EHDSCommonLogicalModels"},{"extension":[{"url":"http://hl7.org/fhir/tools/StructureDefinition/resource-sort","valueInteger":999999999},{"url":"http://hl7.org/fhir/StructureDefinition/implementationguide-page","valueUri":"StructureDefinition-EHDSSpecimen.html"}],"reference":{"reference":"StructureDefinition/EHDSSpecimen"},"name":"Specimen model","description":"C.9 - EHDS refined base model for A sample to be used for Analysis","isExample":false,"groupingId":"EHDSCommonLogicalModels"},{"extension":[{"url":"http://hl7.org/fhir/tools/StructureDefinition/resource-sort","valueInteger":999999999},{"url":"http://hl7.org/fhir/StructureDefinition/implementationguide-page","valueUri":"StructureDefinition-EHDSSubstance.html"}],"reference":{"reference":"StructureDefinition/EHDSSubstance"},"name":"Substance model","description":"C.28 - EHDS refined base model for Substance","isExample":false,"groupingId":"EHDSCommonLogicalModels"},{"extension":[{"url":"http://hl7.org/fhir/tools/StructureDefinition/resource-sort","valueInteger":999999999},{"url":"http://hl7.org/fhir/StructureDefinition/implementationguide-page","valueUri":"StructureDefinition-EHDSTask.html"}],"reference":{"reference":"StructureDefinition/EHDSTask"},"name":"Task model","description":"C.20 - EHDS refined base model for Task","isExample":false,"groupingId":"EHDSCommonLogicalModels"},{"extension":[{"url":"http://hl7.org/fhir/tools/StructureDefinition/resource-sort","valueInteger":999999999},{"url":"http://hl7.org/fhir/StructureDefinition/implementationguide-page","valueUri":"StructureDefinition-EHDSTelecom.html"}],"reference":{"reference":"StructureDefinition/EHDSTelecom"},"name":"Telecom model","description":"C.6 - EHDS refined base model for Telecommunication contact information structure","isExample":false,"groupingId":"EHDSCommonLogicalModels"},{"extension":[{"url":"http://hl7.org/fhir/tools/StructureDefinition/resource-sort","valueInteger":999999999},{"url":"http://hl7.org/fhir/StructureDefinition/implementationguide-page","valueUri":"StructureDefinition-EHDSDispenseDecline.html"}],"reference":{"reference":"StructureDefinition/EHDSDispenseDecline"},"name":"Dispense decline","description":"Explicit statement about declining the dispense request (prescription), usually recorded in order to communicate the issue back to the prescriber. Reasons for declining a dispense may vary, but typically this statement is only sent when a following action is expected on the prescriber’s side (cancelling or changing the problematic prescription or the whole treatment).","isExample":false,"groupingId":"EHDSPrescriptionDispenseLogicalModels"},{"extension":[{"url":"http://hl7.org/fhir/tools/StructureDefinition/resource-sort","valueInteger":999999999},{"url":"http://hl7.org/fhir/StructureDefinition/implementationguide-page","valueUri":"StructureDefinition-EHDSDosaging.html"}],"reference":{"reference":"StructureDefinition/EHDSDosaging"},"name":"Dosaging model","description":"Logical model for usage instructions for administring the requested product. Based on FHIR Dosage complex data type. When implemented, this model may be reduced significantly according to the specific use case.","isExample":false,"groupingId":"EHDSPrescriptionDispenseLogicalModels"},{"extension":[{"url":"http://hl7.org/fhir/tools/StructureDefinition/resource-sort","valueInteger":999999999},{"url":"http://hl7.org/fhir/StructureDefinition/implementationguide-page","valueUri":"StructureDefinition-EHDSMedicationDispense.html"}],"reference":{"reference":"StructureDefinition/EHDSMedicationDispense"},"name":"Medication dispensation model","description":"Logical model for medication dispensation (based on request or independently)","isExample":false,"groupingId":"EHDSPrescriptionDispenseLogicalModels"},{"extension":[{"url":"http://hl7.org/fhir/tools/StructureDefinition/resource-sort","valueInteger":999999999},{"url":"http://hl7.org/fhir/StructureDefinition/implementationguide-page","valueUri":"StructureDefinition-EHDSMedicationPrescription.html"}],"reference":{"reference":"StructureDefinition/EHDSMedicationPrescription"},"name":"Medication prescription model","description":"Logical model for medication prescription body. A prescription contains one or more prescription items.","isExample":false,"groupingId":"EHDSPrescriptionDispenseLogicalModels"},{"extension":[{"url":"http://hl7.org/fhir/tools/StructureDefinition/resource-sort","valueInteger":999999999},{"url":"http://hl7.org/fhir/StructureDefinition/implementationguide-page","valueUri":"StructureDefinition-EHDSLaboratoryObservation.html"}],"reference":{"reference":"StructureDefinition/EHDSLaboratoryObservation"},"name":"Laboratory observation model","description":"C.11 - EHDS refined base model for Observation performed by laboratory","isExample":false,"groupingId":"EHDSLaboratoryLogicalModels"},{"extension":[{"url":"http://hl7.org/fhir/tools/StructureDefinition/resource-sort","valueInteger":999999999},{"url":"http://hl7.org/fhir/StructureDefinition/implementationguide-page","valueUri":"StructureDefinition-EHDSLaboratoryOrder.html"}],"reference":{"reference":"StructureDefinition/EHDSLaboratoryOrder"},"name":"Laboratory order","description":"A - EHDS refined base model for Laboratory order","isExample":false,"groupingId":"EHDSLaboratoryLogicalModels"},{"extension":[{"url":"http://hl7.org/fhir/tools/StructureDefinition/resource-sort","valueInteger":999999999},{"url":"http://hl7.org/fhir/StructureDefinition/implementationguide-page","valueUri":"StructureDefinition-EHDSLaboratoryOrderBody.html"}],"reference":{"reference":"StructureDefinition/EHDSLaboratoryOrderBody"},"name":"Laboratory order body model","description":"B.1 - EHDS refined base model for Laboratory order body","isExample":false,"groupingId":"EHDSLaboratoryLogicalModels"},{"extension":[{"url":"http://hl7.org/fhir/tools/StructureDefinition/resource-sort","valueInteger":999999999},{"url":"http://hl7.org/fhir/StructureDefinition/implementationguide-page","valueUri":"StructureDefinition-EHDSLaboratoryOrderHeader.html"}],"reference":{"reference":"StructureDefinition/EHDSLaboratoryOrderHeader"},"name":"Laboratory order header model","description":"A.1 - EHDS refined base model for Laboratory order header data elements","isExample":false,"groupingId":"EHDSLaboratoryLogicalModels"},{"extension":[{"url":"http://hl7.org/fhir/tools/StructureDefinition/resource-sort","valueInteger":999999999},{"url":"http://hl7.org/fhir/StructureDefinition/implementationguide-page","valueUri":"StructureDefinition-EHDSLaboratoryReportBody.html"}],"reference":{"reference":"StructureDefinition/EHDSLaboratoryReportBody"},"name":"Laboratory report body model","description":"B.1 - EEHRxF refined base model for Laboratory result report body","isExample":false,"groupingId":"EHDSLaboratoryLogicalModels"},{"extension":[{"url":"http://hl7.org/fhir/tools/StructureDefinition/resource-sort","valueInteger":999999999},{"url":"http://hl7.org/fhir/StructureDefinition/implementationguide-page","valueUri":"StructureDefinition-EHDSLaboratoryReportHeader.html"}],"reference":{"reference":"StructureDefinition/EHDSLaboratoryReportHeader"},"name":"Laboratory report header model","description":"A.1 - EHDS refined base model for laboratory report header data elements","isExample":false,"groupingId":"EHDSLaboratoryLogicalModels"},{"extension":[{"url":"http://hl7.org/fhir/tools/StructureDefinition/resource-sort","valueInteger":999999999},{"url":"http://hl7.org/fhir/StructureDefinition/implementationguide-page","valueUri":"StructureDefinition-EHDSLaboratoryReport.html"}],"reference":{"reference":"StructureDefinition/EHDSLaboratoryReport"},"name":"Laboratory report model","description":"A - EHDS refined base model for Laboratory result report","isExample":false,"groupingId":"EHDSLaboratoryLogicalModels"},{"extension":[{"url":"http://hl7.org/fhir/tools/StructureDefinition/resource-sort","valueInteger":999999999},{"url":"http://hl7.org/fhir/StructureDefinition/implementationguide-page","valueUri":"StructureDefinition-EHDSImagingReportBody.html"}],"reference":{"reference":"StructureDefinition/EHDSImagingReportBody"},"name":"Imaging report body model","description":"B.1 - EHDS refined base model for Imaging report body","isExample":false,"groupingId":"EHDSImagingLogicalModels"},{"extension":[{"url":"http://hl7.org/fhir/tools/StructureDefinition/resource-sort","valueInteger":999999999},{"url":"http://hl7.org/fhir/StructureDefinition/implementationguide-page","valueUri":"StructureDefinition-EHDSImagingReportHeader.html"}],"reference":{"reference":"StructureDefinition/EHDSImagingReportHeader"},"name":"Imaging report header model","description":"A.1 - EHDS refined base model for Imaging Report header data elements","isExample":false,"groupingId":"EHDSImagingLogicalModels"},{"extension":[{"url":"http://hl7.org/fhir/tools/StructureDefinition/resource-sort","valueInteger":999999999},{"url":"http://hl7.org/fhir/StructureDefinition/implementationguide-page","valueUri":"StructureDefinition-EHDSImagingReport.html"}],"reference":{"reference":"StructureDefinition/EHDSImagingReport"},"name":"Imaging report model","description":"A - EHDS refined base model for Imaging Result Report","isExample":false,"groupingId":"EHDSImagingLogicalModels"},{"extension":[{"url":"http://hl7.org/fhir/tools/StructureDefinition/resource-sort","valueInteger":999999999},{"url":"http://hl7.org/fhir/StructureDefinition/implementationguide-page","valueUri":"StructureDefinition-EHDSImagingStudy.html"}],"reference":{"reference":"StructureDefinition/EHDSImagingStudy"},"name":"Imaging study model","description":"C.32 - EHDS refined base model for Imaging study","isExample":false,"groupingId":"EHDSImagingLogicalModels"},{"extension":[{"url":"http://hl7.org/fhir/tools/StructureDefinition/resource-sort","valueInteger":999999999},{"url":"http://hl7.org/fhir/StructureDefinition/implementationguide-page","valueUri":"StructureDefinition-EHDSHospitalDischargeReportBody.html"}],"reference":{"reference":"StructureDefinition/EHDSHospitalDischargeReportBody"},"name":"Hospital Discharge Report body model","description":"B.1 - EHDS refined base model for Hospital Discharge Report body","isExample":false,"groupingId":"EHDSHdrLogicalModels"},{"extension":[{"url":"http://hl7.org/fhir/tools/StructureDefinition/resource-sort","valueInteger":999999999},{"url":"http://hl7.org/fhir/StructureDefinition/implementationguide-page","valueUri":"StructureDefinition-EHDSHospitalDischargeReportHeader.html"}],"reference":{"reference":"StructureDefinition/EHDSHospitalDischargeReportHeader"},"name":"Hospital Discharge Report header model","description":"A.1 - EHDS refined base model for Hospital Discharge Report header data elements","isExample":false,"groupingId":"EHDSHdrLogicalModels"},{"extension":[{"url":"http://hl7.org/fhir/tools/StructureDefinition/resource-sort","valueInteger":999999999},{"url":"http://hl7.org/fhir/StructureDefinition/implementationguide-page","valueUri":"StructureDefinition-EHDSHospitalDischargeReport.html"}],"reference":{"reference":"StructureDefinition/EHDSHospitalDischargeReport"},"name":"Hospital Discharge Report model","description":"A - EHDS refined base model for Hospital Discharge Report","isExample":false,"groupingId":"EHDSHdrLogicalModels"},{"extension":[{"url":"http://hl7.org/fhir/tools/StructureDefinition/resource-sort","valueInteger":999999999},{"url":"http://hl7.org/fhir/StructureDefinition/implementationguide-page","valueUri":"StructureDefinition-EHDSInpatientEncounter.html"}],"reference":{"reference":"StructureDefinition/EHDSInpatientEncounter"},"name":"Inpatient encounter model","description":"C.23 - EHDS refined base model for Inpatient encounter","isExample":false,"groupingId":"EHDSHdrLogicalModels"},{"extension":[{"url":"http://hl7.org/fhir/tools/StructureDefinition/resource-sort","valueInteger":999999999},{"url":"http://hl7.org/fhir/StructureDefinition/implementationguide-page","valueUri":"StructureDefinition-EHDSPatientSummaryBody.html"}],"reference":{"reference":"StructureDefinition/EHDSPatientSummaryBody"},"name":"Patient summary body model","description":"B.1 - EHDS refined base model for Patient Summary body data elements","isExample":false,"groupingId":"EHDSPsLogicalModels"},{"extension":[{"url":"http://hl7.org/fhir/tools/StructureDefinition/resource-sort","valueInteger":999999999},{"url":"http://hl7.org/fhir/StructureDefinition/implementationguide-page","valueUri":"StructureDefinition-EHDSPatientSummaryHeader.html"}],"reference":{"reference":"StructureDefinition/EHDSPatientSummaryHeader"},"name":"Patient summary header model","description":"A.1 - EHDS refined base model for Patient Summary header data elements","isExample":false,"groupingId":"EHDSPsLogicalModels"},{"extension":[{"url":"http://hl7.org/fhir/tools/StructureDefinition/resource-sort","valueInteger":999999999},{"url":"http://hl7.org/fhir/StructureDefinition/implementationguide-page","valueUri":"StructureDefinition-EHDSPatientSummary.html"}],"reference":{"reference":"StructureDefinition/EHDSPatientSummary"},"name":"Patient summary model","description":"A - EHDS refined base model for Patient Summary Report","isExample":false,"groupingId":"EHDSPsLogicalModels"},{"extension":[{"url":"http://hl7.org/fhir/tools/StructureDefinition/resource-sort","valueInteger":999999999},{"url":"http://hl7.org/fhir/StructureDefinition/implementationguide-page","valueUri":"StructureDefinition-EHDSClinicalImpression.html"}],"reference":{"reference":"StructureDefinition/EHDSClinicalImpression"},"name":"Clinical impression model","description":"C.34 - EHDS refined base model for Clinical impression","isExample":false,"groupingId":"-str-logicalmodel"},{"extension":[{"url":"http://hl7.org/fhir/tools/StructureDefinition/resource-sort","valueInteger":999999999},{"url":"http://hl7.org/fhir/StructureDefinition/implementationguide-page","valueUri":"StructureDefinition-EHDSDocumentHeader.html"}],"reference":{"reference":"StructureDefinition/EHDSDocumentHeader"},"name":"Document header model","description":"EHDS refined base model for document header data elements, including the common header for all resources. Data relevant to document type and its content for administrative and searching purposes.","isExample":false,"groupingId":"-str-logicalmodel"},{"extension":[{"url":"http://hl7.org/fhir/tools/StructureDefinition/resource-sort","valueInteger":999999999},{"url":"http://hl7.org/fhir/StructureDefinition/implementationguide-page","valueUri":"StructureDefinition-EHDSDocument.html"}],"reference":{"reference":"StructureDefinition/EHDSDocument"},"name":"Document model","description":"EHDS refined base model for document header data elements, including the common header for all resources. Data relevant to document type and its content for administrative and searching purposes.","isExample":false,"groupingId":"-str-logicalmodel"},{"extension":[{"url":"http://hl7.org/fhir/tools/StructureDefinition/resource-sort","valueInteger":999999999},{"url":"http://hl7.org/fhir/StructureDefinition/implementationguide-page","valueUri":"StructureDefinition-EHDSCommonHeader.html"}],"reference":{"reference":"StructureDefinition/EHDSCommonHeader"},"name":"Resource header model","description":"Common header elements for all documents and their independently functioning parts, e.g FHIR resources.","isExample":false,"groupingId":"-str-logicalmodel"},{"extension":[{"url":"http://hl7.org/fhir/tools/StructureDefinition/resource-sort","valueInteger":999999999},{"url":"http://hl7.org/fhir/StructureDefinition/implementationguide-page","valueUri":"StructureDefinition-EHDSDataSet.html"}],"reference":{"reference":"StructureDefinition/EHDSDataSet"},"name":"Resource header model","description":"Common header elements for all documents and their independently functioning parts, e.g FHIR resources.","isExample":false,"groupingId":"-str-logicalmodel"},{"extension":[{"url":"http://hl7.org/fhir/tools/StructureDefinition/resource-sort","valueInteger":999999999},{"url":"http://hl7.org/fhir/StructureDefinition/implementationguide-page","valueUri":"StructureDefinition-ANY.html"}],"reference":{"reference":"StructureDefinition/ANY"},"name":"ANY","description":"An abstract type","isExample":false,"groupingId":"-str-datatype"},{"extension":[{"url":"http://hl7.org/fhir/tools/StructureDefinition/resource-sort","valueInteger":999999999},{"url":"http://hl7.org/fhir/StructureDefinition/implementationguide-page","valueUri":"StructureDefinition-Coded.html"}],"reference":{"reference":"StructureDefinition/Coded"},"name":"Coded","description":"Coded data element","isExample":false,"groupingId":"-str-datatype"}],"page":{"sourceUrl":"toc.html","name":"toc.html","title":"Table of Contents","generation":"html","page":[{"sourceUrl":"index.html","name":"index.html","title":"Home","generation":"markdown"},{"sourceUrl":"howto.html","name":"howto.html","title":"How to read this guide","generation":"markdown"},{"sourceUrl":"knownIssues.html","name":"knownIssues.html","title":"Known issues","generation":"markdown"},{"sourceUrl":"scope.html","name":"scope.html","title":"Scope and Content","generation":"markdown"},{"sourceUrl":"wow.html","name":"wow.html","title":"Ways of working","generation":"markdown"},{"sourceUrl":"useCasePrescription.html","name":"useCasePrescription.html","title":"ePrescription & eDispensation","generation":"markdown"},{"sourceUrl":"useCasePatientSummary.html","name":"useCasePatientSummary.html","title":"Patient Summary","generation":"markdown"},{"sourceUrl":"useCaseLabReport.html","name":"useCaseLabReport.html","title":"Laboratory Report","generation":"markdown"},{"sourceUrl":"useCaseLabOrder.html","name":"useCaseLabOrder.html","title":"Laboratory Order","generation":"markdown"},{"sourceUrl":"useCaseMedicalImages.html","name":"useCaseMedicalImages.html","title":"Medical Images","generation":"markdown"},{"sourceUrl":"useCaseHospitalDischargeReport.html","name":"useCaseHospitalDischargeReport.html","title":"Hospital Discharge Report","generation":"markdown"},{"sourceUrl":"downloads.html","name":"downloads.html","title":"Download","generation":"markdown"},{"sourceUrl":"artifacts.html","name":"artifacts.html","title":"Artifacts Summary","generation":"html","page":[{"sourceUrl":"StructureDefinition-EHDSAddress.html","name":"StructureDefinition-EHDSAddress.html","title":"Address model","generation":"generated"},{"sourceUrl":"StructureDefinition-EHDSAlertFlag.html","name":"StructureDefinition-EHDSAlertFlag.html","title":"Alert flag model","generation":"generated"},{"sourceUrl":"StructureDefinition-EHDSAllergyIntolerance.html","name":"StructureDefinition-EHDSAllergyIntolerance.html","title":"Allergy intolerance model","generation":"generated"},{"sourceUrl":"StructureDefinition-EHDSAppointment.html","name":"StructureDefinition-EHDSAppointment.html","title":"Appointment model","generation":"generated"},{"sourceUrl":"StructureDefinition-EHDSAttachment.html","name":"StructureDefinition-EHDSAttachment.html","title":"Attachment model","generation":"generated"},{"sourceUrl":"StructureDefinition-EHDSAttachments.html","name":"StructureDefinition-EHDSAttachments.html","title":"Attachments","generation":"generated"},{"sourceUrl":"StructureDefinition-EHDSCarePlan.html","name":"StructureDefinition-EHDSCarePlan.html","title":"Care plan model","generation":"generated"},{"sourceUrl":"StructureDefinition-EHDSCondition.html","name":"StructureDefinition-EHDSCondition.html","title":"Condition model","generation":"generated"},{"sourceUrl":"StructureDefinition-EHDSCoverage.html","name":"StructureDefinition-EHDSCoverage.html","title":"Coverage model","generation":"generated"},{"sourceUrl":"StructureDefinition-EHDSDevice.html","name":"StructureDefinition-EHDSDevice.html","title":"Device model","generation":"generated"},{"sourceUrl":"StructureDefinition-EHDSDeviceUse.html","name":"StructureDefinition-EHDSDeviceUse.html","title":"Device use model","generation":"generated"},{"sourceUrl":"StructureDefinition-EHDSEncounter.html","name":"StructureDefinition-EHDSEncounter.html","title":"Encounter model","generation":"generated"},{"sourceUrl":"StructureDefinition-EHDSEndpoint.html","name":"StructureDefinition-EHDSEndpoint.html","title":"Endpoint model","generation":"generated"},{"sourceUrl":"StructureDefinition-EHDSEpisodeOfCare.html","name":"StructureDefinition-EHDSEpisodeOfCare.html","title":"Episode of care model","generation":"generated"},{"sourceUrl":"StructureDefinition-EHDSFunctionalStatus.html","name":"StructureDefinition-EHDSFunctionalStatus.html","title":"Functional status","generation":"generated"},{"sourceUrl":"StructureDefinition-EHDSGoal.html","name":"StructureDefinition-EHDSGoal.html","title":"Goal model","generation":"generated"},{"sourceUrl":"StructureDefinition-EHDSGroup.html","name":"StructureDefinition-EHDSGroup.html","title":"Group model","generation":"generated"},{"sourceUrl":"StructureDefinition-EHDSHealthProfessional.html","name":"StructureDefinition-EHDSHealthProfessional.html","title":"Health professional model","generation":"generated"},{"sourceUrl":"StructureDefinition-EHDSHumanName.html","name":"StructureDefinition-EHDSHumanName.html","title":"Human name model","generation":"generated"},{"sourceUrl":"StructureDefinition-EHDSImmunization.html","name":"StructureDefinition-EHDSImmunization.html","title":"Immunization model","generation":"generated"},{"sourceUrl":"StructureDefinition-EHDSLocation.html","name":"StructureDefinition-EHDSLocation.html","title":"Location model","generation":"generated"},{"sourceUrl":"StructureDefinition-EHDSMedia.html","name":"StructureDefinition-EHDSMedia.html","title":"Media model","generation":"generated"},{"sourceUrl":"StructureDefinition-EHDSMedicationAdministration.html","name":"StructureDefinition-EHDSMedicationAdministration.html","title":"Medication administration model","generation":"generated"},{"sourceUrl":"StructureDefinition-EHDSMedication.html","name":"StructureDefinition-EHDSMedication.html","title":"Medicinal product model","generation":"generated"},{"sourceUrl":"StructureDefinition-EHDSObservation.html","name":"StructureDefinition-EHDSObservation.html","title":"Observation model","generation":"generated"},{"sourceUrl":"StructureDefinition-EHDSOrganization.html","name":"StructureDefinition-EHDSOrganization.html","title":"Organization model","generation":"generated"},{"sourceUrl":"StructureDefinition-EHDSPatient.html","name":"StructureDefinition-EHDSPatient.html","title":"Patient model","generation":"generated"},{"sourceUrl":"StructureDefinition-EHDSProcedure.html","name":"StructureDefinition-EHDSProcedure.html","title":"Procedure model","generation":"generated"},{"sourceUrl":"StructureDefinition-EHDSRelatedPerson.html","name":"StructureDefinition-EHDSRelatedPerson.html","title":"Related person model","generation":"generated"},{"sourceUrl":"StructureDefinition-EHDSReportHeader.html","name":"StructureDefinition-EHDSReportHeader.html","title":"Report header model","generation":"generated"},{"sourceUrl":"StructureDefinition-EHDSServiceRequest.html","name":"StructureDefinition-EHDSServiceRequest.html","title":"Service request model","generation":"generated"},{"sourceUrl":"StructureDefinition-EHDSSlot.html","name":"StructureDefinition-EHDSSlot.html","title":"Slot model","generation":"generated"},{"sourceUrl":"StructureDefinition-EHDSSpecimen.html","name":"StructureDefinition-EHDSSpecimen.html","title":"Specimen model","generation":"generated"},{"sourceUrl":"StructureDefinition-EHDSSubstance.html","name":"StructureDefinition-EHDSSubstance.html","title":"Substance model","generation":"generated"},{"sourceUrl":"StructureDefinition-EHDSTask.html","name":"StructureDefinition-EHDSTask.html","title":"Task model","generation":"generated"},{"sourceUrl":"StructureDefinition-EHDSTelecom.html","name":"StructureDefinition-EHDSTelecom.html","title":"Telecom model","generation":"generated"},{"sourceUrl":"StructureDefinition-EHDSDispenseDecline.html","name":"StructureDefinition-EHDSDispenseDecline.html","title":"Dispense decline","generation":"generated"},{"sourceUrl":"StructureDefinition-EHDSDosaging.html","name":"StructureDefinition-EHDSDosaging.html","title":"Dosaging model","generation":"generated"},{"sourceUrl":"StructureDefinition-EHDSMedicationDispense.html","name":"StructureDefinition-EHDSMedicationDispense.html","title":"Medication dispensation model","generation":"generated"},{"sourceUrl":"StructureDefinition-EHDSMedicationPrescription.html","name":"StructureDefinition-EHDSMedicationPrescription.html","title":"Medication prescription model","generation":"generated"},{"sourceUrl":"StructureDefinition-EHDSLaboratoryObservation.html","name":"StructureDefinition-EHDSLaboratoryObservation.html","title":"Laboratory observation model","generation":"generated"},{"sourceUrl":"StructureDefinition-EHDSLaboratoryOrder.html","name":"StructureDefinition-EHDSLaboratoryOrder.html","title":"Laboratory order","generation":"generated"},{"sourceUrl":"StructureDefinition-EHDSLaboratoryOrderBody.html","name":"StructureDefinition-EHDSLaboratoryOrderBody.html","title":"Laboratory order body model","generation":"generated"},{"sourceUrl":"StructureDefinition-EHDSLaboratoryOrderHeader.html","name":"StructureDefinition-EHDSLaboratoryOrderHeader.html","title":"Laboratory order header model","generation":"generated"},{"sourceUrl":"StructureDefinition-EHDSLaboratoryReportBody.html","name":"StructureDefinition-EHDSLaboratoryReportBody.html","title":"Laboratory report body model","generation":"generated"},{"sourceUrl":"StructureDefinition-EHDSLaboratoryReportHeader.html","name":"StructureDefinition-EHDSLaboratoryReportHeader.html","title":"Laboratory report header model","generation":"generated"},{"sourceUrl":"StructureDefinition-EHDSLaboratoryReport.html","name":"StructureDefinition-EHDSLaboratoryReport.html","title":"Laboratory report model","generation":"generated"},{"sourceUrl":"StructureDefinition-EHDSImagingReportBody.html","name":"StructureDefinition-EHDSImagingReportBody.html","title":"Imaging report body model","generation":"generated"},{"sourceUrl":"StructureDefinition-EHDSImagingReportHeader.html","name":"StructureDefinition-EHDSImagingReportHeader.html","title":"Imaging report header model","generation":"generated"},{"sourceUrl":"StructureDefinition-EHDSImagingReport.html","name":"StructureDefinition-EHDSImagingReport.html","title":"Imaging report model","generation":"generated"},{"sourceUrl":"StructureDefinition-EHDSImagingStudy.html","name":"StructureDefinition-EHDSImagingStudy.html","title":"Imaging study model","generation":"generated"},{"sourceUrl":"StructureDefinition-EHDSHospitalDischargeReportBody.html","name":"StructureDefinition-EHDSHospitalDischargeReportBody.html","title":"Hospital Discharge Report body model","generation":"generated"},{"sourceUrl":"StructureDefinition-EHDSHospitalDischargeReportHeader.html","name":"StructureDefinition-EHDSHospitalDischargeReportHeader.html","title":"Hospital Discharge Report header model","generation":"generated"},{"sourceUrl":"StructureDefinition-EHDSHospitalDischargeReport.html","name":"StructureDefinition-EHDSHospitalDischargeReport.html","title":"Hospital Discharge Report model","generation":"generated"},{"sourceUrl":"StructureDefinition-EHDSInpatientEncounter.html","name":"StructureDefinition-EHDSInpatientEncounter.html","title":"Inpatient encounter model","generation":"generated"},{"sourceUrl":"StructureDefinition-EHDSPatientSummaryBody.html","name":"StructureDefinition-EHDSPatientSummaryBody.html","title":"Patient summary body model","generation":"generated"},{"sourceUrl":"StructureDefinition-EHDSPatientSummaryHeader.html","name":"StructureDefinition-EHDSPatientSummaryHeader.html","title":"Patient summary header model","generation":"generated"},{"sourceUrl":"StructureDefinition-EHDSPatientSummary.html","name":"StructureDefinition-EHDSPatientSummary.html","title":"Patient summary model","generation":"generated"},{"sourceUrl":"StructureDefinition-EHDSClinicalImpression.html","name":"StructureDefinition-EHDSClinicalImpression.html","title":"Clinical impression model","generation":"generated"},{"sourceUrl":"StructureDefinition-EHDSDocumentHeader.html","name":"StructureDefinition-EHDSDocumentHeader.html","title":"Document header model","generation":"generated"},{"sourceUrl":"StructureDefinition-EHDSDocument.html","name":"StructureDefinition-EHDSDocument.html","title":"Document model","generation":"generated"},{"sourceUrl":"StructureDefinition-EHDSDataSet.html","name":"StructureDefinition-EHDSDataSet.html","title":"Resource header model","generation":"generated"},{"sourceUrl":"StructureDefinition-EHDSCommonHeader.html","name":"StructureDefinition-EHDSCommonHeader.html","title":"Resource header model","generation":"generated"},{"sourceUrl":"StructureDefinition-ANY.html","name":"StructureDefinition-ANY.html","title":"ANY","generation":"generated"},{"sourceUrl":"StructureDefinition-Coded.html","name":"StructureDefinition-Coded.html","title":"Coded","generation":"generated"}]}]},"parameter":[{"code":{"system":"http://hl7.org/fhir/tools/CodeSystem/ig-parameters","code":"copyrightyear"},"value":"2022+"},{"code":{"system":"http://hl7.org/fhir/tools/CodeSystem/ig-parameters","code":"releaselabel"},"value":"ci-build"},{"code":{"system":"http://hl7.org/fhir/tools/CodeSystem/ig-parameters","code":"produce-jekyll-data"},"value":"true"},{"code":{"system":"http://hl7.org/fhir/tools/CodeSystem/ig-parameters","code":"autoload-resources"},"value":"true"},{"code":{"system":"http://hl7.org/fhir/guide-parameter-code","code":"path-resource"},"value":"input/capabilities"},{"code":{"system":"http://hl7.org/fhir/guide-parameter-code","code":"path-resource"},"value":"input/examples"},{"code":{"system":"http://hl7.org/fhir/guide-parameter-code","code":"path-resource"},"value":"input/extensions"},{"code":{"system":"http://hl7.org/fhir/guide-parameter-code","code":"path-resource"},"value":"input/models"},{"code":{"system":"http://hl7.org/fhir/guide-parameter-code","code":"path-resource"},"value":"input/operations"},{"code":{"system":"http://hl7.org/fhir/guide-parameter-code","code":"path-resource"},"value":"input/profiles"},{"code":{"system":"http://hl7.org/fhir/guide-parameter-code","code":"path-resource"},"value":"input/resources"},{"code":{"system":"http://hl7.org/fhir/guide-parameter-code","code":"path-resource"},"value":"input/vocabulary"},{"code":{"system":"http://hl7.org/fhir/guide-parameter-code","code":"path-resource"},"value":"input/maps"},{"code":{"system":"http://hl7.org/fhir/guide-parameter-code","code":"path-resource"},"value":"input/testing"},{"code":{"system":"http://hl7.org/fhir/guide-parameter-code","code":"path-resource"},"value":"input/history"},{"code":{"system":"http://hl7.org/fhir/guide-parameter-code","code":"path-resource"},"value":"fsh-generated/resources"},{"code":{"system":"http://hl7.org/fhir/guide-parameter-code","code":"path-pages"},"value":"template/config"},{"code":{"system":"http://hl7.org/fhir/guide-parameter-code","code":"path-pages"},"value":"input/images"},{"code":{"system":"http://hl7.org/fhir/tools/CodeSystem/ig-parameters","code":"path-liquid"},"value":"template/liquid"},{"code":{"system":"http://hl7.org/fhir/tools/CodeSystem/ig-parameters","code":"path-liquid"},"value":"input/liquid"},{"code":{"system":"http://hl7.org/fhir/tools/CodeSystem/ig-parameters","code":"path-qa"},"value":"temp/qa"},{"code":{"system":"http://hl7.org/fhir/tools/CodeSystem/ig-parameters","code":"path-temp"},"value":"temp/pages"},{"code":{"system":"http://hl7.org/fhir/tools/CodeSystem/ig-parameters","code":"path-output"},"value":"output"},{"code":{"system":"http://hl7.org/fhir/guide-parameter-code","code":"path-tx-cache"},"value":"input-cache/txcache"},{"code":{"system":"http://hl7.org/fhir/tools/CodeSystem/ig-parameters","code":"path-suppressed-warnings"},"value":"input/ignoreWarnings.txt"},{"code":{"system":"http://hl7.org/fhir/tools/CodeSystem/ig-parameters","code":"path-history"},"value":"https://www.xt-ehr.eu/specifications/fhir/history.html"},{"code":{"system":"http://hl7.org/fhir/tools/CodeSystem/ig-parameters","code":"template-html"},"value":"template-page.html"},{"code":{"system":"http://hl7.org/fhir/tools/CodeSystem/ig-parameters","code":"template-md"},"value":"template-page-md.html"},{"code":{"system":"http://hl7.org/fhir/tools/CodeSystem/ig-parameters","code":"apply-contact"},"value":"true"},{"code":{"system":"http://hl7.org/fhir/tools/CodeSystem/ig-parameters","code":"apply-context"},"value":"true"},{"code":{"system":"http://hl7.org/fhir/tools/CodeSystem/ig-parameters","code":"apply-copyright"},"value":"true"},{"code":{"system":"http://hl7.org/fhir/tools/CodeSystem/ig-parameters","code":"apply-jurisdiction"},"value":"true"},{"code":{"system":"http://hl7.org/fhir/tools/CodeSystem/ig-parameters","code":"apply-license"},"value":"true"},{"code":{"system":"http://hl7.org/fhir/tools/CodeSystem/ig-parameters","code":"apply-publisher"},"value":"true"},{"code":{"system":"http://hl7.org/fhir/tools/CodeSystem/ig-parameters","code":"apply-version"},"value":"true"},{"code":{"system":"http://hl7.org/fhir/tools/CodeSystem/ig-parameters","code":"apply-wg"},"value":"true"},{"code":{"system":"http://hl7.org/fhir/tools/CodeSystem/ig-parameters","code":"active-tables"},"value":"true"},{"code":{"system":"http://hl7.org/fhir/tools/CodeSystem/ig-parameters","code":"fmm-definition"},"value":"http://hl7.org/fhir/versions.html#maturity"},{"code":{"system":"http://hl7.org/fhir/tools/CodeSystem/ig-parameters","code":"propagate-status"},"value":"true"},{"code":{"system":"http://hl7.org/fhir/tools/CodeSystem/ig-parameters","code":"excludelogbinaryformat"},"value":"true"},{"code":{"system":"http://hl7.org/fhir/tools/CodeSystem/ig-parameters","code":"tabbed-snapshots"},"value":"true"}]}}