"Id","Path","Slice Name","Alias(s)","Label","Min","Max","Must Support?","Is Modifier?","Is Summary?","Type(s)","Short","Definition","Comments","Requirements","Default Value","Meaning When Missing","Fixed Value","Pattern","Example","Minimum Value","Maximum Value","Maximum Length","Binding Strength","Binding Description","Binding Value Set","Code","Slicing Discriminator","Slicing Description","Slicing Ordered","Slicing Rules","Base Path","Base Min","Base Max","Condition(s)","Constraint(s)","Mapping: RIM Mapping"
"EHDSOrganisation","EHDSOrganisation","","","",0,*,"","","","null {[]} {[]}
","Organisation model","C.3 - EHDS refined base model for Health provider or any other type of organisation","","","","","","","","","",,,,,"",,,,"Base",0,*,"","","n/a"
"EHDSOrganisation.identifier","EHDSOrganisation.identifier","","","",0,*,"","","","Identifier {[]} {[]}
","Business identifier of the organisation","Health provider organisation identifier","","","","","","","","","",,,,,"",,,,"EHDSOrganisation.identifier",0,*,"",""
"EHDSOrganisation.type","EHDSOrganisation.type","","","",0,*,"","","","CodeableConcept {[]} {[]}
","Type of organisation","Kind of organisation","","","","","","","","","",,,,,"",,,,"EHDSOrganisation.type",0,*,"",""
"EHDSOrganisation.name","EHDSOrganisation.name","","","",0,1,"","","","string {[]} {[]}
","Organisation name","Organisation name","","","","","","","","","",,,,,"",,,,"EHDSOrganisation.name",0,1,"",""
"EHDSOrganisation.address","EHDSOrganisation.address","","","",0,*,"","","","https://www.xt-ehr.eu/specifications/fhir/StructureDefinition/EHDSAddress {[]} {[]}
","Address","Mailing and home or office addresses. The addresses are always sequences of address parts (e.g. street address line, country, postcode, city) even if postal address formats may vary depending on the country. An address may or may not include a specific use code; if this attribute is not present it is assumed to be the default address useful for any purpose.","","","","","","","","","",,,,,"",,,,"EHDSOrganisation.address",0,*,"",""
"EHDSOrganisation.contact","EHDSOrganisation.contact","","","",0,*,"","","","https://www.xt-ehr.eu/specifications/fhir/StructureDefinition/EHDSTelecom {[]} {[]}
","Telecom","Telecommunication contact information (addresses) associated with a person, such as phone number, email, or messaging service. Multiple telecommunication addresses might be provided.","","","","","","","","","",,,,,"",,,,"EHDSOrganisation.contact",0,*,"",""
"EHDSOrganisation.partOf","EHDSOrganisation.partOf","","","",0,1,"","","","Reference {[]} {[CanonicalType[https://www.xt-ehr.eu/specifications/fhir/StructureDefinition/EHDSOrganisation]]}
","Part of","The organisation of which this organisation forms a part","","","","","","","","","",,,,,"",,,,"EHDSOrganisation.partOf",0,1,"",""
