"Id","Path","Slice Name","Alias(s)","Label","Min","Max","Must Support?","Is Modifier?","Is Summary?","Type(s)","Short","Definition","Comments","Requirements","Default Value","Meaning When Missing","Fixed Value","Pattern","Example","Minimum Value","Maximum Value","Maximum Length","Binding Strength","Binding Description","Binding Value Set","Code","Slicing Discriminator","Slicing Description","Slicing Ordered","Slicing Rules","Base Path","Base Min","Base Max","Condition(s)","Constraint(s)","Mapping: RIM Mapping"
"EHDSCarePlan","EHDSCarePlan","","","",0,*,"","","","null {[]} {[]}
","Care plan model","EHDS simplified model for care plan. The model includes very minimal information and is not designed to cover the full functionality of care plans.","","","","","","","","","",,,,,"",,,,"Base",0,*,"","","n/a"
"EHDSCarePlan.identifier","EHDSCarePlan.identifier","","","",0,*,"","","","Identifier {[]} {[]}
"," Identifier for the care plan"," Identifier for the care plan","","","","","","","","","",,,,,"",,,,"EHDSCarePlan.identifier",0,*,"",""
"EHDSCarePlan.subject","EHDSCarePlan.subject","","","",1,1,"","","","https://www.xt-ehr.eu/specifications/fhir/StructureDefinition/EHDSPatient {[]} {[]}
","The patient whose intended care is described by the plan.","The patient whose intended care is described by the plan.","","","","","","","","","",,,,,"",,,,"EHDSCarePlan.subject",1,1,"",""
"EHDSCarePlan.status","EHDSCarePlan.status","","","",1,1,"","","","CodeableConcept {[]} {[]}
","Indicates whether the plan is currently being acted upon, represents future intentions or is now a historical record.","Indicates whether the plan is currently being acted upon, represents future intentions or is now a historical record.","","","","","","","","","",,"preferred","HL7 Request status","","",,,,"EHDSCarePlan.status",1,1,"",""
"EHDSCarePlan.title","EHDSCarePlan.title","","","",0,1,"","","","string {[]} {[]}
","Human-friendly name for the care plan","Human-friendly name for the care plan","","","","","","","","","",,,,,"",,,,"EHDSCarePlan.title",0,1,"",""
"EHDSCarePlan.description","EHDSCarePlan.description","","","",0,1,"","","","string {[]} {[]}
","A description of the scope and nature of the plan.","A description of the scope and nature of the plan.","","","","","","","","","",,,,,"",,,,"EHDSCarePlan.description",0,1,"",""
"EHDSCarePlan.period","EHDSCarePlan.period","","","",0,1,"","","","Period {[]} {[]}
","Indicates when the plan did (or is intended to) come into effect and end.","Indicates when the plan did (or is intended to) come into effect and end.","","","","","","","","","",,,,,"",,,,"EHDSCarePlan.period",0,1,"",""
"EHDSCarePlan.addresses","EHDSCarePlan.addresses","","","",0,*,"","","","CodeableConcept {[]} {[]}
","Conditions/problems/concerns/diagnoses/etc. whose management and/or mitigation are handled by this plan.","Conditions/problems/concerns/diagnoses/etc. whose management and/or mitigation are handled by this plan.","","","","","","","","","",,"preferred","ICD-10, SNOMED CT, Orphacode","","",,,,"EHDSCarePlan.addresses",0,*,"",""
"EHDSCarePlan.activity[x]","EHDSCarePlan.activity[x]","","","",0,1,"","","","string {[]} {[]}
Reference {[]} {[]}","The details of the proposed activity represented in a specific resource.","The details of the proposed activity represented in a specific resource.","","","","","","","","","",,,,,"",,,,"EHDSCarePlan.activity[x]",0,1,"",""
