<?xml version="1.0" encoding="UTF-8"?>

<ActorDefinition xmlns="http://hl7.org/fhir">
  <id value="SummaryConsumer"/>
  <text>
    <status value="generated"/><div xmlns="http://www.w3.org/1999/xhtml"><p class="res-header-id"><b>Generated Narrative: ActorDefinition SummaryConsumer</b></p><a name="SummaryConsumer"> </a><a name="hcSummaryConsumer"> </a><table class="grid"><tr><td><b>Actor: SummaryConsumer </b></td><td/><td>Type: system </td></tr><tr><td colspan="3"/></tr></table></div>
  </text>
  <url value="https://www.xt-ehr.eu/specifications/fhir/ActorDefinition/SummaryConsumer"/>
  <version value="0.1.0"/>
  <name value="SummaryConsumer"/>
  <status value="active"/>
  <date value="2025-07-07T11:31:54+00:00"/>
  <publisher value="Xt-EHR"/>
  <contact>
    <name value="Xt-EHR"/>
    <telecom>
      <system value="url"/>
      <value value="http://Xt-EHR.eu"/>
    </telecom>
  </contact>
  <type value="system"/>
</ActorDefinition>