"Id","Path","Slice Name","Alias(s)","Label","Min","Max","Must Support?","Is Modifier?","Is Summary?","Type(s)","Short","Definition","Comments","Requirements","Default Value","Meaning When Missing","Fixed Value","Pattern","Example","Minimum Value","Maximum Value","Maximum Length","Binding Strength","Binding Description","Binding Value Set","Code","Slicing Discriminator","Slicing Description","Slicing Ordered","Slicing Rules","Base Path","Base Min","Base Max","Condition(s)","Constraint(s)","Mapping: RIM Mapping"
"EHDSTelecom","EHDSTelecom","","","",0,*,"","","","null {[]} {[]}
","Telecom model","Model for communication contact information.","","","","","","","","","",,,,,"",,,,"Base",0,*,"","","n/a"
"EHDSTelecom.use","EHDSTelecom.use","","","",0,1,"","","","CodeableConcept {[]} {[]}
","Purpose of the address (eg. home, work)","Purpose of the address (eg. home, work)","","","","","","","","","",,,,,"",,,,"EHDSTelecom.use",0,1,"",""
"EHDSTelecom.type","EHDSTelecom.type","","","",0,1,"","","","CodeableConcept {[]} {[]}
","Type of communication form (eg. phone, fax, email).","Type of communication form (eg. phone, fax, email).","","","","","","","","","",,,,,"",,,,"EHDSTelecom.type",0,1,"",""
"EHDSTelecom.value","EHDSTelecom.value","","","",1,1,"","","","string {[]} {[]}
","The actual contact point details (i.e. phone number or email address).","The actual contact point details (i.e. phone number or email address).","","","","","","","","","",,,,,"",,,,"EHDSTelecom.value",1,1,"",""
