"Id","Path","Slice Name","Alias(s)","Label","Min","Max","Must Support?","Is Modifier?","Is Summary?","Type(s)","Short","Definition","Comments","Requirements","Default Value","Meaning When Missing","Fixed Value","Pattern","Example","Minimum Value","Maximum Value","Maximum Length","Binding Strength","Binding Description","Binding Value Set","Code","Slicing Discriminator","Slicing Description","Slicing Ordered","Slicing Rules","Base Path","Base Min","Base Max","Condition(s)","Constraint(s)","Mapping: RIM Mapping"
"EHDSTelecom","EHDSTelecom","","","",0,*,"","","","null {[]} {[]}
","Telecom (model)","C.5 - EHDS refined base model for Telecommunication contact information structure","","","","","","","","","",,,,,"",,,,"Base",0,*,"","","n/a"
"EHDSTelecom.use","EHDSTelecom.use","","","",0,1,"","","","CodeableConcept {[]} {[]}
","C.5.1 - Use","Purpose of the address","","","","","","","","","",,"preferred","HL7 ContactPointUse","","",,,,"EHDSTelecom.use",0,1,"",""
"EHDSTelecom.type","EHDSTelecom.type","","","",0,1,"","","","CodeableConcept {[]} {[]}
","C.5.2 - Type","Telecommunications form for contact point - what communications system is required to make use of the contact.","","","","","","","","","",,"preferred","HL7 ContactPointSystem","","",,,,"EHDSTelecom.type",0,1,"",""
"EHDSTelecom.value","EHDSTelecom.value","","","",1,1,"","","","string {[]} {[]}
","C.5.3 - Value","The actual contact point details, in a form that is meaningful to the designated communication type (i.e. phone number or email address).","","","","","","","","","",,,,,"",,,,"EHDSTelecom.value",1,1,"",""
